-- MySQL dump 10.13  Distrib 8.0.28, for Win64 (x86_64)
--
-- Host: localhost    Database: assignment8
-- ------------------------------------------------------
-- Server version	8.0.28

/*!40101 SET @OLD_CHARACTER_SET_CLIENT=@@CHARACTER_SET_CLIENT */;
/*!40101 SET @OLD_CHARACTER_SET_RESULTS=@@CHARACTER_SET_RESULTS */;
/*!40101 SET @OLD_COLLATION_CONNECTION=@@COLLATION_CONNECTION */;
/*!50503 SET NAMES utf8 */;
/*!40103 SET @OLD_TIME_ZONE=@@TIME_ZONE */;
/*!40103 SET TIME_ZONE='+00:00' */;
/*!40014 SET @OLD_UNIQUE_CHECKS=@@UNIQUE_CHECKS, UNIQUE_CHECKS=0 */;
/*!40014 SET @OLD_FOREIGN_KEY_CHECKS=@@FOREIGN_KEY_CHECKS, FOREIGN_KEY_CHECKS=0 */;
/*!40101 SET @OLD_SQL_MODE=@@SQL_MODE, SQL_MODE='NO_AUTO_VALUE_ON_ZERO' */;
/*!40111 SET @OLD_SQL_NOTES=@@SQL_NOTES, SQL_NOTES=0 */;

--
-- Table structure for table `authors`
--

DROP TABLE IF EXISTS `authors`;
/*!40101 SET @saved_cs_client     = @@character_set_client */;
/*!50503 SET character_set_client = utf8mb4 */;
CREATE TABLE `authors` (
  `author_ID` int NOT NULL,
  `author_name` varchar(225) NOT NULL,
  PRIMARY KEY (`author_ID`)
) ENGINE=InnoDB DEFAULT CHARSET=utf8mb4 COLLATE=utf8mb4_0900_ai_ci;
/*!40101 SET character_set_client = @saved_cs_client */;

--
-- Dumping data for table `authors`
--

LOCK TABLES `authors` WRITE;
/*!40000 ALTER TABLE `authors` DISABLE KEYS */;
INSERT INTO `authors` VALUES (123,'Ping'),(234,'Sir Arthur Conan Doyle'),(345,'HP & Kennesy'),(428,'Lola'),(897,'Kiman');
/*!40000 ALTER TABLE `authors` ENABLE KEYS */;
UNLOCK TABLES;

--
-- Table structure for table `book_auth`
--

DROP TABLE IF EXISTS `book_auth`;
/*!40101 SET @saved_cs_client     = @@character_set_client */;
/*!50503 SET character_set_client = utf8mb4 */;
CREATE TABLE `book_auth` (
  `book_ID` int NOT NULL,
  `author_ID` int NOT NULL,
  PRIMARY KEY (`book_ID`,`author_ID`),
  KEY `book_auth_auth_ID_idx` (`author_ID`),
  CONSTRAINT `book_auth_auth_ID` FOREIGN KEY (`author_ID`) REFERENCES `authors` (`author_ID`),
  CONSTRAINT `book_auth_book_ID` FOREIGN KEY (`book_ID`) REFERENCES `books` (`book_ID`)
) ENGINE=InnoDB DEFAULT CHARSET=utf8mb4 COLLATE=utf8mb4_0900_ai_ci;
/*!40101 SET character_set_client = @saved_cs_client */;

--
-- Dumping data for table `book_auth`
--

LOCK TABLES `book_auth` WRITE;
/*!40000 ALTER TABLE `book_auth` DISABLE KEYS */;
INSERT INTO `book_auth` VALUES (103743,123),(104132,123),(121543,123),(134948,123),(138681,123),(142571,123),(143462,123),(144209,123),(144785,123),(146967,123),(157624,123),(158021,123),(167041,123),(167179,123),(169121,123),(169126,123),(170872,123),(171079,123),(176449,123),(183240,123),(188416,123),(191767,123),(198362,123),(199544,123),(224292,123),(224522,123),(235695,123),(245341,123),(248390,123),(250212,123),(259719,123),(260084,123),(266730,123),(268910,123),(276917,123),(277218,123),(280476,123),(280585,123),(290215,123),(297525,123),(310843,123),(316958,123),(335552,123),(335714,123),(343164,123),(345451,123),(347432,123),(354201,123),(354465,123),(360327,123),(364174,123),(366784,123),(375623,123),(376194,123),(377398,123),(378149,123),(378207,123),(378233,123),(381176,123),(387344,123),(387469,123),(390320,123),(393272,123),(402742,123),(406086,123),(407609,123),(410107,123),(410890,123),(413564,123),(415967,123),(416254,123),(417580,123),(419906,123),(432838,123),(434349,123),(434724,123),(435028,123),(438838,123),(447544,123),(452411,123),(456990,123),(457358,123),(460489,123),(462009,123),(464034,123),(464588,123),(465659,123),(468073,123),(468188,123),(469309,123),(473267,123),(473360,123),(485889,123),(487909,123),(489408,123),(491398,123),(492934,123),(498250,123),(506275,123),(508154,123),(512194,123),(515304,123),(516089,123),(516194,123),(520739,123),(523725,123),(529867,123),(532551,123),(533898,123),(536624,123),(540680,123),(541188,123),(548241,123),(551824,123),(552316,123),(553689,123),(555543,123),(556828,123),(562659,123),(562735,123),(569363,123),(570587,123),(573619,123),(574331,123),(580056,123),(583327,123),(583521,123),(586074,123),(589331,123),(594246,123),(594327,123),(598749,123),(600101,123),(603411,123),(608143,123),(609063,123),(613879,123),(626139,123),(626717,123),(627066,123),(627824,123),(631271,123),(634336,123),(636609,123),(637961,123),(639411,123),(646913,123),(649160,123),(651924,123),(656526,123),(669292,123),(671324,123),(672572,123),(673022,123),(674615,123),(674621,123),(675083,123),(683498,123),(683717,123),(686440,123),(689292,123),(693669,123),(694736,123),(701293,123),(714342,123),(716361,123),(717136,123),(717271,123),(727683,123),(739560,123),(740193,123),(741553,123),(742382,123),(760164,123),(764385,123),(764396,123),(767351,123),(771603,123),(777003,123),(777340,123),(783740,123),(785808,123),(788219,123),(789627,123),(805021,123),(809868,123),(810356,123),(814807,123),(816851,123),(816865,123),(844736,123),(850458,123),(851528,123),(852760,123),(856174,123),(863678,123),(863787,123),(866287,123),(868029,123),(879267,123),(884177,123),(884243,123),(886176,123),(889334,123),(890615,123),(893514,123),(901776,123),(923051,123),(924473,123),(934819,123),(938077,123),(946569,123),(949148,123),(954629,123),(954650,123),(956723,123),(970417,123),(972071,123),(978583,123),(981198,123),(984764,123),(989191,123),(992775,123),(101076,234),(105496,234),(111305,234),(114149,234),(118234,234),(118268,234),(131926,234),(144632,234),(144985,234),(152136,234),(155815,234),(156861,234),(164700,234),(166250,234),(169160,234),(172992,234),(180417,234),(180477,234),(181949,234),(189839,234),(196542,234),(204523,234),(217276,234),(233285,234),(239406,234),(241451,234),(247218,234),(253066,234),(256307,234),(258557,234),(260873,234),(261753,234),(271705,234),(273192,234),(273615,234),(277889,234),(278422,234),(278587,234),(281406,234),(281896,234),(286195,234),(291552,234),(310168,234),(311060,234),(311731,234),(328514,234),(331379,234),(331679,234),(341527,234),(343392,234),(350138,234),(357263,234),(361961,234),(377058,234),(377138,234),(380440,234),(385366,234),(390466,234),(391076,234),(391197,234),(391731,234),(397343,234),(406569,234),(412237,234),(412530,234),(414698,234),(420518,234),(427229,234),(429880,234),(432420,234),(440206,234),(440592,234),(442107,234),(442653,234),(446036,234),(446437,234),(452887,234),(453030,234),(467412,234),(468048,234),(471133,234),(475490,234),(476717,234),(479308,234),(485792,234),(488525,234),(496673,234),(496752,234),(497306,234),(498332,234),(499548,234),(503469,234),(514352,234),(520639,234),(524346,234),(524436,234),(525489,234),(526883,234),(529209,234),(530452,234),(536878,234),(542610,234),(544948,234),(561469,234),(561660,234),(569411,234),(579279,234),(582344,234),(582494,234),(582860,234),(587745,234),(588537,234),(594212,234),(594641,234),(598598,234),(599020,234),(600669,234),(603383,234),(604821,234),(610103,234),(613472,234),(613978,234),(618279,234),(638309,234),(647126,234),(659851,234),(664676,234),(668721,234),(674267,234),(676635,234),(679170,234),(697399,234),(700805,234),(704891,234),(713280,234),(714571,234),(717540,234),(731188,234),(733125,234),(736014,234),(748553,234),(756060,234),(769535,234),(772164,234),(773627,234),(778809,234),(781346,234),(786938,234),(793598,234),(796438,234),(800063,234),(803425,234),(809149,234),(811524,234),(811771,234),(811880,234),(818051,234),(823339,234),(827161,234),(832251,234),(834492,234),(834793,234),(837326,234),(847383,234),(850116,234),(855321,234),(861990,234),(865571,234),(866722,234),(880800,234),(885243,234),(890219,234),(894695,234),(895566,234),(897433,234),(918062,234),(918586,234),(923417,234),(923428,234),(924935,234),(925234,234),(927775,234),(931741,234),(936861,234),(937659,234),(939798,234),(943417,234),(945009,234),(946840,234),(949751,234),(960170,234),(962061,234),(963060,234),(969407,234),(980991,234),(982633,234),(988008,234),(992663,234),(995317,234),(104513,345),(104541,345),(109547,345),(129589,345),(131713,345),(142661,345),(154835,345),(157917,345),(166985,345),(168825,345),(168828,345),(174063,345),(183396,345),(195138,345),(195847,345),(197967,345),(204091,345),(209870,345),(219509,345),(241746,345),(248875,345),(253202,345),(259117,345),(264256,345),(265936,345),(267741,345),(269181,345),(269485,345),(272508,345),(272736,345),(276149,345),(287811,345),(291701,345),(297589,345),(308995,345),(309957,345),(325995,345),(331501,345),(331592,345),(333201,345),(334001,345),(343027,345),(345386,345),(345814,345),(349361,345),(361415,345),(365883,345),(371189,345),(378852,345),(380713,345),(393986,345),(402747,345),(405618,345),(408615,345),(408906,345),(422684,345),(423138,345),(432599,345),(441945,345),(442473,345),(443935,345),(450697,345),(455919,345),(456259,345),(465809,345),(468832,345),(470100,345),(476621,345),(483417,345),(487742,345),(487950,345),(492756,345),(494768,345),(495727,345),(499921,345),(504691,345),(511247,345),(514169,345),(516448,345),(528050,345),(529233,345),(530035,345),(531051,345),(541561,345),(542457,345),(549223,345),(557088,345),(557686,345),(560883,345),(566130,345),(569289,345),(576386,345),(576501,345),(577197,345),(579346,345),(579699,345),(579728,345),(584163,345),(584778,345),(586249,345),(590073,345),(595965,345),(600806,345),(600956,345),(601058,345),(601942,345),(607513,345),(614301,345),(614761,345),(615170,345),(616873,345),(618104,345),(619692,345),(620647,345),(621334,345),(637184,345),(647896,345),(651714,345),(665355,345),(670181,345),(670245,345),(676998,345),(682836,345),(683418,345),(683812,345),(690486,345),(691072,345),(708633,345),(712966,345),(715527,345),(723627,345),(728043,345),(730080,345),(730783,345),(731445,345),(731605,345),(733728,345),(739328,345),(745651,345),(752195,345),(755448,345),(763435,345),(765671,345),(775779,345),(778089,345),(778639,345),(781780,345),(783932,345),(784121,345),(784228,345),(786610,345),(787644,345),(794359,345),(800635,345),(802006,345),(805118,345),(813549,345),(814883,345),(817469,345),(819968,345),(824932,345),(828622,345),(833932,345),(838457,345),(840426,345),(844943,345),(846578,345),(847179,345),(859468,345),(862184,345),(868511,345),(869347,345),(891943,345),(893859,345),(895073,345),(897502,345),(897759,345),(908600,345),(911036,345),(913449,345),(916248,345),(924186,345),(925280,345),(930439,345),(932683,345),(940549,345),(940800,345),(941812,345),(949085,345),(949131,345),(949200,345),(951354,345),(961239,345),(961847,345),(975840,345),(975849,345),(100951,428),(112423,428),(123556,428),(127035,428),(136109,428),(137632,428),(137856,428),(138960,428),(148067,428),(156627,428),(161407,428),(165333,428),(166137,428),(169886,428),(173203,428),(177993,428),(183022,428),(183817,428),(190330,428),(191650,428),(193019,428),(209315,428),(218322,428),(218695,428),(221112,428),(224208,428),(226436,428),(227531,428),(232441,428),(232688,428),(236840,428),(237687,428),(238184,428),(240066,428),(251175,428),(255923,428),(257272,428),(260967,428),(261212,428),(267072,428),(270271,428),(272266,428),(272754,428),(276167,428),(279151,428),(290334,428),(291589,428),(294242,428),(306747,428),(309521,428),(309669,428),(312378,428),(315053,428),(322177,428),(323649,428),(331147,428),(340104,428),(343382,428),(345792,428),(347671,428),(355126,428),(357760,428),(358664,428),(360511,428),(362196,428),(381536,428),(381948,428),(385005,428),(404768,428),(409989,428),(424415,428),(428610,428),(429059,428),(430094,428),(434288,428),(455311,428),(455951,428),(457521,428),(477581,428),(492329,428),(492600,428),(497647,428),(499093,428),(499398,428),(505896,428),(509369,428),(512668,428),(514110,428),(515722,428),(524025,428),(536314,428),(538345,428),(546079,428),(556560,428),(563644,428),(568111,428),(577058,428),(603406,428),(603768,428),(604807,428),(628459,428),(632610,428),(633223,428),(637192,428),(638155,428),(639626,428),(641513,428),(651679,428),(653600,428),(654227,428),(655880,428),(660039,428),(660079,428),(670194,428),(670634,428),(678837,428),(681319,428),(696702,428),(697200,428),(701838,428),(705480,428),(716330,428),(718468,428),(724827,428),(726728,428),(727181,428),(729280,428),(729390,428),(732552,428),(733367,428),(742304,428),(747659,428),(753088,428),(755676,428),(762501,428),(781073,428),(783359,428),(789124,428),(795281,428),(801797,428),(805649,428),(813595,428),(815036,428),(818751,428),(819091,428),(829017,428),(833232,428),(833674,428),(836819,428),(842251,428),(848774,428),(853928,428),(857222,428),(863969,428),(871111,428),(873089,428),(878288,428),(885757,428),(886459,428),(889304,428),(891414,428),(891803,428),(892196,428),(902251,428),(904600,428),(913341,428),(925565,428),(927098,428),(929187,428),(930817,428),(934542,428),(936301,428),(940796,428),(948381,428),(951611,428),(951949,428),(956206,428),(957479,428),(960910,428),(968468,428),(968784,428),(974335,428),(988481,428),(992547,428),(115508,897),(116179,897),(116986,897),(124782,897),(147374,897),(151818,897),(152803,897),(167358,897),(170236,897),(171012,897),(171845,897),(174318,897),(177533,897),(178566,897),(179735,897),(180182,897),(182777,897),(186347,897),(194389,897),(209621,897),(210912,897),(211706,897),(214017,897),(218713,897),(219114,897),(219133,897),(224983,897),(226390,897),(233075,897),(238403,897),(240406,897),(240414,897),(246817,897),(252786,897),(254599,897),(259682,897),(262351,897),(267083,897),(267319,897),(275408,897),(282278,897),(289729,897),(290550,897),(295074,897),(295953,897),(300540,897),(303502,897),(305181,897),(307710,897),(310083,897),(310105,897),(313988,897),(314088,897),(317722,897),(319049,897),(319805,897),(321210,897),(331043,897),(343251,897),(352448,897),(355493,897),(356065,897),(358227,897),(360371,897),(374933,897),(384602,897),(385051,897),(385480,897),(398959,897),(400652,897),(410709,897),(412782,897),(412879,897),(420102,897),(420283,897),(452319,897),(456463,897),(466977,897),(479563,897),(479699,897),(486718,897),(487868,897),(490667,897),(490670,897),(496934,897),(498629,897),(499941,897),(504348,897),(507853,897),(509926,897),(510406,897),(511703,897),(513345,897),(515974,897),(519155,897),(519264,897),(521135,897),(535270,897),(539433,897),(540495,897),(549342,897),(551259,897),(552308,897),(560201,897),(566577,897),(567592,897),(569150,897),(575598,897),(576662,897),(595419,897),(600861,897),(602380,897),(604428,897),(610698,897),(610940,897),(626589,897),(636491,897),(638073,897),(638615,897),(642756,897),(647550,897),(651147,897),(654953,897),(655544,897),(657293,897),(662727,897),(662840,897),(663509,897),(665630,897),(669021,897),(672260,897),(674817,897),(675218,897),(677562,897),(685109,897),(690855,897),(703154,897),(717526,897),(721280,897),(723861,897),(725012,897),(726798,897),(729229,897),(735369,897),(743948,897),(768391,897),(768835,897),(770608,897),(779483,897),(782661,897),(806466,897),(811488,897),(812802,897),(819142,897),(821137,897),(823545,897),(823708,897),(825972,897),(831699,897),(835847,897),(838529,897),(843137,897),(845481,897),(846547,897),(853804,897),(857544,897),(859423,897),(859908,897),(861868,897),(869119,897),(870841,897),(870930,897),(881360,897),(881458,897),(882085,897),(882629,897),(899892,897),(906447,897),(911485,897),(914724,897),(929101,897),(933630,897),(940072,897),(946064,897),(960100,897),(961192,897),(964643,897),(969932,897),(970679,897),(972413,897),(972667,897),(981779,897),(986054,897),(986620,897),(989196,897),(994147,897),(996569,897),(999131,897);
/*!40000 ALTER TABLE `book_auth` ENABLE KEYS */;
UNLOCK TABLES;

--
-- Table structure for table `book_genre`
--

DROP TABLE IF EXISTS `book_genre`;
/*!40101 SET @saved_cs_client     = @@character_set_client */;
/*!50503 SET character_set_client = utf8mb4 */;
CREATE TABLE `book_genre` (
  `book_ID` int NOT NULL,
  `genre_ID` int NOT NULL,
  PRIMARY KEY (`book_ID`,`genre_ID`),
  KEY `genre_genre_ID_idx` (`genre_ID`),
  CONSTRAINT `genre_book_ID` FOREIGN KEY (`book_ID`) REFERENCES `books` (`book_ID`),
  CONSTRAINT `genre_genre_ID` FOREIGN KEY (`genre_ID`) REFERENCES `genres` (`genre_ID`)
) ENGINE=InnoDB DEFAULT CHARSET=utf8mb4 COLLATE=utf8mb4_0900_ai_ci;
/*!40101 SET character_set_client = @saved_cs_client */;

--
-- Dumping data for table `book_genre`
--

LOCK TABLES `book_genre` WRITE;
/*!40000 ALTER TABLE `book_genre` DISABLE KEYS */;
INSERT INTO `book_genre` VALUES (101076,145),(103743,145),(109547,145),(118268,145),(138960,145),(142661,145),(144632,145),(147374,145),(161407,145),(166985,145),(167041,145),(167179,145),(168828,145),(169886,145),(173203,145),(179735,145),(183396,145),(195138,145),(196542,145),(217276,145),(219114,145),(224208,145),(236840,145),(247218,145),(251175,145),(259117,145),(259719,145),(260967,145),(261753,145),(264256,145),(267741,145),(268910,145),(275408,145),(277889,145),(281896,145),(290215,145),(291589,145),(300540,145),(309957,145),(317722,145),(328514,145),(331379,145),(341527,145),(343027,145),(345451,145),(354201,145),(355126,145),(361961,145),(375623,145),(381176,145),(381948,145),(398959,145),(404768,145),(410890,145),(412530,145),(417580,145),(424415,145),(428610,145),(429059,145),(432838,145),(438838,145),(442473,145),(446437,145),(453030,145),(456463,145),(468048,145),(468073,145),(468832,145),(470100,145),(487742,145),(487909,145),(495727,145),(499093,145),(504348,145),(510406,145),(511703,145),(512194,145),(513345,145),(520739,145),(528050,145),(529233,145),(529867,145),(533898,145),(536314,145),(538345,145),(540495,145),(542457,145),(542610,145),(549223,145),(560883,145),(563644,145),(568111,145),(573619,145),(574331,145),(576386,145),(579346,145),(582344,145),(589331,145),(590073,145),(601058,145),(603383,145),(603411,145),(604428,145),(604807,145),(610103,145),(626139,145),(627066,145),(636609,145),(638309,145),(639626,145),(649160,145),(665355,145),(682836,145),(714571,145),(717271,145),(718468,145),(729229,145),(732552,145),(733367,145),(739560,145),(763435,145),(765671,145),(777003,145),(777340,145),(778089,145),(786610,145),(803425,145),(805649,145),(811488,145),(811880,145),(814883,145),(816865,145),(823708,145),(824932,145),(829017,145),(832251,145),(834492,145),(840426,145),(848774,145),(857222,145),(859423,145),(868029,145),(882629,145),(884243,145),(885243,145),(889334,145),(891803,145),(893859,145),(895073,145),(902251,145),(923051,145),(929187,145),(933630,145),(940072,145),(951611,145),(951949,145),(954629,145),(969932,145),(970679,145),(980991,145),(989196,145),(996569,145),(111305,345),(114149,345),(116179,345),(123556,345),(129589,345),(134948,345),(142571,345),(151818,345),(155815,345),(164700,345),(165333,345),(166250,345),(176449,345),(177533,345),(183022,345),(190330,345),(209315,345),(210912,345),(211706,345),(219509,345),(221112,345),(238184,345),(253066,345),(255923,345),(260873,345),(262351,345),(269181,345),(271705,345),(272736,345),(273615,345),(278587,345),(286195,345),(290550,345),(308995,345),(310168,345),(312378,345),(319805,345),(331043,345),(343164,345),(354465,345),(358227,345),(360327,345),(360371,345),(364174,345),(378233,345),(378852,345),(380440,345),(384602,345),(385005,345),(390320,345),(406086,345),(408615,345),(408906,345),(410709,345),(432599,345),(435028,345),(456990,345),(464034,345),(465659,345),(471133,345),(476621,345),(483417,345),(486718,345),(487868,345),(487950,345),(490670,345),(496752,345),(497306,345),(507853,345),(515304,345),(515722,345),(524025,345),(524346,345),(536624,345),(539433,345),(555543,345),(557686,345),(567592,345),(576501,345),(577197,345),(580056,345),(583327,345),(583521,345),(584163,345),(594212,345),(594246,345),(600806,345),(600956,345),(603768,345),(609063,345),(613879,345),(618104,345),(619692,345),(626717,345),(634336,345),(639411,345),(646913,345),(651147,345),(651924,345),(665630,345),(670245,345),(672572,345),(676635,345),(683717,345),(697399,345),(701838,345),(708633,345),(731188,345),(742304,345),(756060,345),(762501,345),(764396,345),(770608,345),(778809,345),(783359,345),(785808,345),(789627,345),(800063,345),(809149,345),(818051,345),(821137,345),(823339,345),(823545,345),(844736,345),(851528,345),(868511,345),(869119,345),(880800,345),(881458,345),(882085,345),(885757,345),(895566,345),(914724,345),(925234,345),(937659,345),(940796,345),(948381,345),(957479,345),(960170,345),(960910,345),(961847,345),(969407,345),(970417,345),(972071,345),(975849,345),(981198,345),(104132,589),(104513,589),(115508,589),(131926,589),(137632,589),(137856,589),(144985,589),(152803,589),(156861,589),(157624,589),(157917,589),(158021,589),(166137,589),(167358,589),(169121,589),(169160,589),(170872,589),(171845,589),(174063,589),(178566,589),(180182,589),(180417,589),(182777,589),(183240,589),(191650,589),(193019,589),(199544,589),(204523,589),(209870,589),(218713,589),(219133,589),(227531,589),(232688,589),(233075,589),(238403,589),(240414,589),(248390,589),(253202,589),(254599,589),(258557,589),(261212,589),(266730,589),(276917,589),(282278,589),(295953,589),(305181,589),(306747,589),(314088,589),(315053,589),(319049,589),(323649,589),(325995,589),(331592,589),(331679,589),(343382,589),(343392,589),(347432,589),(350138,589),(352448,589),(355493,589),(356065,589),(357760,589),(358664,589),(376194,589),(378207,589),(390466,589),(391197,589),(405618,589),(412237,589),(413564,589),(427229,589),(432420,589),(440592,589),(443935,589),(446036,589),(450697,589),(452319,589),(476717,589),(479699,589),(489408,589),(492756,589),(496673,589),(498629,589),(499921,589),(508154,589),(509369,589),(514169,589),(519155,589),(521135,589),(524436,589),(540680,589),(541188,589),(552308,589),(556560,589),(561469,589),(566130,589),(566577,589),(569150,589),(569363,589),(577058,589),(588537,589),(595965,589),(603406,589),(610698,589),(613472,589),(613978,589),(614761,589),(620647,589),(626589,589),(636491,589),(637192,589),(638615,589),(641513,589),(647896,589),(651679,589),(654227,589),(655880,589),(670194,589),(673022,589),(674267,589),(674621,589),(676998,589),(679170,589),(686440,589),(693669,589),(696702,589),(712966,589),(729390,589),(731445,589),(731605,589),(733728,589),(739328,589),(740193,589),(743948,589),(745651,589),(753088,589),(755676,589),(764385,589),(767351,589),(771603,589),(772164,589),(778639,589),(781346,589),(781780,589),(783932,589),(784121,589),(796438,589),(801797,589),(809868,589),(811524,589),(812802,589),(813595,589),(817469,589),(818751,589),(819091,589),(819142,589),(819968,589),(827161,589),(828622,589),(833932,589),(837326,589),(843137,589),(846547,589),(846578,589),(857544,589),(861868,589),(865571,589),(870841,589),(881360,589),(897433,589),(897759,589),(899892,589),(901776,589),(904600,589),(911485,589),(913449,589),(924186,589),(938077,589),(940549,589),(941812,589),(949085,589),(949148,589),(949751,589),(951354,589),(956206,589),(956723,589),(961239,589),(972667,589),(974335,589),(975840,589),(989191,589),(148067,678),(152136,678),(154835,678),(156627,678),(171012,678),(177993,678),(186347,678),(198362,678),(218322,678),(226390,678),(232441,678),(233285,678),(240406,678),(241451,678),(241746,678),(246817,678),(248875,678),(250212,678),(269485,678),(272754,678),(277218,678),(278422,678),(291701,678),(297589,678),(309669,678),(310083,678),(311731,678),(316958,678),(345792,678),(366784,678),(371189,678),(374933,678),(377398,678),(378149,678),(397343,678),(400652,678),(407609,678),(412879,678),(415967,678),(423138,678),(429880,678),(430094,678),(434724,678),(447544,678),(456259,678),(467412,678),(468188,678),(469309,678),(473360,678),(479308,678),(491398,678),(492329,678),(492600,678),(492934,678),(496934,678),(498250,678),(498332,678),(509926,678),(514110,678),(514352,678),(515974,678),(526883,678),(529209,678),(535270,678),(544948,678),(561660,678),(575598,678),(582860,678),(598749,678),(600101,678),(601942,678),(602380,678),(608143,678),(627824,678),(647550,678),(654953,678),(662727,678),(662840,678),(669021,678),(670181,678),(672260,678),(674615,678),(675083,678),(677562,678),(681319,678),(683812,678),(690855,678),(691072,678),(701293,678),(703154,678),(716330,678),(716361,678),(721280,678),(726728,678),(729280,678),(735369,678),(742382,678),(747659,678),(752195,678),(768391,678),(773627,678),(782661,678),(783740,678),(784228,678),(789124,678),(794359,678),(802006,678),(811771,678),(815036,678),(816851,678),(831699,678),(834793,678),(845481,678),(847179,678),(847383,678),(850116,678),(850458,678),(852760,678),(853804,678),(855321,678),(863787,678),(866722,678),(870930,678),(873089,678),(879267,678),(886176,678),(891414,678),(897502,678),(906447,678),(908600,678),(911036,678),(918586,678),(925565,678),(927775,678),(931741,678),(932683,678),(936861,678),(943417,678),(946569,678),(968468,678),(986054,678),(988481,678),(100951,738),(105496,738),(112423,738),(121543,738),(127035,738),(144785,738),(146967,738),(169126,738),(170236,738),(181949,738),(189839,738),(195847,738),(197967,738),(204091,738),(209621,738),(226436,738),(235695,738),(237687,738),(252786,738),(256307,738),(257272,738),(259682,738),(265936,738),(267319,738),(270271,738),(272266,738),(272508,738),(276167,738),(280476,738),(287811,738),(289729,738),(294242,738),(295074,738),(297525,738),(313988,738),(321210,738),(331147,738),(333201,738),(335552,738),(340104,738),(345814,738),(347671,738),(357263,738),(360511,738),(362196,738),(377058,738),(381536,738),(385366,738),(385480,738),(387344,738),(391731,738),(402747,738),(412782,738),(416254,738),(419906,738),(420102,738),(420283,738),(434288,738),(441945,738),(442107,738),(455311,738),(455919,738),(455951,738),(462009,738),(464588,738),(475490,738),(488525,738),(490667,738),(499398,738),(499941,738),(504691,738),(505896,738),(511247,738),(512668,738),(516089,738),(516448,738),(520639,738),(525489,738),(530452,738),(546079,738),(549342,738),(562659,738),(570587,738),(576662,738),(579279,738),(579699,738),(584778,738),(586074,738),(586249,738),(594327,738),(598598,738),(599020,738),(600669,738),(600861,738),(604821,738),(610940,738),(614301,738),(616873,738),(618279,738),(621334,738),(631271,738),(633223,738),(637961,738),(651714,738),(659851,738),(663509,738),(668721,738),(669292,738),(670634,738),(674817,738),(678837,738),(685109,738),(689292,738),(690486,738),(697200,738),(700805,738),(705480,738),(717136,738),(723627,738),(724827,738),(727181,738),(727683,738),(728043,738),(733125,738),(736014,738),(741553,738),(760164,738),(768835,738),(775779,738),(779483,738),(787644,738),(800635,738),(806466,738),(810356,738),(833232,738),(838529,738),(853928,738),(859908,738),(861990,738),(862184,738),(866287,738),(884177,738),(889304,738),(890219,738),(890615,738),(892196,738),(893514,738),(913341,738),(916248,738),(923417,738),(923428,738),(924935,738),(927098,738),(930439,738),(934819,738),(940800,738),(946840,738),(954650,738),(961192,738),(962061,738),(968784,738),(978583,738),(982633,738),(984764,738),(988008,738),(994147,738),(995317,738),(104541,890),(116986,890),(118234,890),(124782,890),(131713,890),(136109,890),(138681,890),(143462,890),(144209,890),(168825,890),(171079,890),(172992,890),(174318,890),(180477,890),(183817,890),(188416,890),(191767,890),(194389,890),(214017,890),(218695,890),(224292,890),(224522,890),(224983,890),(239406,890),(240066,890),(245341,890),(260084,890),(267072,890),(267083,890),(273192,890),(276149,890),(279151,890),(280585,890),(281406,890),(290334,890),(291552,890),(303502,890),(307710,890),(309521,890),(310105,890),(310843,890),(311060,890),(322177,890),(331501,890),(334001,890),(335714,890),(343251,890),(345386,890),(349361,890),(361415,890),(365883,890),(377138,890),(380713,890),(385051,890),(387469,890),(391076,890),(393272,890),(393986,890),(402742,890),(406569,890),(409989,890),(410107,890),(414698,890),(420518,890),(422684,890),(434349,890),(440206,890),(442653,890),(452411,890),(452887,890),(457358,890),(457521,890),(460489,890),(465809,890),(466977,890),(473267,890),(477581,890),(479563,890),(485792,890),(485889,890),(494768,890),(497647,890),(499548,890),(503469,890),(506275,890),(516194,890),(519264,890),(523725,890),(530035,890),(531051,890),(532551,890),(536878,890),(541561,890),(548241,890),(551259,890),(551824,890),(552316,890),(553689,890),(556828,890),(557088,890),(560201,890),(562735,890),(569289,890),(569411,890),(579728,890),(582494,890),(587745,890),(594641,890),(595419,890),(607513,890),(615170,890),(628459,890),(632610,890),(637184,890),(638073,890),(638155,890),(642756,890),(647126,890),(653600,890),(655544,890),(656526,890),(657293,890),(660039,890),(660079,890),(664676,890),(671324,890),(675218,890),(683418,890),(683498,890),(694736,890),(704891,890),(713280,890),(714342,890),(715527,890),(717526,890),(717540,890),(723861,890),(725012,890),(726798,890),(730080,890),(730783,890),(748553,890),(755448,890),(769535,890),(781073,890),(786938,890),(788219,890),(793598,890),(795281,890),(805021,890),(805118,890),(813549,890),(814807,890),(825972,890),(833674,890),(835847,890),(836819,890),(838457,890),(842251,890),(844943,890),(856174,890),(859468,890),(863678,890),(863969,890),(869347,890),(871111,890),(878288,890),(886459,890),(891943,890),(894695,890),(918062,890),(924473,890),(925280,890),(929101,890),(930817,890),(934542,890),(936301,890),(939798,890),(945009,890),(946064,890),(949131,890),(949200,890),(960100,890),(963060,890),(964643,890),(972413,890),(981779,890),(986620,890),(992547,890),(992663,890),(992775,890),(999131,890);
/*!40000 ALTER TABLE `book_genre` ENABLE KEYS */;
UNLOCK TABLES;

--
-- Table structure for table `book_issue`
--

DROP TABLE IF EXISTS `book_issue`;
/*!40101 SET @saved_cs_client     = @@character_set_client */;
/*!50503 SET character_set_client = utf8mb4 */;
CREATE TABLE `book_issue` (
  `transaction_ID` int NOT NULL,
  `book_ID` int NOT NULL,
  PRIMARY KEY (`transaction_ID`),
  KEY `issue_ID_book_idx` (`book_ID`),
  CONSTRAINT `issue_ID_book` FOREIGN KEY (`book_ID`) REFERENCES `books` (`book_ID`),
  CONSTRAINT `issue_ID_trans` FOREIGN KEY (`transaction_ID`) REFERENCES `transaction` (`transaction_ID`)
) ENGINE=InnoDB DEFAULT CHARSET=utf8mb4 COLLATE=utf8mb4_0900_ai_ci;
/*!40101 SET character_set_client = @saved_cs_client */;

--
-- Dumping data for table `book_issue`
--

LOCK TABLES `book_issue` WRITE;
/*!40000 ALTER TABLE `book_issue` DISABLE KEYS */;
INSERT INTO `book_issue` VALUES (1639,100951),(2362,100951),(2281,101076),(1132,104132),(2620,104513),(2701,104513),(3295,104513),(2359,109547),(2452,111305),(1942,112423),(1753,118268),(2470,129589),(2776,134948),(3118,136109),(3208,136109),(3370,137632),(3400,137632),(1345,137856),(2356,142661),(3721,143462),(3316,144209),(3289,144632),(2347,146967),(3703,147374),(1318,148067),(3862,148067),(1471,152136),(2725,152136),(1537,152803),(1837,156627),(1303,156861),(1741,156861),(1990,156861),(2926,156861),(1366,157624),(1372,158021),(2965,158021),(3553,158021),(1297,161407),(1360,164700),(3976,165333),(3193,166137),(3787,166137),(3847,166137),(1978,166250),(2929,167041),(3916,167041),(1177,167179),(2437,167358),(3397,167358),(3694,169886),(1984,170872),(2593,171012),(1198,171079),(1249,171845),(3322,171845),(1102,173203),(3343,177993),(1294,178566),(3079,178566),(1408,179735),(2857,179735),(2950,180182),(3346,180182),(1663,180417),(3925,180477),(2599,181949),(1276,182777),(1774,183022),(1852,183396),(1570,183817),(3775,183817),(2167,186347),(3748,186347),(2410,189839),(2671,190330),(3628,190330),(2809,191650),(3241,191767),(2839,195847),(3634,195847),(3802,198362),(3805,204091),(2572,204523),(2665,204523),(3172,204523),(3940,204523),(2110,209315),(1780,209621),(2200,209621),(2659,209870),(2917,210912),(3247,211706),(1702,214017),(1846,214017),(1996,214017),(2785,217276),(3262,218322),(2221,218713),(3697,219133),(4015,219133),(1729,221112),(2524,221112),(2092,224208),(2533,224208),(3487,224522),(2380,227531),(2239,232688),(2317,232688),(2962,232688),(3463,232688),(2974,235695),(3361,235695),(1795,237687),(2350,238184),(2683,238403),(1078,240066),(2878,240406),(3661,240406),(3724,240406),(2710,246817),(2716,247218),(3736,247218),(3544,248390),(3811,248390),(1957,250212),(2644,250212),(3922,250212),(3187,251175),(3700,251175),(1825,252786),(1651,253066),(1732,253066),(2014,254599),(2560,254599),(3427,254599),(3253,256307),(2650,257272),(3730,259719),(3502,260084),(2788,260873),(3712,260873),(2800,260967),(3334,260967),(2887,261212),(2584,261753),(3220,261753),(2176,262351),(2911,265936),(1042,266730),(2548,266730),(1165,267083),(1447,267083),(1123,267319),(1810,267741),(3112,267741),(3472,267741),(2461,268910),(2467,269181),(3376,269181),(3688,269485),(4003,269485),(2464,270271),(2491,270271),(1975,272266),(1441,273192),(1654,273192),(2968,276149),(3814,276167),(2257,276917),(2455,276917),(3235,276917),(1684,277218),(3667,277218),(2383,278422),(1771,278587),(2530,278587),(3499,280476),(3586,280476),(3625,280585),(1678,281896),(1966,281896),(2575,282278),(2782,282278),(2287,286195),(2680,286195),(3061,287811),(1351,289729),(1873,289729),(1696,290215),(2146,290215),(3742,290215),(2305,290334),(3589,290550),(1543,291552),(3418,291552),(2863,291589),(2137,291701),(3751,291701),(3181,295074),(2128,297589),(3568,300540),(3391,303502),(1522,307710),(2206,308995),(3895,308995),(1525,309521),(1963,309521),(1756,310083),(1033,310105),(1519,310105),(1801,310843),(3709,311060),(1918,312378),(3190,312378),(3982,312378),(1174,314088),(2425,314088),(4012,314088),(1069,315053),(1201,315053),(1255,315053),(2545,316958),(3166,321210),(1468,322177),(3403,325995),(1147,328514),(3904,328514),(1969,331043),(2038,331147),(1936,331379),(3868,331379),(1594,331501),(1867,331501),(2224,331501),(2119,331592),(2377,331592),(2773,331592),(3523,331592),(2485,331679),(1066,333201),(1243,333201),(1999,334001),(3784,335552),(1225,335714),(3838,335714),(2959,341527),(2227,343164),(2851,343164),(2806,343251),(2041,343382),(1321,343392),(1693,345386),(2254,345451),(3907,345451),(3388,345792),(1960,345814),(2320,345814),(2203,347432),(2956,347432),(3031,347432),(3319,347432),(2698,347671),(2764,347671),(3493,354201),(3649,354201),(2416,354465),(1888,355493),(3604,357760),(3229,358227),(3739,361415),(3508,361961),(2242,365883),(2521,365883),(2590,365883),(4000,366784),(2056,371189),(2692,374933),(2536,375623),(3583,375623),(1213,378233),(1399,378233),(3022,384602),(1135,385005),(1477,385005),(2791,385005),(2266,385051),(3652,385051),(3796,385366),(1285,387344),(1642,387344),(1252,391197),(1615,391197),(2431,391197),(1459,391731),(3679,391731),(1705,393272),(3961,393272),(1777,393986),(3433,393986),(2605,397343),(3985,397343),(1030,398959),(2095,398959),(3406,398959),(2098,400652),(1510,402747),(2101,402747),(2797,402747),(3121,402747),(3175,402747),(1927,405618),(1357,406086),(1588,406086),(2542,406086),(3778,406086),(2329,406569),(3274,406569),(2032,408615),(1084,408906),(1579,408906),(1486,410107),(2050,410709),(1564,412237),(1750,412530),(2896,412530),(1339,412782),(3127,412879),(2602,414698),(1168,415967),(1336,417580),(2422,417580),(3337,417580),(1879,420102),(1375,422684),(1423,423138),(3184,423138),(2404,427229),(1813,429059),(1045,429880),(2179,430094),(3766,434288),(2746,434349),(3385,434349),(1096,435028),(3949,435028),(1129,438838),(1858,438838),(3157,440206),(3004,440592),(1393,442473),(1465,442653),(1735,442653),(1021,446036),(1885,446036),(1924,447544),(3448,450697),(2995,452319),(2029,453030),(2656,455951),(3310,456990),(3829,457358),(3901,457358),(2641,457521),(1072,460489),(3148,460489),(3865,462009),(3637,465809),(3142,466977),(3559,467412),(3685,467412),(1300,468048),(1672,468048),(1231,468073),(2617,468073),(3733,468073),(2434,468832),(2017,469309),(2872,469309),(3934,469309),(1648,470100),(1162,471133),(2875,473360),(1024,476717),(2053,476717),(2158,476717),(1456,477581),(1843,477581),(3892,479308),(3889,479563),(3238,479699),(3910,479699),(2059,485792),(3790,485889),(1444,487742),(3070,487742),(3136,487742),(1909,487909),(1414,488525),(1816,490670),(1630,491398),(2293,491398),(2581,492600),(2368,492756),(2821,492756),(3952,492756),(2392,494768),(1828,495727),(3025,495727),(1063,496673),(1246,496673),(1282,496673),(2278,496934),(1903,497647),(2824,498250),(1495,498332),(2512,498332),(3028,498332),(3478,498332),(3199,499398),(3973,499398),(2161,499548),(3601,499548),(3439,499921),(3646,499941),(1186,503469),(2596,504348),(2827,504348),(1489,505896),(3556,505896),(3457,506275),(3808,506275),(3844,506275),(1528,507853),(3856,507853),(1228,508154),(1240,508154),(1849,508154),(3124,509369),(2668,509926),(3691,511247),(3331,511703),(3424,512194),(3886,512194),(1369,512668),(3532,514169),(1075,514352),(2086,515722),(1636,515974),(3631,515974),(3676,515974),(2044,519155),(2164,519155),(3364,519155),(2194,519264),(3010,519264),(2812,520739),(1600,521135),(3016,524025),(1762,524436),(2353,524436),(2848,526883),(2131,529209),(1513,529233),(3598,529233),(3043,529867),(3313,530035),(2446,531051),(1546,536624),(2458,536624),(3514,536624),(2185,536878),(3013,538345),(3841,538345),(1576,539433),(1708,541188),(3835,541188),(1411,542610),(2983,542610),(1330,544948),(1945,544948),(2998,544948),(3517,546079),(2395,549223),(2779,549223),(4009,549223),(1744,549342),(2674,549342),(3898,549342),(3244,551259),(3595,551259),(1237,551824),(2989,552308),(3100,552308),(3205,552308),(2074,555543),(3919,557088),(1417,557686),(1822,561660),(3268,562659),(2188,563644),(2473,563644),(2311,566130),(2551,566130),(2731,566130),(1378,566577),(1507,566577),(3505,566577),(2251,569289),(2794,569289),(3607,569289),(1585,569411),(3169,569411),(3217,569411),(1897,570587),(2275,570587),(3115,573619),(3469,573619),(3754,573619),(1972,574331),(1426,575598),(3460,575598),(1429,576386),(1534,576386),(1540,576662),(3496,577058),(2992,577197),(1891,579279),(2413,579699),(3715,579699),(1711,580056),(3301,582344),(2335,582494),(3832,582494),(1156,582860),(1354,582860),(3076,583327),(2218,584163),(3052,584163),(3670,584778),(2035,586074),(2971,586074),(3613,586074),(3232,586249),(1504,588537),(2506,588537),(3067,590073),(3271,590073),(3352,594246),(1309,594327),(2020,594327),(3421,594327),(2539,594641),(3535,595965),(1483,598749),(3718,598749),(3826,598749),(2557,600101),(2704,600101),(3988,600101),(2689,600669),(3250,600669),(1723,600806),(1558,600861),(2230,600956),(2518,600956),(2629,601058),(1258,603406),(2068,603411),(3037,603768),(3745,603768),(1108,604807),(1840,604807),(3202,604807),(2065,604821),(2209,609063),(3526,609063),(2818,610698),(3415,610698),(1582,613472),(1786,613472),(2290,613472),(2635,613978),(1606,614761),(3286,615170),(3307,615170),(2077,616873),(2104,616873),(2326,616873),(2563,616873),(1660,618104),(2197,618104),(3475,618104),(1222,618279),(2833,618279),(2515,621334),(1219,626139),(3379,626139),(3511,626717),(2941,627066),(1387,627824),(2728,627824),(3772,631271),(3034,632610),(1783,634336),(2323,634336),(2494,636609),(3592,636609),(2488,637192),(3727,638073),(1804,639411),(1279,639626),(3382,639626),(2614,642756),(3979,642756),(1981,647126),(3064,647126),(2440,647550),(1681,647896),(1855,647896),(2749,649160),(3913,651147),(2953,651714),(3226,651714),(1861,651924),(3958,651924),(2695,653600),(2734,653600),(1591,654227),(1450,654953),(2497,655544),(3082,656526),(3259,657293),(3283,660079),(2905,662727),(1141,662840),(2758,663509),(2116,664676),(2245,665355),(3046,665355),(2923,668721),(1342,669021),(1048,670194),(2215,670194),(2332,670245),(3853,670245),(1555,670634),(1948,673022),(2233,673022),(1144,674615),(1183,674817),(2023,674817),(3490,674817),(3781,675083),(1180,676635),(1954,676635),(3550,676998),(3682,676998),(3214,677562),(3328,677562),(1747,678837),(1759,678837),(3355,678837),(3412,678837),(1609,679170),(1264,681319),(1987,681319),(3133,681319),(1171,682836),(2113,682836),(2374,683418),(2935,683418),(1333,683717),(2977,683717),(1111,686440),(2476,689292),(2677,690486),(2830,690486),(2860,690855),(1492,691072),(1573,691072),(1717,691072),(3967,691072),(1261,693669),(2770,694736),(1474,697200),(1498,697399),(1864,697399),(3040,697399),(2554,700805),(2938,701838),(1993,703154),(3859,703154),(1699,704891),(2140,704891),(3619,704891),(3373,712966),(3565,713280),(1666,714342),(1018,716330),(3409,716330),(2587,716361),(2869,717136),(3871,717136),(2722,717271),(3445,717271),(3196,717540),(2212,721280),(3799,723627),(1618,726728),(2152,726728),(1669,726798),(2743,726798),(1597,727181),(3955,727181),(2386,727683),(3562,727683),(1051,728043),(1204,728043),(1567,728043),(3340,728043),(1060,729280),(1603,729280),(2686,729280),(2005,729390),(3109,730783),(2755,731188),(1675,731605),(3580,731605),(2980,732552),(3664,732552),(1627,733125),(1921,733125),(2083,733125),(3928,733367),(2647,733728),(2737,733728),(1798,736014),(3520,739560),(2125,740193),(2284,741553),(1207,742382),(1876,742382),(3178,742382),(3571,743948),(2107,745651),(1930,747659),(3139,747659),(3091,753088),(1288,755448),(3349,755448),(1117,760164),(1234,760164),(2752,762501),(3643,763435),(1384,765671),(1612,765671),(3007,765671),(3292,765671),(1306,770608),(2155,770608),(1561,773627),(1531,775779),(1036,778089),(2062,778089),(2479,778089),(3211,778639),(3577,778809),(2089,779483),(2338,779483),(3574,781346),(1831,782661),(2398,782661),(3874,783359),(1138,783740),(2008,783932),(1906,784121),(2047,784228),(1216,786610),(3763,789124),(1210,793598),(2182,795281),(2854,795281),(1363,796438),(3106,796438),(3454,800063),(2500,800635),(3256,800635),(2527,801797),(3484,802006),(3058,803425),(1192,805021),(1915,805021),(3094,805021),(3970,805021),(2719,805118),(1453,805649),(2308,805649),(2890,805649),(2578,806466),(1153,809149),(3946,809868),(2908,811488),(1912,811880),(1189,812802),(2944,813549),(3163,813595),(1462,814807),(2662,814807),(3817,814807),(1480,814883),(1324,815036),(2011,816851),(3481,816851),(1765,816865),(3145,817469),(1099,819091),(3451,819091),(1039,819142),(2803,819142),(3850,819142),(2143,819968),(2884,823339),(2071,827161),(3994,827161),(1312,828622),(1093,831699),(2122,831699),(2026,833232),(2080,833674),(2713,833674),(3265,833932),(3280,833932),(3367,833932),(1435,834793),(2236,834793),(3097,834793),(1405,836819),(1726,836819),(3277,837326),(3223,843137),(1420,844736),(1402,846547),(2443,846547),(2845,846547),(1327,847179),(2653,848774),(1900,850116),(1150,850458),(3658,852760),(1894,853804),(2902,853804),(1807,853928),(2815,853928),(2170,857544),(2260,857544),(1390,861868),(2836,861868),(2299,861990),(1870,862184),(3466,863787),(3160,863969),(1291,865571),(2638,865571),(2767,866722),(2389,868511),(1738,871111),(2986,878288),(1159,881360),(1621,881458),(3073,884177),(3547,884243),(3820,884243),(1633,885243),(3019,885243),(1396,885757),(1348,889304),(1933,889304),(3706,889334),(3823,890615),(1267,891803),(1951,891943),(1549,892196),(3538,893514),(3616,893514),(2263,893859),(3964,893859),(2449,894695),(2932,895073),(2842,895566),(2608,897433),(2248,901776),(3394,901776),(2740,902251),(1939,904600),(3943,906447),(1882,908600),(1114,911036),(1714,911036),(1645,911485),(2269,911485),(2272,911485),(3325,911485),(1315,913341),(3883,918062),(2401,923417),(1432,923428),(2173,923428),(3640,923428),(4006,924186),(2503,924935),(3991,924935),(1057,925234),(1081,925234),(2296,925234),(1126,925565),(3442,925565),(3622,925565),(3877,925565),(2149,927098),(3154,927098),(2314,929101),(1720,930439),(1657,930817),(1819,930817),(3358,932683),(2302,934542),(2407,934542),(1090,936301),(2428,937659),(1105,939798),(1552,939798),(1768,939798),(2761,940072),(2371,940549),(2893,940549),(3997,940549),(3529,940796),(1789,941812),(2866,941812),(2899,941812),(3931,946064),(2365,946569),(2626,946840),(3151,946840),(3541,946840),(3793,946840),(1792,949085),(3436,949131),(2707,949751),(3055,949751),(1027,951354),(2920,951949),(3880,951949),(1270,954650),(3001,956206),(1054,957479),(2914,957479),(2134,960100),(2623,960170),(3673,960910),(3298,961192),(1624,961239),(1195,962061),(1690,962061),(3049,962061),(2341,963060),(2482,963060),(3085,963060),(3130,963060),(1501,964643),(3088,964643),(1687,968468),(1087,969932),(2569,969932),(1516,970679),(1834,972071),(1381,972413),(2881,972413),(2419,972667),(3655,972667),(3760,972667),(2611,974335),(2632,974335),(3757,974335),(2191,975840),(2344,975849),(1120,978583),(2509,978583),(1438,981198),(2002,981198),(3304,981779),(1273,982633),(3769,982633),(3937,982633),(2566,988481),(3610,989196),(2947,992547),(3430,994147),(3103,999131);
/*!40000 ALTER TABLE `book_issue` ENABLE KEYS */;
UNLOCK TABLES;

--
-- Table structure for table `book_location`
--

DROP TABLE IF EXISTS `book_location`;
/*!40101 SET @saved_cs_client     = @@character_set_client */;
/*!50503 SET character_set_client = utf8mb4 */;
CREATE TABLE `book_location` (
  `book_ID` int NOT NULL,
  `shelf_ID` varchar(45) NOT NULL,
  `shelf_section` varchar(45) NOT NULL,
  PRIMARY KEY (`book_ID`),
  KEY `location_shelf_section_idx` (`shelf_ID`,`shelf_section`)
) ENGINE=InnoDB DEFAULT CHARSET=utf8mb4 COLLATE=utf8mb4_0900_ai_ci;
/*!40101 SET character_set_client = @saved_cs_client */;

--
-- Dumping data for table `book_location`
--

LOCK TABLES `book_location` WRITE;
/*!40000 ALTER TABLE `book_location` DISABLE KEYS */;
INSERT INTO `book_location` VALUES (138960,'133','A'),(169121,'133','A'),(169886,'133','A'),(189839,'133','A'),(197967,'133','A'),(218713,'133','A'),(245341,'133','A'),(253066,'133','A'),(345386,'133','A'),(355126,'133','A'),(360327,'133','A'),(364174,'133','A'),(366784,'133','A'),(390320,'133','A'),(405618,'133','A'),(432838,'133','A'),(434724,'133','A'),(492756,'133','A'),(498629,'133','A'),(519155,'133','A'),(529233,'133','A'),(533898,'133','A'),(539433,'133','A'),(561469,'133','A'),(574331,'133','A'),(600806,'133','A'),(601058,'133','A'),(609063,'133','A'),(633223,'133','A'),(634336,'133','A'),(638309,'133','A'),(639411,'133','A'),(642756,'133','A'),(647550,'133','A'),(649160,'133','A'),(716361,'133','A'),(731188,'133','A'),(778089,'133','A'),(781780,'133','A'),(789124,'133','A'),(813549,'133','A'),(845481,'133','A'),(863969,'133','A'),(960100,'133','A'),(961192,'133','A'),(981198,'133','A'),(992547,'133','A'),(118268,'133','C'),(124782,'133','C'),(166250,'133','C'),(180417,'133','C'),(218695,'133','C'),(219133,'133','C'),(253202,'133','C'),(269181,'133','C'),(270271,'133','C'),(273615,'133','C'),(276149,'133','C'),(280585,'133','C'),(290215,'133','C'),(291589,'133','C'),(310083,'133','C'),(331679,'133','C'),(335714,'133','C'),(371189,'133','C'),(412879,'133','C'),(427229,'133','C'),(455311,'133','C'),(465809,'133','C'),(476621,'133','C'),(488525,'133','C'),(492600,'133','C'),(514110,'133','C'),(529209,'133','C'),(563644,'133','C'),(566577,'133','C'),(569150,'133','C'),(582344,'133','C'),(613978,'133','C'),(614301,'133','C'),(632610,'133','C'),(638155,'133','C'),(675218,'133','C'),(703154,'133','C'),(742304,'133','C'),(764396,'133','C'),(769535,'133','C'),(778809,'133','C'),(805118,'133','C'),(811524,'133','C'),(814807,'133','C'),(857222,'133','C'),(871111,'133','C'),(911036,'133','C'),(918586,'133','C'),(940800,'133','C'),(946840,'133','C'),(981779,'133','C'),(104541,'164','C'),(111305,'164','C'),(115508,'164','C'),(116179,'164','C'),(121543,'164','C'),(161407,'164','C'),(169126,'164','C'),(195138,'164','C'),(211706,'164','C'),(217276,'164','C'),(232688,'164','C'),(259719,'164','C'),(260084,'164','C'),(272736,'164','C'),(282278,'164','C'),(286195,'164','C'),(312378,'164','C'),(331147,'164','C'),(374933,'164','C'),(376194,'164','C'),(377058,'164','C'),(378233,'164','C'),(380713,'164','C'),(412237,'164','C'),(468073,'164','C'),(498332,'164','C'),(503469,'164','C'),(509369,'164','C'),(512194,'164','C'),(523725,'164','C'),(530035,'164','C'),(536314,'164','C'),(538345,'164','C'),(540495,'164','C'),(569363,'164','C'),(573619,'164','C'),(588537,'164','C'),(604428,'164','C'),(614761,'164','C'),(615170,'164','C'),(620647,'164','C'),(621334,'164','C'),(627066,'164','C'),(628459,'164','C'),(638073,'164','C'),(668721,'164','C'),(674817,'164','C'),(676635,'164','C'),(679170,'164','C'),(681319,'164','C'),(689292,'164','C'),(714342,'164','C'),(717526,'164','C'),(732552,'164','C'),(747659,'164','C'),(786610,'164','C'),(832251,'164','C'),(863678,'164','C'),(911485,'164','C'),(925565,'164','C'),(934819,'164','C'),(941812,'164','C'),(948381,'164','C'),(963060,'164','C'),(974335,'164','C'),(982633,'164','C'),(992663,'164','C'),(112423,'319','E'),(118234,'319','E'),(136109,'319','E'),(137632,'319','E'),(144785,'319','E'),(144985,'319','E'),(168828,'319','E'),(171079,'319','E'),(172992,'319','E'),(181949,'319','E'),(190330,'319','E'),(204523,'319','E'),(232441,'319','E'),(266730,'319','E'),(267741,'319','E'),(291701,'319','E'),(300540,'319','E'),(308995,'319','E'),(309957,'319','E'),(310105,'319','E'),(310168,'319','E'),(311731,'319','E'),(315053,'319','E'),(317722,'319','E'),(331043,'319','E'),(331501,'319','E'),(380440,'319','E'),(385366,'319','E'),(397343,'319','E'),(428610,'319','E'),(429059,'319','E'),(466977,'319','E'),(468048,'319','E'),(491398,'319','E'),(499548,'319','E'),(505896,'319','E'),(515722,'319','E'),(515974,'319','E'),(521135,'319','E'),(524025,'319','E'),(551824,'319','E'),(552316,'319','E'),(576501,'319','E'),(583521,'319','E'),(603383,'319','E'),(613879,'319','E'),(639626,'319','E'),(660039,'319','E'),(672572,'319','E'),(673022,'319','E'),(691072,'319','E'),(693669,'319','E'),(697399,'319','E'),(712966,'319','E'),(736014,'319','E'),(753088,'319','E'),(783932,'319','E'),(800063,'319','E'),(811880,'319','E'),(814883,'319','E'),(834492,'319','E'),(837326,'319','E'),(847383,'319','E'),(869347,'319','E'),(897759,'319','E'),(913449,'319','E'),(923428,'319','E'),(924473,'319','E'),(929187,'319','E'),(951354,'319','E'),(956206,'319','E'),(960170,'319','E'),(962061,'319','E'),(142661,'341','A'),(143462,'341','A'),(152136,'341','A'),(155815,'341','A'),(182777,'341','A'),(183396,'341','A'),(191650,'341','A'),(191767,'341','A'),(194389,'341','A'),(210912,'341','A'),(221112,'341','A'),(325995,'341','A'),(355493,'341','A'),(381176,'341','A'),(398959,'341','A'),(400652,'341','A'),(470100,'341','A'),(490670,'341','A'),(509926,'341','A'),(510406,'341','A'),(511247,'341','A'),(512668,'341','A'),(515304,'341','A'),(526883,'341','A'),(531051,'341','A'),(542610,'341','A'),(577197,'341','A'),(584163,'341','A'),(594641,'341','A'),(600669,'341','A'),(610698,'341','A'),(655544,'341','A'),(655880,'341','A'),(670634,'341','A'),(683717,'341','A'),(690855,'341','A'),(700805,'341','A'),(717540,'341','A'),(733367,'341','A'),(742382,'341','A'),(779483,'341','A'),(803425,'341','A'),(809868,'341','A'),(823545,'341','A'),(833932,'341','A'),(850458,'341','A'),(859468,'341','A'),(859908,'341','A'),(868029,'341','A'),(885757,'341','A'),(908600,'341','A'),(940549,'341','A'),(949751,'341','A'),(956723,'341','A'),(978583,'341','A'),(980991,'341','A'),(144209,'341','E'),(177993,'341','E'),(195847,'341','E'),(196542,'341','E'),(209315,'341','E'),(219114,'341','E'),(224208,'341','E'),(224292,'341','E'),(226436,'341','E'),(248390,'341','E'),(257272,'341','E'),(259682,'341','E'),(261753,'341','E'),(267083,'341','E'),(289729,'341','E'),(307710,'341','E'),(309521,'341','E'),(319805,'341','E'),(378207,'341','E'),(402742,'341','E'),(408906,'341','E'),(412782,'341','E'),(416254,'341','E'),(422684,'341','E'),(456259,'341','E'),(464034,'341','E'),(476717,'341','E'),(485889,'341','E'),(496673,'341','E'),(497306,'341','E'),(499398,'341','E'),(499921,'341','E'),(504348,'341','E'),(514169,'341','E'),(516194,'341','E'),(520639,'341','E'),(528050,'341','E'),(540680,'341','E'),(551259,'341','E'),(557686,'341','E'),(562659,'341','E'),(567592,'341','E'),(568111,'341','E'),(594212,'341','E'),(601942,'341','E'),(604807,'341','E'),(636609,'341','E'),(638615,'341','E'),(651147,'341','E'),(657293,'341','E'),(683418,'341','E'),(716330,'341','E'),(731605,'341','E'),(748553,'341','E'),(755676,'341','E'),(764385,'341','E'),(768835,'341','E'),(781073,'341','E'),(785808,'341','E'),(787644,'341','E'),(810356,'341','E'),(811488,'341','E'),(815036,'341','E'),(817469,'341','E'),(838457,'341','E'),(869119,'341','E'),(870930,'341','E'),(890219,'341','E'),(890615,'341','E'),(891803,'341','E'),(891943,'341','E'),(918062,'341','E'),(923051,'341','E'),(925280,'341','E'),(131713,'343','B'),(144632,'343','B'),(151818,'343','B'),(174063,'343','B'),(176449,'343','B'),(180182,'343','B'),(254599,'343','B'),(259117,'343','B'),(262351,'343','B'),(287811,'343','B'),(290550,'343','B'),(291552,'343','B'),(313988,'343','B'),(354465,'343','B'),(377398,'343','B'),(387469,'343','B'),(404768,'343','B'),(420102,'343','B'),(440206,'343','B'),(457358,'343','B'),(462009,'343','B'),(465659,'343','B'),(473360,'343','B'),(479563,'343','B'),(492934,'343','B'),(506275,'343','B'),(541188,'343','B'),(546079,'343','B'),(549342,'343','B'),(555543,'343','B'),(562735,'343','B'),(595419,'343','B'),(610103,'343','B'),(618104,'343','B'),(637192,'343','B'),(670194,'343','B'),(670245,'343','B'),(683812,'343','B'),(705480,'343','B'),(708633,'343','B'),(723861,'343','B'),(724827,'343','B'),(726798,'343','B'),(730783,'343','B'),(735369,'343','B'),(770608,'343','B'),(777003,'343','B'),(809149,'343','B'),(813595,'343','B'),(816851,'343','B'),(844736,'343','B'),(848774,'343','B'),(879267,'343','B'),(885243,'343','B'),(886176,'343','B'),(893514,'343','B'),(897502,'343','B'),(902251,'343','B'),(930817,'343','B'),(940072,'343','B'),(949085,'343','B'),(961239,'343','B'),(972071,'343','B'),(972413,'343','B'),(986620,'343','B'),(147374,'633','C'),(158021,'633','C'),(167179,'633','C'),(167358,'633','C'),(170236,'633','C'),(178566,'633','C'),(193019,'633','C'),(240414,'633','C'),(250212,'633','C'),(252786,'633','C'),(260967,'633','C'),(265936,'633','C'),(277218,'633','C'),(280476,'633','C'),(295074,'633','C'),(311060,'633','C'),(319049,'633','C'),(352448,'633','C'),(360511,'633','C'),(365883,'633','C'),(375623,'633','C'),(385005,'633','C'),(385051,'633','C'),(385480,'633','C'),(393272,'633','C'),(413564,'633','C'),(434349,'633','C'),(467412,'633','C'),(468832,'633','C'),(469309,'633','C'),(487742,'633','C'),(516448,'633','C'),(525489,'633','C'),(532551,'633','C'),(535270,'633','C'),(560883,'633','C'),(577058,'633','C'),(586074,'633','C'),(594327,'633','C'),(603768,'633','C'),(651679,'633','C'),(651924,'633','C'),(654953,'633','C'),(674267,'633','C'),(686440,'633','C'),(694736,'633','C'),(701293,'633','C'),(701838,'633','C'),(713280,'633','C'),(717136,'633','C'),(727181,'633','C'),(739328,'633','C'),(777340,'633','C'),(811771,'633','C'),(827161,'633','C'),(842251,'633','C'),(853804,'633','C'),(861868,'633','C'),(932683,'633','C'),(933630,'633','C'),(936861,'633','C'),(946569,'633','C'),(951949,'633','C'),(972667,'633','C'),(992775,'633','C'),(996569,'633','C'),(101076,'717','E'),(127035,'717','E'),(142571,'717','E'),(154835,'717','E'),(204091,'717','E'),(214017,'717','E'),(237687,'717','E'),(240066,'717','E'),(258557,'717','E'),(272266,'717','E'),(276167,'717','E'),(278587,'717','E'),(309669,'717','E'),(343251,'717','E'),(345814,'717','E'),(347671,'717','E'),(415967,'717','E'),(419906,'717','E'),(424415,'717','E'),(430094,'717','E'),(435028,'717','E'),(440592,'717','E'),(457521,'717','E'),(498250,'717','E'),(499093,'717','E'),(524346,'717','E'),(556828,'717','E'),(569411,'717','E'),(586249,'717','E'),(600101,'717','E'),(600861,'717','E'),(607513,'717','E'),(613472,'717','E'),(618279,'717','E'),(669292,'717','E'),(730080,'717','E'),(756060,'717','E'),(760164,'717','E'),(802006,'717','E'),(828622,'717','E'),(829017,'717','E'),(833232,'717','E'),(833674,'717','E'),(836819,'717','E'),(843137,'717','E'),(925234,'717','E'),(931741,'717','E'),(951611,'717','E'),(988481,'717','E'),(103743,'761','D'),(104132,'761','D'),(104513,'761','D'),(105496,'761','D'),(146967,'761','D'),(156861,'761','D'),(157624,'761','D'),(198362,'761','D'),(224983,'761','D'),(233285,'761','D'),(236840,'761','D'),(275408,'761','D'),(294242,'761','D'),(316958,'761','D'),(322177,'761','D'),(323649,'761','D'),(331592,'761','D'),(334001,'761','D'),(341527,'761','D'),(343392,'761','D'),(356065,'761','D'),(361961,'761','D'),(377138,'761','D'),(378852,'761','D'),(452319,'761','D'),(455951,'761','D'),(479699,'761','D'),(483417,'761','D'),(490667,'761','D'),(520739,'761','D'),(553689,'761','D'),(561660,'761','D'),(576662,'761','D'),(579279,'761','D'),(587745,'761','D'),(616873,'761','D'),(641513,'761','D'),(685109,'761','D'),(739560,'761','D'),(745651,'761','D'),(763435,'761','D'),(765671,'761','D'),(784121,'761','D'),(819091,'761','D'),(819968,'761','D'),(847179,'761','D'),(938077,'761','D'),(975840,'761','D'),(995317,'761','D'),(109547,'761','E'),(131926,'761','E'),(137856,'761','E'),(138681,'761','E'),(156627,'761','E'),(164700,'761','E'),(166137,'761','E'),(171845,'761','E'),(173203,'761','E'),(183022,'761','E'),(199544,'761','E'),(238184,'761','E'),(241451,'761','E'),(246817,'761','E'),(260873,'761','E'),(271705,'761','E'),(272754,'761','E'),(281406,'761','E'),(331379,'761','E'),(343027,'761','E'),(358227,'761','E'),(360371,'761','E'),(361415,'761','E'),(390466,'761','E'),(391731,'761','E'),(406086,'761','E'),(407609,'761','E'),(412530,'761','E'),(452411,'761','E'),(453030,'761','E'),(455919,'761','E'),(456990,'761','E'),(460489,'761','E'),(495727,'761','E'),(497647,'761','E'),(514352,'761','E'),(536878,'761','E'),(548241,'761','E'),(556560,'761','E'),(579728,'761','E'),(603411,'761','E'),(608143,'761','E'),(647896,'761','E'),(671324,'761','E'),(682836,'761','E'),(683498,'761','E'),(717271,'761','E'),(728043,'761','E'),(729229,'761','E'),(731445,'761','E'),(740193,'761','E'),(741553,'761','E'),(767351,'761','E'),(775779,'761','E'),(781346,'761','E'),(782661,'761','E'),(789627,'761','E'),(856174,'761','E'),(861990,'761','E'),(882085,'761','E'),(893859,'761','E'),(927098,'761','E'),(949131,'761','E'),(961847,'761','E'),(100951,'826','A'),(168825,'826','A'),(169160,'826','A'),(188416,'826','A'),(209870,'826','A'),(238403,'826','A'),(240406,'826','A'),(273192,'826','A'),(343382,'826','A'),(381536,'826','A'),(381948,'826','A'),(408615,'826','A'),(420518,'826','A'),(432420,'826','A'),(441945,'826','A'),(450697,'826','A'),(477581,'826','A'),(494768,'826','A'),(496934,'826','A'),(507853,'826','A'),(513345,'826','A'),(542457,'826','A'),(557088,'826','A'),(579699,'826','A'),(580056,'826','A'),(590073,'826','A'),(598598,'826','A'),(600956,'826','A'),(626139,'826','A'),(626717,'826','A'),(656526,'826','A'),(659851,'826','A'),(662840,'826','A'),(664676,'826','A'),(665355,'826','A'),(672260,'826','A'),(677562,'826','A'),(723627,'826','A'),(733125,'826','A'),(794359,'826','A'),(816865,'826','A'),(825972,'826','A'),(834793,'826','A'),(853928,'826','A'),(866722,'826','A'),(868511,'826','A'),(889334,'826','A'),(904600,'826','A'),(924186,'826','A'),(927775,'826','A'),(929101,'826','A'),(945009,'826','A'),(949148,'826','A'),(954650,'826','A'),(969932,'826','A'),(984764,'826','A'),(986054,'826','A'),(999131,'826','A'),(114149,'826','D'),(134948,'826','D'),(152803,'826','D'),(167041,'826','D'),(171012,'826','D'),(224522,'826','D'),(227531,'826','D'),(233075,'826','D'),(255923,'826','D'),(267072,'826','D'),(278422,'826','D'),(290334,'826','D'),(343164,'826','D'),(345451,'826','D'),(345792,'826','D'),(349361,'826','D'),(387344,'826','D'),(409989,'826','D'),(420283,'826','D'),(464588,'826','D'),(473267,'826','D'),(489408,'826','D'),(492329,'826','D'),(499941,'826','D'),(504691,'826','D'),(530452,'826','D'),(584778,'826','D'),(589331,'826','D'),(598749,'826','D'),(602380,'826','D'),(604821,'826','D'),(637184,'826','D'),(670181,'826','D'),(697200,'826','D'),(714571,'826','D'),(726728,'826','D'),(743948,'826','D'),(768391,'826','D'),(771603,'826','D'),(793598,'826','D'),(796438,'826','D'),(801797,'826','D'),(805649,'826','D'),(818751,'826','D'),(840426,'826','D'),(851528,'826','D'),(865571,'826','D'),(870841,'826','D'),(881458,'826','D'),(886459,'826','D'),(889304,'826','D'),(894695,'826','D'),(899892,'826','D'),(934542,'826','D'),(954629,'826','D'),(957479,'826','D'),(968468,'826','D'),(989191,'826','D'),(989196,'826','D'),(994147,'826','D'),(148067,'869','B'),(157917,'869','B'),(174318,'869','B'),(183240,'869','B'),(183817,'869','B'),(186347,'869','B'),(219509,'869','B'),(251175,'869','B'),(261212,'869','B'),(269485,'869','B'),(272508,'869','B'),(276917,'869','B'),(277889,'869','B'),(281896,'869','B'),(295953,'869','B'),(333201,'869','B'),(335552,'869','B'),(354201,'869','B'),(357263,'869','B'),(362196,'869','B'),(384602,'869','B'),(402747,'869','B'),(410709,'869','B'),(410890,'869','B'),(417580,'869','B'),(429880,'869','B'),(438838,'869','B'),(456463,'869','B'),(468188,'869','B'),(471133,'869','B'),(487868,'869','B'),(487950,'869','B'),(496752,'869','B'),(516089,'869','B'),(519264,'869','B'),(524436,'869','B'),(536624,'869','B'),(560201,'869','B'),(569289,'869','B'),(570587,'869','B'),(579346,'869','B'),(619692,'869','B'),(627824,'869','B'),(636491,'869','B'),(654227,'869','B'),(660079,'869','B'),(665630,'869','B'),(669021,'869','B'),(674621,'869','B'),(675083,'869','B'),(721280,'869','B'),(733728,'869','B'),(755448,'869','B'),(788219,'869','B'),(800635,'869','B'),(824932,'869','B'),(838529,'869','B'),(852760,'869','B'),(891414,'869','B'),(892196,'869','B'),(895073,'869','B'),(901776,'869','B'),(914724,'869','B'),(916248,'869','B'),(924935,'869','B'),(937659,'869','B'),(960910,'869','B'),(969407,'869','B'),(123556,'869','C'),(129589,'869','C'),(165333,'869','C'),(180477,'869','C'),(218322,'869','C'),(239406,'869','C'),(247218,'869','C'),(264256,'869','C'),(267319,'869','C'),(297589,'869','C'),(303502,'869','C'),(306747,'869','C'),(314088,'869','C'),(321210,'869','C'),(347432,'869','C'),(393986,'869','C'),(406569,'869','C'),(442653,'869','C'),(446437,'869','C'),(544948,'869','C'),(549223,'869','C'),(566130,'869','C'),(576386,'869','C'),(610940,'869','C'),(637961,'869','C'),(646913,'869','C'),(678837,'869','C'),(704891,'869','C'),(718468,'869','C'),(727683,'869','C'),(752195,'869','C'),(773627,'869','C'),(786938,'869','C'),(795281,'869','C'),(818051,'869','C'),(819142,'869','C'),(823339,'869','C'),(823708,'869','C'),(850116,'869','C'),(863787,'869','C'),(866287,'869','C'),(873089,'869','C'),(880800,'869','C'),(884177,'869','C'),(897433,'869','C'),(943417,'869','C'),(946064,'869','C'),(949200,'869','C'),(964643,'869','C'),(968784,'869','C'),(975849,'869','C'),(166985,'901','A'),(177533,'901','A'),(209621,'901','A'),(226390,'901','A'),(241746,'901','A'),(248875,'901','A'),(305181,'901','A'),(328514,'901','A'),(340104,'901','A'),(350138,'901','A'),(378149,'901','A'),(434288,'901','A'),(442107,'901','A'),(442473,'901','A'),(452887,'901','A'),(475490,'901','A'),(486718,'901','A'),(487909,'901','A'),(511703,'901','A'),(529867,'901','A'),(541561,'901','A'),(575598,'901','A'),(594246,'901','A'),(595965,'901','A'),(603406,'901','A'),(626589,'901','A'),(631271,'901','A'),(651714,'901','A'),(663509,'901','A'),(676998,'901','A'),(690486,'901','A'),(696702,'901','A'),(715527,'901','A'),(725012,'901','A'),(729280,'901','A'),(729390,'901','A'),(778639,'901','A'),(783359,'901','A'),(783740,'901','A'),(805021,'901','A'),(806466,'901','A'),(812802,'901','A'),(835847,'901','A'),(844943,'901','A'),(846547,'901','A'),(882629,'901','A'),(906447,'901','A'),(913341,'901','A'),(923417,'901','A'),(936301,'901','A'),(970417,'901','A'),(970679,'901','A'),(116986,'990','B'),(170872,'990','B'),(179735,'990','B'),(235695,'990','B'),(256307,'990','B'),(268910,'990','B'),(279151,'990','B'),(297525,'990','B'),(310843,'990','B'),(357760,'990','B'),(358664,'990','B'),(391076,'990','B'),(391197,'990','B'),(410107,'990','B'),(414698,'990','B'),(423138,'990','B'),(432599,'990','B'),(443935,'990','B'),(446036,'990','B'),(447544,'990','B'),(479308,'990','B'),(485792,'990','B'),(508154,'990','B'),(552308,'990','B'),(582494,'990','B'),(582860,'990','B'),(583327,'990','B'),(599020,'990','B'),(647126,'990','B'),(653600,'990','B'),(662727,'990','B'),(674615,'990','B'),(762501,'990','B'),(772164,'990','B'),(784228,'990','B'),(821137,'990','B'),(831699,'990','B'),(846578,'990','B'),(855321,'990','B'),(857544,'990','B'),(859423,'990','B'),(862184,'990','B'),(878288,'990','B'),(881360,'990','B'),(884243,'990','B'),(895566,'990','B'),(930439,'990','B'),(939798,'990','B'),(940796,'990','B'),(988008,'990','B');
/*!40000 ALTER TABLE `book_location` ENABLE KEYS */;
UNLOCK TABLES;

--
-- Table structure for table `book_pub`
--

DROP TABLE IF EXISTS `book_pub`;
/*!40101 SET @saved_cs_client     = @@character_set_client */;
/*!50503 SET character_set_client = utf8mb4 */;
CREATE TABLE `book_pub` (
  `book_ID` int NOT NULL,
  `publisher_ID` int NOT NULL,
  PRIMARY KEY (`book_ID`),
  KEY `book_ID_pub_idx` (`publisher_ID`),
  CONSTRAINT `book_ID_book` FOREIGN KEY (`book_ID`) REFERENCES `books` (`book_ID`),
  CONSTRAINT `book_ID_pub` FOREIGN KEY (`publisher_ID`) REFERENCES `publishers` (`publisher_ID`)
) ENGINE=InnoDB DEFAULT CHARSET=utf8mb4 COLLATE=utf8mb4_0900_ai_ci;
/*!40101 SET character_set_client = @saved_cs_client */;

--
-- Dumping data for table `book_pub`
--

LOCK TABLES `book_pub` WRITE;
/*!40000 ALTER TABLE `book_pub` DISABLE KEYS */;
INSERT INTO `book_pub` VALUES (674267,10027),(245341,10078),(943417,10142),(116986,10148),(492934,10219),(870841,10247),(945009,10259),(811771,10288),(838529,10295),(918062,10297),(638615,10451),(805118,10501),(676635,10503),(295074,10722),(247218,10844),(488525,10870),(948381,10872),(577058,10998),(679170,11038),(505896,11150),(183022,11387),(842251,11554),(697399,11561),(512194,11615),(306747,11663),(613978,11799),(377138,11850),(360371,11954),(620647,11979),(138681,12014),(539433,12083),(906447,12107),(180417,12126),(618279,12143),(496752,12176),(866287,12258),(310168,12356),(191650,12362),(376194,12389),(847179,12490),(186347,12559),(177993,12604),(783740,12635),(432420,12708),(729229,12766),(402747,12803),(380713,12861),(432838,12890),(962061,12937),(814807,13181),(280476,13212),(772164,13291),(156861,13396),(861868,13486),(381176,13866),(893859,13983),(889334,14047),(387469,14072),(362196,14088),(415967,14116),(714571,14244),(297525,14349),(819968,14377),(511703,14443),(637961,14472),(960910,14595),(863969,14660),(628459,14748),(193019,15029),(470100,15089),(796438,15149),(586074,15199),(144785,15291),(412879,15393),(770608,15578),(260967,15583),(530035,15686),(733728,15688),(384602,15916),(195847,15983),(583521,16063),(639411,16133),(604428,16249),(600956,16378),(310105,16450),(549223,16471),(660039,16587),(413564,16600),(818751,16794),(259719,16995),(317722,17047),(232441,17171),(224292,17220),(848774,17403),(168828,17588),(730080,17708),(932683,17761),(819091,17796),(988008,17927),(563644,17976),(852760,17978),(582494,17982),(219133,18168),(755448,18273),(674621,18308),(647126,18354),(144985,18461),(853928,18488),(442653,18531),(811880,18658),(889304,18930),(174318,19028),(941812,19064),(885757,19117),(869347,19423),(672572,19468),(519264,19494),(406086,19568),(521135,19580),(366784,19896),(769535,19994),(827161,20004),(972071,20033),(438838,20151),(331379,20212),(569411,20281),(949148,20736),(713280,20951),(532551,20997),(178566,21166),(662840,21251),(969407,21313),(823708,21440),(647550,21585),(419906,21707),(166250,21826),(358227,21883),(861990,21909),(956206,21927),(345792,22020),(343392,22052),(610698,22124),(531051,22239),(813595,22302),(946064,22401),(272266,22454),(880800,22462),(929101,22516),(579728,22625),(855321,22772),(717136,23212),(936861,23232),(600806,23244),(972667,23581),(731605,23702),(224983,23913),(282278,24114),(272508,24155),(452319,24196),(816865,24214),(261753,24246),(806466,24267),(428610,24334),(595419,24432),(663509,24559),(886176,24619),(897502,24738),(343164,24805),(582344,24824),(824932,25068),(787644,25186),(656526,25325),(809149,25529),(717526,25714),(446437,26105),(464034,26392),(646913,26395),(319805,26419),(961192,26425),(657293,26545),(823545,26586),(664676,26619),(397343,26701),(683717,26871),(884177,26880),(476621,27109),(508154,27175),(610940,27275),(385051,27317),(566577,27321),(723627,27415),(375623,27435),(137856,27455),(227531,27469),(155815,27505),(165333,27738),(290215,27780),(969932,27787),(651924,27843),(323649,27847),(940796,27939),(897433,28089),(727181,28135),(513345,28140),(705480,28272),(964643,28312),(465659,28486),(515722,28587),(167358,28758),(182777,28783),(111305,28893),(784121,29018),(654953,29092),(584163,29169),(440206,29200),(760164,29245),(309521,29313),(511247,29371),(103743,29449),(255923,29455),(655880,29546),(443935,29696),(853804,29738),(569289,29806),(814883,29867),(813549,29879),(986054,29987),(158021,29993),(218322,30024),(600101,30215),(940800,30240),(340104,30512),(190330,30656),(276149,30852),(385366,30872),(541188,30997),(452887,31041),(594327,31128),(180477,31139),(253066,31283),(328514,31331),(468188,31369),(393986,31418),(276167,31471),(183396,31644),(129589,31819),(241451,31945),(405618,32273),(924186,32366),(580056,32431),(272736,32463),(393272,32648),(105496,32764),(862184,32782),(697200,32946),(859468,33027),(489408,33111),(844943,33227),(273615,33234),(586249,33338),(524025,33429),(516194,33451),(975840,33464),(498629,33496),(794359,33679),(561660,33786),(868029,33927),(553689,34156),(857544,34323),(627066,34449),(731188,34452),(308995,34556),(457358,34819),(683498,34888),(626717,34990),(121543,35007),(335552,35110),(598749,35139),(726728,35278),(865571,35409),(268910,35425),(211706,35502),(604821,35504),(210912,35507),(352448,35708),(224208,35793),(677562,35844),(850458,35846),(169160,35861),(530452,35898),(859908,35908),(435028,36254),(331592,36322),(901776,36348),(892196,36379),(600669,36428),(881360,36444),(569363,36556),(949131,36677),(239406,36685),(742382,36715),(988481,36865),(767351,36875),(811524,36888),(781346,36912),(290334,36976),(432599,37026),(509926,37049),(260873,37078),(802006,37127),(982633,37166),(109547,37232),(123556,37370),(313988,37375),(669021,37574),(514352,37599),(731445,37670),(504691,37688),(331679,37712),(524436,37843),(949085,37968),(670634,37993),(975849,37999),(546079,38036),(331501,38083),(349361,38146),(390320,38300),(542457,38445),(529233,38843),(951611,39045),(599020,39070),(832251,39139),(542610,39155),(487868,39290),(946840,39304),(584778,39309),(904600,39472),(456463,39604),(499921,39615),(825972,39639),(515304,39647),(868511,39660),(194389,39699),(845481,39796),(170236,39812),(614301,39815),(694736,39879),(343382,39957),(331147,40003),(626139,40011),(381948,40092),(423138,40127),(675218,40254),(410709,40366),(923051,40563),(377058,40580),(843137,40593),(226436,40680),(218713,40688),(946569,40893),(442473,41157),(409989,41322),(343027,41338),(577197,41347),(703154,41397),(701293,41430),(307710,41463),(412237,41493),(587745,41667),(151818,41700),(434288,41789),(893514,41877),(177533,41919),(273192,41938),(579346,42061),(364174,42269),(452411,42450),(446036,42483),(361415,42521),(310843,42744),(834793,42931),(286195,42937),(462009,43029),(856174,43055),(779483,43168),(420518,43393),(281406,43411),(516448,43725),(455951,43826),(325995,43849),(523725,43908),(240414,43929),(601058,44018),(492600,44035),(477581,44038),(715527,44402),(503469,44470),(778639,44521),(238184,44736),(729280,44991),(637184,45026),(498332,45115),(908600,45123),(569150,45136),(981198,45251),(662727,45291),(764396,45409),(602380,45460),(361961,45507),(846547,45517),(473267,45595),(144632,45597),(682836,45685),(863678,45938),(104513,45989),(829017,46106),(127035,46268),(525489,46333),(601942,46475),(176449,46630),(939798,46665),(261212,46839),(690486,46949),(821137,47117),(882085,47205),(881458,47328),(811488,47346),(183240,47384),(716330,47521),(287811,47559),(450697,47565),(598598,47629),(647896,47730),(171012,47967),(345386,48076),(171079,48120),(732552,48250),(781073,48269),(335714,48307),(690855,48352),(312378,48430),(894695,48456),(183817,48618),(204523,48652),(873089,48685),(817469,48808),(143462,48881),(717271,49070),(789124,49095),(560201,49155),(391731,49246),(291552,49441),(295953,49496),(634336,49564),(520639,49706),(850116,49872),(137632,49916),(833932,49932),(886459,50096),(114149,50135),(427229,50322),(785808,50647),(961847,50741),(925565,50779),(603406,50812),(390466,50833),(954629,50879),(124782,50933),(385005,51003),(406569,51360),(809868,51466),(174063,51470),(290550,51572),(923417,51587),(810356,51685),(801797,51690),(499548,51708),(246817,51732),(100951,51849),(566130,51867),(146967,51876),(142661,51972),(815036,52341),(355126,52387),(771603,52487),(653600,52491),(407609,52538),(789627,52622),(594641,52641),(232688,52647),(994147,52716),(837326,53107),(716361,53159),(574331,53305),(380440,53366),(136109,53409),(430094,53421),(552316,53425),(161407,53521),(636491,53554),(632610,53573),(671324,53633),(391076,53660),(891414,53674),(118234,53704),(350138,53765),(365883,53866),(237687,53919),(495727,53977),(516089,54239),(258557,54311),(378233,54382),(259682,54445),(649160,54489),(278587,54492),(195138,54643),(604807,54682),(576501,54716),(221112,55172),(512668,55234),(970417,55337),(357263,56092),(487950,56127),(169121,56174),(764385,56239),(890615,56252),(356065,56664),(911485,56855),(429880,56972),(866722,56990),(347671,57034),(940072,57051),(526883,57146),(638073,57167),(871111,57199),(170872,57231),(442107,57268),(603383,57308),(131713,57407),(831699,57503),(742304,57578),(196542,57650),(762501,57711),(487742,57839),(217276,57870),(721280,57872),(104541,57910),(937659,58073),(911036,58112),(775779,58181),(391197,58462),(233075,58842),(984764,58861),(614761,59256),(812802,59316),(609063,59347),(777003,59363),(434724,59393),(360327,59396),(479699,59598),(118268,59751),(331043,59806),(198362,60050),(992663,60079),(167179,60149),(491398,60256),(219114,60274),(387344,60303),(275408,60699),(154835,60713),(960170,60731),(104132,60848),(884243,60853),(777340,60880),(235695,60937),(844736,61144),(540495,61147),(157624,61202),(568111,61244),(468048,61400),(608143,61550),(570587,61647),(533898,61823),(506275,61885),(278422,62086),(594212,62195),(840426,62219),(473360,62513),(992775,62554),(723861,62673),(708633,62991),(924935,63022),(166137,63206),(916248,63277),(726798,63375),(510406,63452),(846578,63524),(927775,63673),(464588,63690),(633223,63736),(729390,63804),(733367,63815),(276917,64033),(269181,64075),(535270,64151),(748553,64225),(475490,64275),(260084,64317),(540680,64454),(116179,64477),(374933,64530),(803425,64555),(420102,64758),(786938,64924),(972413,65009),(929187,65019),(756060,65109),(583327,65344),(179735,65521),(960100,65542),(281896,65592),(440592,65628),(267741,65651),(556560,65747),(400652,65779),(613472,65844),(672260,65935),(561469,66007),(485889,66071),(938077,66075),(882629,66100),(385480,66217),(360511,66349),(169886,66411),(256307,66510),(408615,66604),(453030,66898),(548241,66948),(251175,67037),(257272,67076),(914724,67092),(398959,67125),(266730,67688),(465809,67701),(441945,67775),(172992,67814),(357760,67995),(743948,68141),(536878,68230),(492756,68309),(131926,68352),(557686,68422),(476717,68607),(980991,68649),(199544,68714),(579279,68772),(456990,68796),(670194,69042),(788219,69045),(669292,69077),(681319,69754),(934542,69762),(805649,69908),(303502,70073),(164700,70208),(188416,70215),(819142,70286),(180182,70309),(712966,70404),(169126,70518),(660079,70598),(753088,70675),(551824,70843),(752195,70864),(496934,70931),(847383,70940),(951949,70988),(485792,71117),(552308,71175),(490670,71296),(730783,71428),(355493,71611),(497306,71709),(497647,71810),(236840,72035),(686440,72267),(460489,72389),(996569,72399),(291701,72421),(834492,72570),(538345,72616),(579699,72740),(378207,72773),(673022,72794),(603411,72805),(471133,72865),(378149,72930),(616873,73092),(529867,73121),(354465,73416),(954650,73442),(414698,73735),(455919,73838),(573619,73983),(189839,74006),(371189,74018),(321210,74042),(544948,74043),(778809,74060),(895073,74086),(238403,74167),(310083,74238),(115508,74329),(241746,74338),(618104,74404),(410890,74417),(152803,74467),(957479,74610),(637192,74784),(468832,74874),(670181,75041),(800635,75163),(665355,75336),(989191,75358),(783359,75581),(494768,75589),(240066,75736),(589331,75841),(556828,75858),(989196,75926),(138960,75978),(805021,75984),(610103,76049),(479563,76090),(641513,76114),(576386,76145),(267319,76266),(773627,76283),(277889,76460),(224522,76482),(412782,76771),(594246,77023),(417580,77091),(499093,77135),(297589,77246),(970679,77266),(621334,77534),(930817,77540),(173203,77878),(551259,77900),(963060,77912),(603768,78112),(536314,78233),(171845,78290),(891943,78359),(309669,78448),(940549,78548),(725012,78572),(377398,78580),(467412,78688),(619692,78694),(291589,78739),(863787,78741),(233285,78782),(978583,79105),(838457,79107),(272754,79142),(781780,79187),(836819,79208),(209870,79228),(930439,79334),(499941,79571),(696702,79580),(925280,79703),(740193,79769),(381536,79922),(490667,80018),(833232,80025),(402742,80146),(651147,80173),(168825,80185),(156627,80206),(562659,80217),(424415,80293),(638309,80471),(469309,80511),(857222,80534),(665630,80539),(252786,80731),(315053,80735),(765671,80877),(226390,80918),(816851,80974),(311731,80980),(651679,81040),(305181,81227),(895566,81656),(626589,82167),(483417,82280),(627824,82386),(248875,82406),(167041,82679),(683418,82746),(818051,82821),(271705,82855),(674615,82979),(152136,82983),(410107,83181),(333201,83244),(934819,83449),(925234,83611),(918586,83651),(412530,83664),(786610,83682),(741553,83788),(416254,83914),(685109,83975),(923428,84065),(429059,84118),(214017,84323),(343251,84410),(347432,84605),(322177,84638),(913449,84790),(595965,84886),(949751,84965),(567592,85029),(181949,85032),(615170,85059),(519155,85256),(148067,85330),(897759,85331),(986620,85390),(341527,85479),(311060,85602),(654227,85632),(782661,85786),(933630,85809),(717540,85831),(890219,86026),(951354,86036),(479308,86044),(835847,86073),(714342,86213),(254599,86226),(166985,86365),(345814,86451),(300540,86484),(157917,86549),(520739,86606),(793598,86780),(319049,86782),(294242,86959),(949200,87180),(768835,87296),(600861,87458),(514169,87668),(468073,87673),(639626,87861),(899892,88022),(309957,88114),(924473,88286),(674817,88311),(676998,88441),(869119,88596),(590073,88625),(378852,88799),(144209,88960),(727683,88983),(582860,88985),(961239,88988),(704891,89121),(191767,89126),(240406,89169),(613879,89184),(755676,89203),(455311,89214),(250212,89292),(209621,89370),(101076,89438),(492329,89472),(536624,89685),(434349,89789),(659851,89866),(515974,89944),(134948,89985),(557088,90026),(968784,90055),(879267,90103),(747659,90147),(499398,90255),(878288,90331),(823339,90524),(457521,90576),(851528,90599),(607513,90686),(655544,90829),(689292,90934),(859423,90993),(267072,91119),(420283,91122),(783932,91165),(209315,91268),(800063,91295),(147374,91410),(931741,91503),(701838,91611),(560883,91653),(693669,91660),(784228,91687),(267083,91693),(422684,91700),(576662,91753),(447544,91794),(555543,91816),(733125,91841),(142571,91869),(891803,91875),(498250,92023),(466977,92083),(902251,92280),(404768,92365),(496673,92407),(218695,92471),(739560,92900),(691072,93223),(280585,93415),(507853,93455),(927098,93700),(642756,93741),(700805,93763),(289729,93780),(316958,93815),(269485,93882),(745651,94078),(265936,94168),(728043,94183),(270271,94234),(736014,94452),(528050,94497),(956723,94582),(768391,94768),(204091,95004),(670245,95050),(408906,95096),(354201,95164),(248390,95326),(264256,95348),(992547,95371),(638155,95462),(735369,95489),(259117,95519),(995317,95780),(631271,95825),(718468,95922),(739328,96069),(913341,96075),(885243,96213),(562735,96214),(514110,96410),(529209,96463),(487909,96523),(541561,96576),(549342,96611),(253202,96662),(588537,96689),(828622,96729),(575598,96922),(509369,96928),(334001,96957),(262351,97044),(277218,97084),(678837,97150),(974335,97368),(197967,97556),(968468,97557),(314088,97733),(345451,97735),(651714,97739),(675083,97778),(486718,97984),(524346,98011),(795281,98199),(763435,98364),(936301,98366),(778089,98517),(279151,98582),(999131,98598),(870930,98668),(981779,98760),(724827,98772),(504348,98917),(358664,99136),(112423,99184),(683812,99221),(219509,99292),(636609,99379),(456259,99840),(668721,99892),(833674,99988);
/*!40000 ALTER TABLE `book_pub` ENABLE KEYS */;
UNLOCK TABLES;

--
-- Table structure for table `books`
--

DROP TABLE IF EXISTS `books`;
/*!40101 SET @saved_cs_client     = @@character_set_client */;
/*!50503 SET character_set_client = utf8mb4 */;
CREATE TABLE `books` (
  `book_ID` int NOT NULL,
  `book_name` varchar(225) NOT NULL,
  `num_pages` int NOT NULL,
  `availability` varchar(45) NOT NULL DEFAULT 'True',
  PRIMARY KEY (`book_ID`),
  CONSTRAINT `books_chk_1` CHECK ((`num_pages` > 0)),
  CONSTRAINT `books_chk_2` CHECK ((`availability` in (_utf8mb4'True',_utf8mb4'False')))
) ENGINE=InnoDB DEFAULT CHARSET=utf8mb4 COLLATE=utf8mb4_0900_ai_ci;
/*!40101 SET character_set_client = @saved_cs_client */;

--
-- Dumping data for table `books`
--

LOCK TABLES `books` WRITE;
/*!40000 ALTER TABLE `books` DISABLE KEYS */;
INSERT INTO `books` VALUES (100951,'Adelaide Williams',428,'False'),(101076,'Glenn Lewis',638,'True'),(103743,'Karen Brehaut',332,'False'),(104132,'Shirley Kimbrel',1094,'False'),(104513,'Steve Stahl',1339,'False'),(104541,'Robyn Moher',1138,'True'),(105496,'Walter Ahuna',890,'False'),(109547,'Dan Watson',30,'False'),(111305,'Ellen Stallings',877,'True'),(112423,'Nathan Gardner',796,'True'),(114149,'Doris Jackson',279,'False'),(115508,'Brittany Owens',1483,'True'),(116179,'Michael Tierney',138,'True'),(116986,'Christopher Hicks',1248,'True'),(118234,'Arianne Wilson',832,'True'),(118268,'Margaret Kuipers',1582,'True'),(121543,'Brandon Wong',1575,'True'),(123556,'Consuela Nunez',282,'True'),(124782,'Rita Yip',1478,'False'),(127035,'Brenda Lee',150,'False'),(129589,'Daniel Gordon',534,'True'),(131713,'Anthony Hill',677,'True'),(131926,'Patrick Pichardo',267,'False'),(134948,'Amy Poyner',760,'False'),(136109,'Randal Compton',407,'False'),(137632,'Shane Charley',504,'False'),(137856,'Roy Sanchez',967,'False'),(138681,'Peter Reece',916,'False'),(138960,'Roy Gailey',259,'False'),(142571,'Leo Brown',1207,'False'),(142661,'Matthew Cooper',1298,'True'),(143462,'Allen Vanderpool',35,'True'),(144209,'Tasha Diekmann',14,'True'),(144632,'Edwin Stevenson',293,'True'),(144785,'Iris Clift',1461,'False'),(144985,'Lynn Magelssen',818,'True'),(146967,'Nancy Muller',295,'False'),(147374,'Charles Simpson',739,'True'),(148067,'Pat Oldham',856,'True'),(151818,'Kimberly Myers',1290,'True'),(152136,'Daniel Hall',1045,'False'),(152803,'Loyd Patel',501,'False'),(154835,'Wm Parker',286,'True'),(155815,'Edward Curtis',1334,'True'),(156627,'Steven Windsor',1504,'True'),(156861,'Gregory Hill',101,'True'),(157624,'Mark Garza',1651,'False'),(157917,'John Beard',746,'True'),(158021,'Jason Gilligan',1183,'False'),(161407,'Katie Horner',1358,'False'),(164700,'Michael Kirby',1685,'True'),(165333,'Edward Wolfe',1022,'True'),(166137,'William Swain',862,'False'),(166250,'Anne Ascher',328,'True'),(166985,'Jonathan Duncan',773,'True'),(167041,'Henry Best',1066,'True'),(167179,'Matthew Mcdaniel',1685,'True'),(167358,'Betty Thompson',958,'False'),(168825,'Bennie Smith',1729,'False'),(168828,'Leroy Blythe',1529,'True'),(169121,'Rickie Miller',689,'False'),(169126,'Judson Borelli',1051,'True'),(169160,'Craig Evans',1606,'True'),(169886,'Gregory Roberts',1225,'True'),(170236,'Patricia Mcrae',913,'False'),(170872,'Richard Gould',261,'True'),(171012,'Jennifer Bailey',888,'True'),(171079,'Cynthia Nagy',1323,'False'),(171845,'Mary Spalding',650,'True'),(172992,'Dolores Quinn',531,'True'),(173203,'Krista Wood',1660,'False'),(174063,'Bobby Humphrey',1618,'False'),(174318,'Bruce Witkowski',635,'True'),(176449,'Lara Mccabe',1088,'False'),(177533,'William Lopez',1519,'False'),(177993,'Mary Hall',1665,'False'),(178566,'Robert Anglin',699,'True'),(179735,'Viola Kyle',1208,'False'),(180182,'Robert Spencer',910,'True'),(180417,'Martha Smith',783,'True'),(180477,'Harry Martin',1622,'True'),(181949,'David English',129,'False'),(182777,'Rufus Olson',185,'False'),(183022,'Mary Fitzgerald',195,'False'),(183240,'Lori Thompson',1500,'True'),(183396,'Theresa Sparks',415,'True'),(183817,'Dorothy Calvert',565,'True'),(186347,'Alton Royer',367,'True'),(188416,'Patricia Hartman',1248,'True'),(189839,'Michelle Hill',287,'True'),(190330,'Philip Kelley',928,'True'),(191650,'Cecil Kennedy',605,'True'),(191767,'Lawrence Rogers',1188,'False'),(193019,'Amanda Tao',1063,'False'),(194389,'Patrick Hayes',590,'True'),(195138,'Paulette Tilton',425,'True'),(195847,'Carol Weston',992,'False'),(196542,'Sonia Puckett',178,'False'),(197967,'Michael George',333,'False'),(198362,'Kenneth Gladney',1268,'True'),(199544,'Ernest Leonard',486,'False'),(204091,'Beatrice Allen',886,'True'),(204523,'Jason Mckenna',462,'False'),(209315,'Jonathan Cummings',188,'True'),(209621,'Stephen Schultz',1678,'True'),(209870,'Kermit Bowman',683,'False'),(210912,'Jacqueline Phillips',775,'False'),(211706,'Jennifer Enriquez',445,'False'),(214017,'Debra Shipp',1683,'False'),(217276,'Martha Stout',652,'True'),(218322,'Ashley Tyndall',517,'True'),(218695,'David Jimenez',896,'True'),(218713,'Daniel Sanders',813,'True'),(219114,'Ann Seymore',1425,'True'),(219133,'Angel Fox',838,'False'),(219509,'Cathy Kelly',1549,'True'),(221112,'Stacey Kuhnle',761,'True'),(224208,'Margaret Valdez',1521,'True'),(224292,'Betty Eaker',1017,'True'),(224522,'Susan Simmons',821,'True'),(224983,'Perry Ponce',1044,'True'),(226390,'Peter Moore',87,'False'),(226436,'Paul Barker',1554,'False'),(227531,'Mark Williams',823,'True'),(232441,'Scott Young',1515,'True'),(232688,'Elizabeth Owens',1283,'True'),(233075,'Michael Gandhi',140,'False'),(233285,'Ricky Cortez',843,'True'),(235695,'Lee Thomas',350,'False'),(236840,'Michelle Kerns',553,'True'),(237687,'Florence Thomas',888,'False'),(238184,'Michael Archibald',1413,'False'),(238403,'Judy Morris',1486,'True'),(239406,'Lawrence Moss',1440,'True'),(240066,'Chris Schmidt',1545,'False'),(240406,'Robert Corner',305,'False'),(240414,'Cindy Martinez',1150,'False'),(241451,'Amber Perez',1382,'True'),(241746,'Jennifer Griffith',203,'False'),(245341,'Ellen Davis',1677,'True'),(246817,'Roy Herron',1726,'True'),(247218,'Maurice Dunham',1683,'True'),(248390,'Ralph Schumpert',1689,'False'),(248875,'George Burkhart',1097,'False'),(250212,'Julie Reynolds',880,'True'),(251175,'Sara Lancaster',1620,'False'),(252786,'Patricia Flores',874,'False'),(253066,'David Howard',1706,'True'),(253202,'Brandon Kaminski',1095,'True'),(254599,'Paris Alvarez',499,'False'),(255923,'Wilbur Hernandez',612,'False'),(256307,'Jason Silago',1784,'True'),(257272,'Christina Warney',1560,'True'),(258557,'William Gomez',505,'False'),(259117,'Ben Baker',1005,'False'),(259682,'Laurence Doctor',295,'True'),(259719,'Jim Bueno',531,'False'),(260084,'Jerry Ramsey',44,'True'),(260873,'Cecil Chambers',1333,'False'),(260967,'Stephanie Breeden',541,'True'),(261212,'Timothy Benton',1663,'True'),(261753,'Randy Douglas',35,'False'),(262351,'Darwin Tiffany',1494,'True'),(264256,'Ruth Case',1319,'False'),(265936,'Jimmy Hicks',803,'True'),(266730,'Geneva Childress',514,'True'),(267072,'Martha Harrison',584,'True'),(267083,'Christopher Zwagerman',1792,'True'),(267319,'Mary Hughes',55,'True'),(267741,'Larry Lee',61,'False'),(268910,'Sandra Harford',951,'True'),(269181,'Justin Bailey',536,'True'),(269485,'Jackie Dotson',1637,'True'),(270271,'Christopher Pride',178,'False'),(271705,'Carlos Bowman',32,'False'),(272266,'Gary Keith',1640,'True'),(272508,'William Douglas',1622,'False'),(272736,'Jamie Cruz',16,'True'),(272754,'Alexander Cacioppo',1356,'False'),(273192,'Maria Adams',745,'False'),(273615,'Rita Bias',902,'False'),(275408,'Ricardo Mcmullen',275,'True'),(276149,'Alison Foote',1040,'False'),(276167,'Pam Fielder',811,'False'),(276917,'Allen Pimentel',370,'True'),(277218,'Ruth Mobley',1391,'False'),(277889,'Isreal Kirkpatrick',818,'True'),(278422,'Dale Dees',205,'False'),(278587,'Sylvia Mason',398,'False'),(279151,'Charles Dewey',1361,'True'),(280476,'Carlo Lambert',1753,'False'),(280585,'Albert Duran',1469,'True'),(281406,'Fredrick Franklin',914,'False'),(281896,'Rodney Ketter',895,'True'),(282278,'Adam Jennings',603,'True'),(286195,'Edward Garo',344,'False'),(287811,'Andres Shepherd',10,'True'),(289729,'Clara Wamsley',1061,'False'),(290215,'Bernadette Nesmith',615,'True'),(290334,'James Heston',85,'True'),(290550,'Meredith Chavira',60,'True'),(291552,'Cindy Tolston',1658,'False'),(291589,'Charles Mendieta',10,'True'),(291701,'Brandi Jones',1660,'False'),(294242,'Kerry Flores',1276,'True'),(295074,'Crystal Long',1730,'False'),(295953,'Beverly Wood',670,'True'),(297525,'Ashley Welch',220,'False'),(297589,'Deloris Strecker',839,'True'),(300540,'Tammy Arrington',523,'False'),(303502,'Betty Green',1747,'True'),(305181,'Christina Small',1396,'True'),(306747,'Harold Walke',266,'False'),(307710,'Bianca Kennedy',1111,'True'),(308995,'Mark Okeefe',1170,'False'),(309521,'Lori Melville',1617,'True'),(309669,'Violet Bienfang',1324,'True'),(309957,'Thomas Panto',1454,'False'),(310083,'Jerry Conner',1707,'False'),(310105,'Carlton Laws',57,'True'),(310168,'Dean Clifford',1383,'True'),(310843,'Julio Whitehead',851,'False'),(311060,'Douglas Martinez',21,'False'),(311731,'Claretha Larson',202,'True'),(312378,'Carol Reiter',1446,'True'),(313988,'Cathy Garfield',1426,'False'),(314088,'Daniel Myers',1789,'True'),(315053,'Shelly Miller',1587,'True'),(316958,'Elvira Darr',658,'True'),(317722,'Miguel Jeremiah',325,'True'),(319049,'Jessica Glaze',1496,'False'),(319805,'Rachel Mchugh',1306,'False'),(321210,'Aaron Diamantopoulo',1261,'False'),(322177,'Paul Schneider',107,'True'),(323649,'Lesley Nash',789,'True'),(325995,'James Fields',1406,'True'),(328514,'Ruth Barraza',173,'True'),(331043,'Julie Johnson',273,'True'),(331147,'Mark Rodgers',269,'True'),(331379,'Carita Aber',973,'True'),(331501,'Justin Sims',921,'True'),(331592,'James Nicolosi',1074,'False'),(331679,'Christopher Nielson',541,'True'),(333201,'Louis Gillis',222,'False'),(334001,'Theodore Zeringue',1571,'False'),(335552,'Glenn Dunn',1389,'False'),(335714,'Jeremy Roberts',527,'True'),(340104,'Rosalie Hall',1676,'True'),(341527,'Bettye Remington',466,'False'),(343027,'Edward Riddle',1637,'False'),(343164,'Kathryn Losacco',993,'False'),(343251,'Shalonda Banks',1738,'True'),(343382,'Nancy Chilton',963,'False'),(343392,'Kristina Mcknight',1154,'True'),(345386,'Alice Settles',1016,'True'),(345451,'Robert Sterns',673,'False'),(345792,'Neil Moshier',352,'False'),(345814,'Gloria Earnest',1604,'True'),(347432,'Alexa Pena',1397,'False'),(347671,'Mary Chi',763,'True'),(349361,'Michael Lawrence',1724,'False'),(350138,'Jeffery Berry',241,'True'),(352448,'Eugenia Scott',1006,'True'),(354201,'Michael Cookman',750,'False'),(354465,'Guadalupe Poff',978,'False'),(355126,'Joe Vance',383,'False'),(355493,'Martha Bey',1254,'False'),(356065,'Carolyn Stroup',1560,'True'),(357263,'Brian Sage',336,'True'),(357760,'Ernest Pacheco',1591,'True'),(358227,'Clarence Holland',1504,'True'),(358664,'Elizabeth Tate',1199,'True'),(360327,'Philomena Howorth',685,'False'),(360371,'John Baez',1284,'False'),(360511,'Robert Haney',217,'False'),(361415,'Ann Holmes',676,'True'),(361961,'David Guel',1768,'False'),(362196,'Patrick Baker',596,'False'),(364174,'Bessie Vasquez',669,'False'),(365883,'Charles Brake',1658,'False'),(366784,'Betty Barnes',445,'False'),(371189,'George Garcia',1291,'False'),(374933,'Geraldine Killion',1055,'True'),(375623,'Elisa Hernandez',1141,'True'),(376194,'Peter Reeder',304,'False'),(377058,'Robert Toller',1239,'True'),(377138,'Muoi Merrill',292,'False'),(377398,'Pam Wilson',1671,'True'),(378149,'John Sammons',1157,'False'),(378207,'Patricia Macvane',1277,'False'),(378233,'Bob Olmstead',732,'False'),(378852,'Cecilia Slattery',1508,'True'),(380440,'Robert Saeler',203,'True'),(380713,'Michael Mccoy',1516,'True'),(381176,'Connie Irby',75,'False'),(381536,'Kristy Ringstaff',85,'True'),(381948,'Manuel Alcaraz',1567,'True'),(384602,'Herman Jackson',1573,'False'),(385005,'Devin Calvin',161,'True'),(385051,'Glenda Naylor',1627,'False'),(385366,'Tonia Sullivan',226,'False'),(385480,'Phillip Grubbs',1333,'True'),(387344,'Lance Wilson',1698,'False'),(387469,'Robert Haffey',536,'False'),(390320,'Jeff Bishop',153,'False'),(390466,'Joseph Lail',496,'True'),(391076,'Mark Roman',146,'True'),(391197,'Reginald Jones',263,'True'),(391731,'Eloise Turner',1269,'False'),(393272,'Reginald Noel',981,'False'),(393986,'Michael Patwell',562,'True'),(397343,'June Skinner',40,'True'),(398959,'Cheryl Littlefield',739,'False'),(400652,'John Ludwig',1168,'False'),(402742,'Clifford Myers',1152,'True'),(402747,'Betty Han',768,'True'),(404768,'Katelyn Herrera',1696,'True'),(405618,'Mary Laxson',283,'True'),(406086,'Marina Spickard',422,'True'),(406569,'Irene Hawkins',1329,'False'),(407609,'Claudine Avila',1227,'True'),(408615,'Rafael Hunt',711,'False'),(408906,'Rosa Washington',986,'False'),(409989,'Diane Brown',1291,'False'),(410107,'Jodi Murry',324,'False'),(410709,'Doris Lott',1794,'False'),(410890,'James Lee',572,'False'),(412237,'James Monroe',1260,'True'),(412530,'Gerald Ray',768,'False'),(412782,'Geraldine Dunkleberger',17,'True'),(412879,'Jonathan Tregre',1331,'False'),(413564,'Donald Sirwet',573,'False'),(414698,'Kenneth Peterson',230,'False'),(415967,'Thanh Knower',247,'False'),(416254,'Stephany Muddaththir',1306,'False'),(417580,'Esther Howard',298,'True'),(419906,'Mary Carpenter',1135,'True'),(420102,'Eddie Sarwinski',1577,'False'),(420283,'Kelly Sparks',366,'False'),(420518,'Mae Bidwell',293,'False'),(422684,'Donna Mcallister',867,'True'),(423138,'Dawn Martin',15,'False'),(424415,'Arthur Williams',835,'True'),(427229,'Daryl Spaulding',142,'False'),(428610,'Jacquelyn Calabro',797,'True'),(429059,'Shawn Burgess',815,'True'),(429880,'Roman Matos',1752,'False'),(430094,'Robert Bush',1011,'False'),(432420,'Bambi Jacobs',1196,'True'),(432599,'Vickie Holmes',935,'True'),(432838,'Earl Saathoff',553,'True'),(434288,'Casey Nguyen',1445,'True'),(434349,'Mark Vroom',684,'True'),(434724,'John Peveto',1480,'False'),(435028,'Douglas Fair',462,'False'),(438838,'Russell Mcdonald',219,'True'),(440206,'Mary Young',633,'True'),(440592,'Bernice Turner',1164,'False'),(441945,'Eddie Hernandez',1525,'False'),(442107,'George Scott',267,'True'),(442473,'Patricia Santiago',1336,'False'),(442653,'Larry Ayers',360,'False'),(443935,'Anthony Johnson',1096,'False'),(446036,'Michael Quarles',1591,'True'),(446437,'Joseph Rendon',1247,'True'),(447544,'Rita Drake',110,'True'),(450697,'Stacy Racine',1686,'True'),(452319,'Michael Otten',733,'False'),(452411,'Ellen Cox',1399,'True'),(452887,'Charmaine Gaulke',936,'True'),(453030,'Kimberly Hollingsworth',1237,'True'),(455311,'Joan Falcon',637,'False'),(455919,'Erna Castro',608,'False'),(455951,'Richard Shellhamer',520,'True'),(456259,'Roy Lawson',1326,'True'),(456463,'Christopher Purdy',421,'True'),(456990,'Brian Feuerborn',1245,'False'),(457358,'Monica Rowe',178,'False'),(457521,'Hannah Decker',1135,'False'),(460489,'Andrew Kless',1246,'True'),(462009,'Bianca Moten',663,'False'),(464034,'Robert Thomas',1190,'True'),(464588,'Frank Carr',651,'True'),(465659,'Sandra Laurent',314,'True'),(465809,'Sandra Holmes',1413,'False'),(466977,'Valerie Westover',1782,'True'),(467412,'Henry Radcliffe',237,'True'),(468048,'Naomi Mayo',1326,'True'),(468073,'Herman Parra',972,'True'),(468188,'Nellie Foran',407,'False'),(468832,'Rachael Thompson',1242,'True'),(469309,'Keri Resner',1777,'False'),(470100,'Raymond Pugh',95,'True'),(471133,'Mary Mcdonald',1403,'False'),(473267,'William Powell',254,'False'),(473360,'Patricia Zambrano',1065,'False'),(475490,'Patsy Sosa',360,'True'),(476621,'Sandra Childers',916,'False'),(476717,'Alonzo Perry',250,'False'),(477581,'Samantha Carter',38,'False'),(479308,'Victor Breland',574,'True'),(479563,'Benjamin Reagin',1503,'False'),(479699,'Christopher Blanchard',585,'False'),(483417,'Dollie Minshall',54,'False'),(485792,'Michael Polcovich',1302,'False'),(485889,'Mary Theriault',1245,'False'),(486718,'Michael Varney',903,'True'),(487742,'Curtis Poole',556,'False'),(487868,'Alex Thompson',213,'False'),(487909,'Shirley Davis',1132,'True'),(487950,'Charlie Kazanjian',136,'False'),(488525,'Mattie Carroll',1210,'True'),(489408,'Mathew Fredrick',242,'True'),(490667,'Nancy Lanham',1212,'False'),(490670,'Orville Quagliano',1042,'False'),(491398,'Dawn Grogan',553,'True'),(492329,'Mariana Grubbs',467,'True'),(492600,'James Bangert',1576,'True'),(492756,'Jean Lowe',1642,'True'),(492934,'Linda Scales',26,'True'),(494768,'Therese Bushby',411,'True'),(495727,'Christina Mason',1251,'True'),(496673,'Dean Manriquez',1370,'False'),(496752,'Maria Hodges',1328,'True'),(496934,'Olga Mccormick',1723,'False'),(497306,'Margaret Stewart',1645,'True'),(497647,'Wilbert Mudget',672,'True'),(498250,'Stephanie Bison',715,'False'),(498332,'Paul Moore',1640,'True'),(498629,'Doris Edwards',1444,'False'),(499093,'Pamela Johnson',356,'False'),(499398,'Hugh Wolfe',160,'False'),(499548,'Margarette Groves',608,'True'),(499921,'Elenor Sullivan',954,'False'),(499941,'Melissa Dangerfield',1789,'True'),(503469,'Ryan Dix',231,'True'),(504348,'Susan Huddleston',911,'True'),(504691,'Fred Yost',1025,'True'),(505896,'Raymond Staggs',1480,'False'),(506275,'Ruth Tran',1188,'False'),(507853,'Terry Jackson',1178,'True'),(508154,'Roberta Madrigal',1786,'False'),(509369,'Enrique Mckinnon',183,'False'),(509926,'Timothy Kemper',303,'False'),(510406,'Cody Helms',1768,'False'),(511247,'Judy Violet',1554,'True'),(511703,'Leslie Shaw',1411,'True'),(512194,'Joseph Valentine',367,'False'),(512668,'Roosevelt Melin',969,'False'),(513345,'Troy Lilly',203,'False'),(514110,'Nathan Hunter',1508,'False'),(514169,'Rebekah Marin',975,'True'),(514352,'Hector Pellham',701,'True'),(515304,'Andrew Garcia',1294,'True'),(515722,'Charlotte Nelson',1287,'False'),(515974,'Theresa Brown',1764,'True'),(516089,'Sarah Whitley',611,'False'),(516194,'Greg West',800,'True'),(516448,'Rodney Moore',994,'False'),(519155,'Denise Mcluen',361,'True'),(519264,'Christopher Murray',1064,'True'),(520639,'Jennifer Abel',364,'False'),(520739,'Jonathan Anderson',1715,'True'),(521135,'Rachelle Lisby',84,'False'),(523725,'James Teller',103,'True'),(524025,'Dawn Garza',519,'False'),(524346,'Edward Garduno',725,'False'),(524436,'Arlene Murphy',1174,'True'),(525489,'Wesley Boom',258,'False'),(526883,'Veronica Wadsworth',1339,'False'),(528050,'Valerie Coleman',834,'False'),(529209,'Morris Podesta',1070,'True'),(529233,'Robert Braddy',1090,'True'),(529867,'Anita Suther',138,'True'),(530035,'Heidi Carr',161,'False'),(530452,'Roberto Chase',1456,'False'),(531051,'Chris Smith',1772,'True'),(532551,'Pearl Garcia',1528,'False'),(533898,'Martha King',1329,'True'),(535270,'Sharon Reed',1421,'True'),(536314,'John Odougherty',1377,'True'),(536624,'Angela Greenwood',1187,'False'),(536878,'Valeria Miller',1236,'False'),(538345,'Lesli Stack',1353,'False'),(539433,'Bradley Toth',128,'True'),(540495,'Dorothy Vesely',930,'False'),(540680,'Jasmine Morgan',1230,'True'),(541188,'Ann Rayfield',1476,'False'),(541561,'Marjorie Parker',1591,'True'),(542457,'Dana Modglin',615,'True'),(542610,'Kathryn Welch',248,'False'),(544948,'Katrina Anderson',183,'False'),(546079,'Walter Mcgrew',1610,'True'),(548241,'Daniel Robinson',609,'False'),(549223,'Nellie Vincente',1268,'False'),(549342,'Sean Brown',174,'True'),(551259,'Homer Daniels',710,'False'),(551824,'Roger Garner',637,'True'),(552308,'Norman Camper',1540,'True'),(552316,'Geneva Williams',463,'True'),(553689,'Amy Sanchez',100,'True'),(555543,'Henry Zahri',96,'True'),(556560,'Ruby Moody',607,'False'),(556828,'Howard Thomas',497,'True'),(557088,'Tiffany Lee',1320,'True'),(557686,'Robert Wade',1387,'False'),(560201,'Eleanor Winchell',602,'True'),(560883,'Helen Stiner',1077,'True'),(561469,'William Mikeska',1412,'True'),(561660,'Margaret Stancliff',1242,'False'),(562659,'Mary Love',325,'True'),(562735,'Peter Cates',881,'False'),(563644,'Kim Parra',1710,'False'),(566130,'Leo Rinks',1659,'True'),(566577,'Yolanda Watson',1114,'False'),(567592,'James Holdsworth',1595,'False'),(568111,'Lorraine Campbell',1146,'True'),(569150,'Jose Kelley',488,'False'),(569289,'Earle Ragland',428,'False'),(569363,'Mark Corrigan',890,'True'),(569411,'Leroy Coggin',914,'False'),(570587,'John Nutt',1284,'True'),(573619,'William Legault',1071,'False'),(574331,'Mona Mattingly',733,'False'),(575598,'Freeda Hawkins',1698,'False'),(576386,'Lise Niss',1034,'True'),(576501,'Michael Robertson',757,'True'),(576662,'Gerard Carson',1170,'True'),(577058,'Thomas Schlagel',1456,'True'),(577197,'John Allen',1606,'False'),(579279,'Vickie Morton',616,'True'),(579346,'Jamie Bernard',584,'False'),(579699,'David Griffin',917,'False'),(579728,'Dianne Causey',1508,'False'),(580056,'Michael Somers',121,'False'),(582344,'Bruce Mcentyre',209,'False'),(582494,'Kirstin Young',193,'False'),(582860,'Andrew Donaldson',1455,'False'),(583327,'Brandon Davis',1503,'True'),(583521,'Lisha Hurley',923,'True'),(584163,'Steve Carrington',900,'False'),(584778,'Bonnie Hardy',445,'False'),(586074,'John Pritchett',289,'False'),(586249,'James Phillips',538,'False'),(587745,'Robert English',1661,'True'),(588537,'Hope Shaw',1598,'True'),(589331,'Shirley Denman',1302,'False'),(590073,'Lillie Fenton',1217,'False'),(594212,'Heather Nino',1783,'True'),(594246,'Patricia Goldie',1798,'False'),(594327,'William Taylor',254,'False'),(594641,'George Munoz',842,'False'),(595419,'Robert Hitchcock',798,'True'),(595965,'Stephen Cooper',1550,'False'),(598598,'Christopher Moreno',919,'False'),(598749,'Lorean Mcclure',1615,'False'),(599020,'Betty Fountain',1097,'False'),(600101,'Ruth Dowell',938,'True'),(600669,'Loretta Davis',1090,'False'),(600806,'Albert Hague',531,'False'),(600861,'Maggie Titus',831,'True'),(600956,'Phillip Lundy',1060,'True'),(601058,'Anthony Yurek',1198,'True'),(601942,'Robert Ashley',390,'True'),(602380,'Eric Patton',1447,'True'),(603383,'David Walters',1196,'False'),(603406,'Julia Leggette',931,'True'),(603411,'Kim Kelly',304,'True'),(603768,'Tara Carter',11,'False'),(604428,'Lashawn Thomas',825,'False'),(604807,'Helen Mcvey',653,'True'),(604821,'Brian Warren',1139,'False'),(607513,'Mark Beaudoin',845,'False'),(608143,'John Mahoney',1276,'False'),(609063,'Regina Saas',1770,'False'),(610103,'Warren Sutton',1161,'False'),(610698,'Quentin Stout',253,'True'),(610940,'Orlando Kim',421,'True'),(613472,'David Preston',1038,'False'),(613879,'James Litecky',1047,'True'),(613978,'Melody Hanks',1526,'True'),(614301,'Michael Hill',1152,'False'),(614761,'Brent Streeter',956,'False'),(615170,'Jason Cruz',698,'False'),(616873,'Dustin Apel',1308,'True'),(618104,'Sylvester Blackard',773,'False'),(618279,'Eva Bratcher',519,'True'),(619692,'Joseph Sagon',662,'True'),(620647,'Beth Gregor',690,'True'),(621334,'Leslie Jolly',1422,'True'),(626139,'Shirley Wright',1290,'True'),(626589,'Julie Smith',1302,'False'),(626717,'Amber Bower',679,'False'),(627066,'Irene Hammond',1257,'False'),(627824,'Jerry Tisdale',1313,'True'),(628459,'Roger Huot',1748,'False'),(631271,'Carl Zimmerman',1348,'True'),(632610,'Blanch Howard',1311,'False'),(633223,'Leland Wenstrom',1731,'False'),(634336,'Patricia Bouton',1567,'True'),(636491,'Carol Pettway',1770,'True'),(636609,'Lisa Taylor',1190,'True'),(637184,'Helen Grimes',1743,'False'),(637192,'Priscilla Garcia',860,'True'),(637961,'Rosalyn Simpson',911,'False'),(638073,'Elizabeth Talbot',488,'False'),(638155,'Alexander Falgout',1646,'False'),(638309,'Timothy Segraves',843,'False'),(638615,'Elaine Miller',839,'True'),(639411,'Raymond Hahn',1522,'False'),(639626,'Mack Roberts',689,'False'),(641513,'Dustin Almanza',168,'False'),(642756,'Misty Lovins',1523,'False'),(646913,'John Romer',362,'True'),(647126,'Scott Howell',160,'False'),(647550,'Norma Stanwick',1132,'False'),(647896,'Thomas Oglesby',184,'True'),(649160,'James Lunsford',675,'True'),(651147,'Tonja Woods',169,'True'),(651679,'Luz Griffin',942,'True'),(651714,'Regina Walker',1541,'True'),(651924,'Stefanie Lewis',1157,'True'),(653600,'Maria White',941,'True'),(654227,'Ralph Middleton',1107,'False'),(654953,'James Leather',1516,'False'),(655544,'Michael Brackenridge',1585,'True'),(655880,'Aida Fairhurst',1724,'False'),(656526,'Tammy Devoe',151,'False'),(657293,'Theresa Begay',1542,'True'),(659851,'Stephen Youngman',887,'True'),(660039,'David Tran',1709,'True'),(660079,'Neil Englehart',1207,'False'),(662727,'Sara Richmond',772,'False'),(662840,'Joseph Young',40,'True'),(663509,'Penni Thomas',288,'True'),(664676,'Ronald Payne',1796,'False'),(665355,'Lashawn Colin',134,'False'),(665630,'Trent Ludwig',130,'True'),(668721,'Christopher Forbis',989,'False'),(669021,'Jose Martin',259,'True'),(669292,'Andre Hardeman',1260,'False'),(670181,'George Paiz',397,'False'),(670194,'Gretchen Stewart',1079,'False'),(670245,'Judy Chavez',301,'True'),(670634,'Debbie Aviles',703,'False'),(671324,'Tim Dameron',1483,'True'),(672260,'Jose Morley',1438,'False'),(672572,'William Milligan',1152,'False'),(673022,'Larry Burrell',861,'True'),(674267,'Charles Moore',210,'False'),(674615,'Tonia Boore',1046,'False'),(674621,'Ryan Chalifoux',302,'False'),(674817,'Gregory Simmons',860,'False'),(675083,'Michael Aumiller',1100,'False'),(675218,'Charles Sowl',1282,'False'),(676635,'Kenneth Coleman',1592,'True'),(676998,'Gerald Osborn',689,'False'),(677562,'Joseph Mosley',1774,'False'),(678837,'Mildred Turner',207,'True'),(679170,'Thomas Rice',1037,'True'),(681319,'Nicole Mchale',1718,'True'),(682836,'Jerrell Penn',920,'True'),(683418,'Alison Woodard',606,'False'),(683498,'Helen Clarke',1714,'True'),(683717,'Paul Burton',225,'False'),(683812,'Sherry Bilal',1624,'False'),(685109,'Cheryl Barks',1472,'False'),(686440,'George Whitford',858,'False'),(689292,'Patricia Reigstad',913,'False'),(690486,'Stanley Shafer',945,'False'),(690855,'Eugene Lansdell',1685,'False'),(691072,'Erin Young',286,'True'),(693669,'Kim Lawrence',1768,'True'),(694736,'Jeanette Wilson',631,'True'),(696702,'Albert Sabin',936,'False'),(697200,'Ruben Elsey',473,'False'),(697399,'Warren Greene',616,'True'),(700805,'Steve Laigo',1378,'True'),(701293,'Monica Allison',844,'True'),(701838,'Eva Mcgibbon',256,'False'),(703154,'Sammie Johnston',436,'False'),(704891,'William Gomez',1631,'False'),(705480,'Nancy House',62,'True'),(708633,'Kirk Walker',888,'True'),(712966,'Barbara Vandoren',576,'False'),(713280,'Abel Brown',135,'False'),(714342,'Maurine Cooper',1670,'False'),(714571,'Muriel Daley',1243,'True'),(715527,'Joseph Williams',701,'False'),(716330,'Frances Napier',439,'False'),(716361,'Sean Mccollom',798,'True'),(717136,'Lavon Lewis',902,'True'),(717271,'Camille Ricci',137,'True'),(717526,'Hattie Boland',781,'False'),(717540,'Lois Callen',1663,'True'),(718468,'Jolynn Connor',688,'False'),(721280,'Joan Mccarter',573,'False'),(723627,'Christine Owens',868,'True'),(723861,'Erwin Silva',1793,'False'),(724827,'Amy Cambell',194,'False'),(725012,'Dollie Shaw',860,'False'),(726728,'William Norton',1211,'False'),(726798,'Angela Joseph',1436,'True'),(727181,'Mary Garner',1537,'False'),(727683,'Earl Denney',1564,'True'),(728043,'Brittany Durst',1342,'True'),(729229,'Michael Pash',1424,'False'),(729280,'Bryan Jones',639,'True'),(729390,'Valorie Alderman',101,'True'),(730080,'Maryann Riblett',1375,'True'),(730783,'Barbra Harris',518,'False'),(731188,'Bridgette Schmidt',956,'True'),(731445,'Lauren Stier',417,'False'),(731605,'Viola Cahoon',721,'True'),(732552,'Tammy Gonzalas',258,'False'),(733125,'Ronald Houston',1273,'True'),(733367,'Sandra Orick',713,'True'),(733728,'Michael Duenes',1798,'True'),(735369,'Angela Montoya',1800,'True'),(736014,'James Skaggs',861,'False'),(739328,'Helen Chestnut',1444,'True'),(739560,'Naomi Gentry',709,'False'),(740193,'Daniel Long',1719,'False'),(741553,'Theresa Cornelison',831,'False'),(742304,'Richard Collins',1349,'False'),(742382,'Donna Peterson',939,'True'),(743948,'Stephanie Collins',846,'True'),(745651,'Rick Gamboa',497,'True'),(747659,'Patricia Burris',154,'True'),(748553,'Heather Morgan',1146,'False'),(752195,'Molly Ortiz',1067,'False'),(753088,'Julian Jefferson',353,'True'),(755448,'Veronica Reeves',1671,'False'),(755676,'Janet Robert',1769,'False'),(756060,'Warren Roller',1296,'True'),(760164,'Linda William',946,'True'),(762501,'Faye Duarte',1418,'False'),(763435,'Pedro Davidson',1220,'False'),(764385,'Lois Watson',1482,'False'),(764396,'James Duprey',39,'True'),(765671,'Alan Wilson',1728,'True'),(767351,'Billy Eudy',415,'True'),(768391,'Joseph Judd',1428,'True'),(768835,'Richard Bendel',1696,'True'),(769535,'Joseph Webster',1763,'True'),(770608,'Harrison Sanford',133,'True'),(771603,'Bob Wood',1398,'True'),(772164,'Don Turnbull',811,'True'),(773627,'Carla Chambers',557,'False'),(775779,'Dorothy Baker',1571,'True'),(777003,'Sylvia Whistler',422,'True'),(777340,'George Lopez',169,'True'),(778089,'Charles Mayo',666,'False'),(778639,'Harriet Westray',1073,'False'),(778809,'Mary Lozano',418,'True'),(779483,'Luis Pinson',366,'False'),(781073,'Alfredo Williams',1476,'True'),(781346,'Vance Cleaver',1613,'True'),(781780,'Andrew Morgan',223,'False'),(782661,'Rose Matheny',1050,'True'),(783359,'Leslie Ray',181,'True'),(783740,'Joshua Reed',1586,'True'),(783932,'Margarita Firestone',1643,'False'),(784121,'Gene Hernandez',327,'False'),(784228,'Jillian Oliva',368,'True'),(785808,'Timothy Ward',791,'True'),(786610,'Frank Armour',541,'False'),(786938,'Diana Thomas',178,'False'),(787644,'Kendra Dick',502,'False'),(788219,'Frances Roche',1474,'False'),(789124,'John Tapia',792,'False'),(789627,'Shawn Lamb',1598,'False'),(793598,'Maurice Perkins',1643,'False'),(794359,'Elza King',1331,'True'),(795281,'Anthony Gonzalez',338,'True'),(796438,'Robert Douglass',1050,'False'),(800063,'Frederick Barton',1671,'True'),(800635,'Wanda Lambert',999,'False'),(801797,'Robert Bjorseth',1522,'False'),(802006,'Bonnie Purtell',259,'False'),(803425,'Margaret Reiff',1432,'False'),(805021,'Yvonne Martinez',1378,'False'),(805118,'Solomon Hogan',1582,'True'),(805649,'Ross Funkhouser',254,'True'),(806466,'Herman Butler',794,'True'),(809149,'Robert Quintero',1591,'False'),(809868,'Victor Washington',1162,'False'),(810356,'Bernard Wagner',749,'True'),(811488,'Adele Owens',1287,'False'),(811524,'Marybeth Hall',1121,'True'),(811771,'Anthony Quillen',149,'True'),(811880,'Gloria Lawler',1192,'False'),(812802,'Ana Mccreary',775,'False'),(813549,'Vincent Billings',1160,'False'),(813595,'Lala Phillips',320,'False'),(814807,'Camila Mendieta',1716,'True'),(814883,'Michele Powell',718,'False'),(815036,'Dick Nguyen',481,'True'),(816851,'Heather Weber',651,'False'),(816865,'Brittany Rosemond',11,'False'),(817469,'David Mason',1022,'True'),(818051,'Johnny Figley',1252,'False'),(818751,'Leonard Rancourt',1732,'False'),(819091,'Santa Nunemaker',1133,'True'),(819142,'William Foley',184,'True'),(819968,'Wayne Noble',1646,'True'),(821137,'Nicole Stafford',1670,'False'),(823339,'Kathleen Bretthauer',1263,'True'),(823545,'Adela Lukow',773,'False'),(823708,'Dorothy Roberts',46,'False'),(824932,'Flavia Seagraves',782,'False'),(825972,'Reinaldo Berhe',803,'True'),(827161,'Ronald Maisel',1767,'True'),(828622,'Patricia Tackett',921,'True'),(829017,'Frederick Ferrell',1122,'False'),(831699,'Clement Hopkins',763,'True'),(832251,'Vanessa Rolling',1721,'False'),(833232,'Leona Stallworth',288,'False'),(833674,'Virginia Cole',1392,'False'),(833932,'Maggie Follmer',1109,'True'),(834492,'Justin Doughty',314,'True'),(834793,'Mary Huff',684,'False'),(835847,'Hermelinda Cannon',765,'False'),(836819,'Victor Moore',1200,'False'),(837326,'Amanda Mitchell',937,'True'),(838457,'Simone Toenges',103,'True'),(838529,'Mario Potter',124,'True'),(840426,'Philip White',28,'False'),(842251,'Daniel Huisenga',1521,'False'),(843137,'Kory Boyd',310,'False'),(844736,'Isabelle Bumpus',1526,'False'),(844943,'Timothy James',975,'False'),(845481,'Dahlia Beggs',610,'True'),(846547,'Lisa Cogdill',845,'True'),(846578,'Mary Perez',792,'True'),(847179,'Merrill Pears',462,'True'),(847383,'Michael Crain',333,'False'),(848774,'Virginia Broege',616,'True'),(850116,'Mark Dias',258,'True'),(850458,'Nancy Williams',1172,'False'),(851528,'Pearl Francis',813,'False'),(852760,'Mary Bell',232,'True'),(853804,'Valerie Knedler',310,'False'),(853928,'Dora Matthews',190,'False'),(855321,'Dorothy Martinez',1627,'False'),(856174,'Jeffery Wallace',1214,'True'),(857222,'Randy Bailey',241,'False'),(857544,'Richard Ippolito',334,'False'),(859423,'Tiffiny Gaither',319,'True'),(859468,'Silvia Thomas',1668,'True'),(859908,'Lana Negron',550,'True'),(861868,'Matthew Burke',1582,'True'),(861990,'James Koehne',1088,'True'),(862184,'Emily Voss',196,'False'),(863678,'Beulah Repp',1657,'False'),(863787,'Lois Reed',1452,'True'),(863969,'Maryanne Bettis',151,'False'),(865571,'Lillie Coffman',356,'False'),(866287,'George Kaufman',124,'True'),(866722,'Christopher Williams',463,'True'),(868029,'Tommy Bailey',1043,'True'),(868511,'Brittany Conner',125,'False'),(869119,'Keith Whitten',1040,'True'),(869347,'Lindsey Conley',1141,'True'),(870841,'Jeffrey Knox',798,'False'),(870930,'Samuel Buckner',1436,'True'),(871111,'Carrie Kunzel',1634,'False'),(873089,'Zachary Long',44,'True'),(878288,'Keith Holley',764,'False'),(879267,'Greg Carle',1790,'True'),(880800,'Joseph Noel',1232,'False'),(881360,'Timothy Jackson',804,'True'),(881458,'Jeffrey Neal',494,'True'),(882085,'Thomas Vanderweide',356,'True'),(882629,'Phil Funes',158,'False'),(884177,'Raymond Miller',259,'False'),(884243,'Roland Williams',494,'True'),(885243,'Nellie Dugan',613,'True'),(885757,'Valerie Barnett',299,'True'),(886176,'Jean Rogers',742,'False'),(886459,'Tara Overturf',69,'False'),(889304,'Wendy Young',852,'False'),(889334,'Carl Wilt',673,'False'),(890219,'Louise Smith',726,'False'),(890615,'Ella Barette',430,'True'),(891414,'Warren Pugh',965,'True'),(891803,'Holly Bauer',668,'False'),(891943,'Nicole Davis',1188,'True'),(892196,'James Olsen',1700,'False'),(893514,'Jennifer Baker',1440,'True'),(893859,'Sandra Lee',208,'False'),(894695,'Del Weaver',10,'True'),(895073,'Virginia Richardson',1519,'False'),(895566,'Lisa Harvey',1053,'True'),(897433,'Helen Cooke',963,'True'),(897502,'Mary Dahlgren',678,'True'),(897759,'Sabrina Reynolds',1250,'False'),(899892,'Brandy Allison',325,'True'),(901776,'Linda Martin',594,'True'),(902251,'Matthew Mohammad',1348,'False'),(904600,'Rose Halm',1005,'False'),(906447,'Kenny Butler',1002,'True'),(908600,'Olivia Kennedy',1018,'False'),(911036,'Elizabeth Reulet',366,'True'),(911485,'Maxwell Gouveia',1725,'True'),(913341,'Gilberte Burleson',1287,'False'),(913449,'Dolores Chrisco',101,'False'),(914724,'Laura George',667,'True'),(916248,'Bonnie Crimmins',1615,'True'),(918062,'Gary Anderson',1446,'True'),(918586,'Barbara Needleman',1094,'True'),(923051,'Robert Lichty',722,'False'),(923417,'Karla Melton',1742,'True'),(923428,'Brenda Caraway',1081,'True'),(924186,'Jessica Turner',243,'False'),(924473,'Christopher Deck',1012,'False'),(924935,'Bobby Rudasill',806,'False'),(925234,'Harriet Bermeo',786,'True'),(925280,'Joe Buford',1773,'True'),(925565,'Joseph Lawrence',1611,'False'),(927098,'Mitzi Macdonald',1276,'True'),(927775,'Heriberto Carroll',473,'False'),(929101,'Cleopatra Harnish',150,'True'),(929187,'Lynne Chasin',1334,'False'),(930439,'Phyllis Morales',1271,'False'),(930817,'Patricia Watkins',619,'False'),(931741,'Brenda Lomack',1799,'False'),(932683,'George Jaworski',978,'True'),(933630,'Jerald Mendez',589,'False'),(934542,'Jayne Gunnell',983,'True'),(934819,'Kay Presha',1759,'True'),(936301,'Nellie Silva',904,'False'),(936861,'Nellie Meier',60,'True'),(937659,'Jimmie Humphrey',1237,'True'),(938077,'Steven Basye',170,'False'),(939798,'Heather Smith',90,'False'),(940072,'Shirley Altamirano',513,'False'),(940549,'Aaron Kuster',1779,'True'),(940796,'Christopher Faris',85,'False'),(940800,'Jose Beck',793,'True'),(941812,'Joyce Guiles',1476,'False'),(943417,'Lionel Jones',1491,'False'),(945009,'Connie Cieslinski',1425,'True'),(946064,'Albert Smith',785,'False'),(946569,'Matthew Baker',919,'True'),(946840,'Heather Leahy',1719,'False'),(948381,'Janice Menendez',158,'True'),(949085,'Shana Espinoza',1157,'True'),(949131,'Helen Bolanos',595,'False'),(949148,'Janet Geiger',632,'False'),(949200,'Craig Smith',1137,'False'),(949751,'Edward Fernandez',1113,'False'),(951354,'Carol Stumpff',197,'False'),(951611,'Kelly Seibert',227,'True'),(951949,'Margaret Wolfe',1233,'True'),(954629,'Debra Gaucin',1058,'True'),(954650,'Liana Holifield',401,'False'),(956206,'Raymond Ortiz',318,'True'),(956723,'Amelia Wood',1796,'True'),(957479,'Jane Krumholz',1154,'False'),(960100,'Sharda Hardman',1081,'True'),(960170,'James Amelung',903,'False'),(960910,'John Lapierre',1154,'True'),(961192,'Bruno Campbell',1629,'True'),(961239,'Robert Hawley',1723,'False'),(961847,'Craig Jones',158,'False'),(962061,'Adina Harris',253,'False'),(963060,'Dorothy Miller',89,'False'),(964643,'Roderick Yentsch',1712,'False'),(968468,'Michael Contreras',1248,'True'),(968784,'Josiah Neale',853,'True'),(969407,'Beth Miller',237,'True'),(969932,'Joseph Molina',1365,'False'),(970417,'Ethel Clark',1552,'True'),(970679,'Marquis Cooper',1367,'True'),(972071,'Ruth Miller',845,'False'),(972413,'Loretta Cohen',1070,'True'),(972667,'Janelle Johnson',1236,'True'),(974335,'Ruth Smith',937,'False'),(975840,'Heather Courtney',783,'True'),(975849,'Alberta Ugalde',567,'False'),(978583,'Nina Hill',1530,'True'),(980991,'Mary Labbie',1347,'False'),(981198,'John Santomauro',1582,'False'),(981779,'Donald Lance',1013,'True'),(982633,'Joanna Davis',1486,'False'),(984764,'Jose Butler',582,'False'),(986054,'Beverly Rodriguez',490,'True'),(986620,'Wanda Schumacher',1526,'True'),(988008,'Kathleen Shanahan',619,'True'),(988481,'Pamela Brown',1794,'False'),(989191,'Patrick Stowers',894,'True'),(989196,'Joanne Bennerson',989,'False'),(992547,'Eleanor Constantino',1706,'True'),(992663,'Christopher Taylor',153,'True'),(992775,'Katherine Wadas',170,'True'),(994147,'Raymond Asmus',1045,'False'),(995317,'Carolyn Hedlund',1007,'True'),(996569,'Ryan Cox',1086,'False'),(999131,'Mary Park',1771,'True');
/*!40000 ALTER TABLE `books` ENABLE KEYS */;
UNLOCK TABLES;

--
-- Table structure for table `books_purchase`
--

DROP TABLE IF EXISTS `books_purchase`;
/*!40101 SET @saved_cs_client     = @@character_set_client */;
/*!50503 SET character_set_client = utf8mb4 */;
CREATE TABLE `books_purchase` (
  `purchase_ID` int NOT NULL,
  `price` int NOT NULL,
  `purchase_date` datetime DEFAULT NULL,
  PRIMARY KEY (`purchase_ID`)
) ENGINE=InnoDB DEFAULT CHARSET=utf8mb4 COLLATE=utf8mb4_0900_ai_ci;
/*!40101 SET character_set_client = @saved_cs_client */;

--
-- Dumping data for table `books_purchase`
--

LOCK TABLES `books_purchase` WRITE;
/*!40000 ALTER TABLE `books_purchase` DISABLE KEYS */;
INSERT INTO `books_purchase` VALUES (1,120000,'2012-06-27 00:00:00'),(2,105000,'2012-07-27 00:00:00'),(3,20000,'2014-07-12 00:00:00'),(4,356000,'2012-06-27 00:00:00'),(5,356000,'2012-06-27 00:00:00');
/*!40000 ALTER TABLE `books_purchase` ENABLE KEYS */;
UNLOCK TABLES;

--
-- Table structure for table `faculty`
--

DROP TABLE IF EXISTS `faculty`;
/*!40101 SET @saved_cs_client     = @@character_set_client */;
/*!50503 SET character_set_client = utf8mb4 */;
CREATE TABLE `faculty` (
  `user_ID` int NOT NULL,
  `dept_name` varchar(45) NOT NULL,
  `salary` int DEFAULT NULL,
  PRIMARY KEY (`user_ID`),
  CONSTRAINT `user_ID_faculty` FOREIGN KEY (`user_ID`) REFERENCES `users` (`user_ID`) ON DELETE CASCADE ON UPDATE CASCADE
) ENGINE=InnoDB DEFAULT CHARSET=utf8mb4 COLLATE=utf8mb4_0900_ai_ci;
/*!40101 SET character_set_client = @saved_cs_client */;

--
-- Dumping data for table `faculty`
--

LOCK TABLES `faculty` WRITE;
/*!40000 ALTER TABLE `faculty` DISABLE KEYS */;
INSERT INTO `faculty` VALUES (10007,'CSE',912817),(10137,'Chemical',599066),(10187,'CSE',502155),(10192,'MSE',616909),(10308,'Mechanical',714809),(10359,'Civil',969509),(10487,'Electrical',56331),(10577,'Chemical',47065),(10628,'Civil',508106),(10721,'CSE',609476),(10822,'Civil',588906),(10848,'Electrical',995030),(10882,'MSE',729946),(10893,'Civil',596194),(10906,'Civil',243929),(11204,'Mechanical',699448),(11257,'MSE',657368),(11275,'CSE',245988),(11422,'Mechanical',895552),(11433,'Civil',864314),(11467,'Chemical',569379),(11528,'MSE',798787),(11602,'MSE',620955),(11687,'Mechanical',861766),(11695,'Mechanical',306119),(11828,'MSE',99337),(11835,'Civil',791022),(11839,'Mechanical',316488),(11947,'Civil',779268),(12055,'CSE',471786),(12067,'Electrical',782776),(12097,'Mechanical',786990),(12125,'MSE',763997),(12127,'Electrical',896233),(12223,'Electrical',136647),(12260,'Electrical',849107),(12395,'Chemical',247464),(12445,'Electrical',788544),(12472,'CSE',763570),(12510,'Mechanical',943587),(12572,'Chemical',98683),(12599,'Electrical',508210),(12787,'Chemical',780849),(12869,'Mechanical',889899),(12927,'Civil',342312),(13023,'Electrical',658324),(13038,'CSE',151886),(13073,'MSE',434496),(13076,'CSE',479369),(13337,'Chemical',356118),(13411,'Civil',711112),(13510,'CSE',943987),(13552,'Electrical',914813),(13565,'CSE',67201),(13862,'Civil',417425),(13969,'MSE',398968),(14083,'Civil',35712),(14096,'Civil',440429),(14136,'CSE',498815),(14319,'CSE',264729),(14493,'Chemical',946812),(14865,'Chemical',250549),(15011,'Electrical',775963),(15172,'Civil',593274),(15288,'Mechanical',64902),(15402,'Chemical',346241),(15406,'Electrical',506597),(15509,'Civil',284857),(15648,'Electrical',307250),(15684,'Electrical',689676),(15689,'Civil',725272),(15709,'Mechanical',610460),(15726,'Chemical',60583),(15850,'Mechanical',858974),(15874,'CSE',792448),(15937,'Electrical',740296),(16076,'MSE',62309),(16089,'Electrical',233105),(16153,'MSE',41186),(16178,'MSE',315959),(16247,'MSE',789711),(16298,'Civil',456123),(16425,'Electrical',654115),(16530,'CSE',192163),(16565,'Chemical',851373),(16635,'Electrical',419420),(16680,'Chemical',478744),(16704,'Civil',710708),(16734,'Civil',84107),(16735,'MSE',695927),(16739,'Electrical',540823),(16784,'MSE',743042),(16789,'Mechanical',51673),(16844,'Mechanical',963892),(16916,'MSE',571836),(16969,'CSE',699505),(17112,'CSE',715737),(17219,'CSE',495720),(17274,'Mechanical',994049),(17278,'Chemical',922624),(17297,'Chemical',256113),(17383,'Electrical',216286),(17411,'CSE',439984),(18036,'Chemical',629981),(18080,'Electrical',653405),(18202,'Mechanical',724794),(18217,'Civil',927378),(18222,'Mechanical',416278),(18230,'CSE',519749),(18246,'Civil',615172),(18332,'Mechanical',152551),(18341,'Mechanical',675158),(18456,'MSE',718329),(18470,'Civil',269794),(18646,'Chemical',43975),(18655,'Chemical',657011),(18660,'Chemical',470950),(18768,'MSE',471496),(18779,'Electrical',988225),(18866,'Chemical',141164),(18895,'Electrical',918456),(18938,'CSE',982156),(18977,'CSE',919249),(19011,'Chemical',457917),(19199,'Chemical',71448),(19291,'Electrical',842208),(19516,'Mechanical',414229),(19522,'MSE',966720),(19866,'Chemical',349855),(19919,'Chemical',33273),(19930,'Chemical',230613),(19941,'Chemical',947420),(20236,'CSE',962884),(20743,'Chemical',212672),(20847,'Civil',775261),(20895,'Mechanical',125168),(20936,'Electrical',78517),(21111,'Mechanical',522719),(21118,'MSE',204589),(21218,'MSE',414811),(21252,'Chemical',202189),(21465,'Chemical',664641),(21531,'Civil',87001),(21625,'Electrical',805594),(21874,'MSE',912925),(22041,'MSE',704923),(22111,'Mechanical',151655),(22178,'Civil',469476),(22186,'Chemical',989916),(22283,'Civil',46040),(22454,'Mechanical',895255),(22592,'MSE',429299),(22663,'Mechanical',832664),(22773,'Electrical',954138),(23044,'Electrical',462245),(23131,'MSE',862416),(23224,'CSE',913126),(23432,'Chemical',697751),(23442,'MSE',176239),(23461,'MSE',462689),(23608,'Chemical',537038),(23672,'MSE',248459),(23916,'Mechanical',367042),(24016,'CSE',719847),(24191,'Chemical',148427),(24341,'Civil',346269),(24352,'CSE',895197),(24443,'Chemical',658127),(24509,'Electrical',100840),(24541,'Civil',76316),(24559,'Chemical',973749),(24742,'Mechanical',932403),(24762,'CSE',545893),(24769,'Civil',598249),(24824,'Mechanical',309886),(24870,'Electrical',30890),(25091,'Chemical',477917),(25256,'CSE',626019),(25264,'Civil',585797),(25298,'MSE',834287),(25544,'MSE',725633),(25560,'Chemical',449763),(26074,'Electrical',679941),(26131,'Electrical',753229),(26291,'Chemical',801608),(26353,'Mechanical',374633),(26655,'Chemical',518686),(26701,'Chemical',263026),(26748,'Electrical',370870),(26899,'Mechanical',469564),(26986,'MSE',560366),(27209,'Chemical',482178),(27366,'Electrical',312146),(27371,'MSE',708283),(27435,'Mechanical',768817),(27440,'Electrical',125517),(27505,'MSE',316146),(27546,'Mechanical',340589),(27698,'MSE',373263),(27751,'MSE',878453),(27777,'Electrical',286640),(27896,'Electrical',792242),(27972,'Mechanical',761341),(28089,'MSE',220464),(28212,'Chemical',205448),(28282,'CSE',412194),(28298,'Civil',271179),(28354,'Civil',858375),(28583,'Chemical',673171),(28614,'CSE',598889),(28854,'Mechanical',167085),(28870,'Mechanical',718068),(28961,'CSE',663790),(28993,'Mechanical',310218),(29110,'Mechanical',587982),(29390,'Civil',209027),(29542,'Chemical',190121),(29547,'Electrical',756745),(29623,'CSE',914497),(29755,'MSE',748716),(29943,'Chemical',275479),(30005,'Chemical',733526),(30053,'CSE',603292),(30070,'Mechanical',69335),(30274,'MSE',896737),(30533,'Mechanical',308130),(30561,'MSE',149598),(30630,'Chemical',15329),(30746,'Mechanical',210753),(30840,'CSE',848015),(30852,'Chemical',524835),(31016,'MSE',771848),(31019,'MSE',611062),(31056,'Mechanical',174894),(31168,'Mechanical',855164),(31260,'Chemical',231325),(31338,'MSE',374510),(31849,'Civil',545125),(31863,'MSE',795507),(31865,'Civil',584065),(32080,'Civil',916827),(32201,'Chemical',490629),(32225,'CSE',898158),(32328,'Mechanical',512972),(32335,'Mechanical',966493),(32642,'MSE',288129),(32761,'Civil',517252),(32791,'MSE',527786),(32996,'Mechanical',800915),(33040,'Chemical',101027),(33062,'MSE',791824),(33141,'MSE',228267),(33441,'Chemical',814070),(33478,'Civil',969401),(33548,'Mechanical',102299),(33795,'Chemical',249238),(33842,'Civil',387679),(33870,'Chemical',605383),(33901,'MSE',655613),(33905,'Chemical',566189),(33991,'Chemical',435357),(33996,'Mechanical',38552),(34100,'Electrical',538137),(34125,'CSE',982777),(34129,'Electrical',957743),(34162,'Mechanical',50126),(34473,'Mechanical',882371),(34547,'Chemical',241012),(34738,'Electrical',426104),(34826,'Chemical',330511),(34891,'Electrical',653273),(34922,'MSE',851793),(34980,'Electrical',492323),(35042,'CSE',654855),(35052,'CSE',394797),(35195,'Civil',376789),(35218,'Civil',968753),(35405,'Electrical',654105),(35496,'Chemical',455629),(35524,'Electrical',62013),(35545,'Chemical',73991),(35681,'Electrical',333685),(35857,'Mechanical',461364),(36157,'Mechanical',195675),(36568,'Mechanical',439310),(36600,'Chemical',908081),(36677,'CSE',471446),(36705,'CSE',698163),(36807,'Chemical',997603),(36876,'MSE',928037),(36971,'Electrical',941263),(36972,'Electrical',164505),(36989,'Civil',387373),(37013,'Chemical',388592),(37172,'Chemical',187046),(37496,'Civil',776370),(37580,'CSE',208027),(37587,'CSE',376869),(37803,'CSE',525431),(37857,'Civil',232584),(37944,'MSE',360185),(38103,'Mechanical',844856),(38292,'Electrical',840944),(38379,'Mechanical',750001),(38839,'CSE',659880),(38921,'MSE',863692),(39139,'CSE',909853),(39155,'Mechanical',215766),(39222,'Chemical',995789),(39249,'CSE',488304),(39355,'Chemical',608277),(39488,'MSE',339313),(39558,'Mechanical',962728),(39793,'Mechanical',755833),(39849,'CSE',643516),(39853,'MSE',694486),(39939,'CSE',973231),(40062,'Chemical',509316),(40156,'Electrical',400909),(40231,'Mechanical',118084),(40296,'Electrical',586265),(40345,'Mechanical',793756),(40623,'MSE',239818),(40668,'MSE',513362),(40742,'Chemical',669719),(40848,'Civil',645951),(40907,'CSE',792117),(41067,'Mechanical',26902),(41082,'CSE',861129),(41098,'Electrical',287124),(41294,'Electrical',513725),(41300,'MSE',170407),(41379,'Electrical',326532),(41462,'Civil',536447),(41742,'Electrical',84051),(41747,'MSE',780571),(41775,'Electrical',195573),(41786,'CSE',195525),(41836,'CSE',45678),(42061,'Mechanical',39252),(42349,'Mechanical',928044),(42387,'Electrical',924922),(42417,'Electrical',638257),(42457,'MSE',696600),(42500,'Mechanical',922785),(42521,'Civil',197647),(42651,'Chemical',595462),(42662,'Chemical',865630),(42734,'Electrical',249761),(42845,'Civil',176765),(42854,'MSE',850685),(42903,'CSE',804462),(42914,'Chemical',227740),(42926,'Electrical',73766),(42946,'MSE',754579),(42959,'Civil',351117),(42961,'Civil',980184),(43008,'Electrical',713069),(43125,'Mechanical',372199),(43140,'CSE',968454),(43145,'Electrical',873353),(43161,'Mechanical',631085),(43325,'Chemical',110696),(43437,'CSE',707940),(43446,'Mechanical',91448),(43662,'Chemical',211832),(43696,'CSE',503696),(43698,'Civil',706736),(43857,'Electrical',675347),(44106,'Chemical',480349),(44201,'Mechanical',911788),(44270,'Chemical',319669),(44285,'MSE',323791),(44315,'CSE',334373),(44349,'MSE',608592),(44356,'Electrical',127987),(44614,'Civil',530028),(44631,'CSE',969894),(44828,'Chemical',345135),(44889,'CSE',515620),(44890,'Electrical',497845),(45044,'MSE',807034),(45051,'Electrical',144409),(45061,'Electrical',553566),(45161,'CSE',295405),(45172,'Chemical',99465),(45173,'Electrical',178232),(45175,'Civil',435150),(45514,'Chemical',323935),(45614,'Electrical',229289),(45654,'Chemical',871800),(45678,'Mechanical',285908),(45770,'Electrical',536494),(45779,'MSE',677550),(45835,'CSE',325448),(45837,'Civil',476921),(45970,'Mechanical',684201),(45977,'Mechanical',516040),(45991,'MSE',327505),(46005,'MSE',174445),(46050,'CSE',485314),(46253,'CSE',59142),(46308,'Chemical',575911),(46407,'MSE',355915),(46565,'Civil',340424),(46668,'Mechanical',357226),(46796,'Civil',341620),(46949,'CSE',980963),(46951,'Mechanical',177352),(47028,'Civil',303470),(47049,'MSE',872290),(47055,'Mechanical',921881),(47056,'CSE',630446),(47122,'Mechanical',966342),(47137,'Chemical',250375),(47146,'MSE',956775),(47227,'MSE',251327),(47231,'Electrical',923633),(47358,'CSE',356283),(47370,'Civil',25779),(47467,'CSE',819158),(47763,'Mechanical',128819),(47791,'Mechanical',649993),(47810,'Electrical',990713),(48159,'MSE',373456),(48229,'Mechanical',408093),(48301,'CSE',233902),(48342,'Chemical',311580),(48436,'Chemical',874053),(48802,'CSE',206173),(48839,'Chemical',403812),(48991,'CSE',266101),(49021,'MSE',808565),(49167,'Civil',782796),(49216,'Civil',345695),(49246,'Electrical',745329),(49300,'Electrical',169769),(49381,'MSE',43489),(49410,'Electrical',742878),(49507,'Civil',356243),(49619,'Civil',619296),(49733,'Mechanical',500572),(49743,'Chemical',650636),(49774,'Electrical',334057),(49834,'CSE',337266),(50061,'CSE',800002),(50148,'CSE',647681),(50289,'MSE',756286),(50313,'MSE',316529),(50415,'MSE',317032),(50589,'MSE',420754),(50596,'MSE',246867),(50635,'Chemical',710754),(50907,'Chemical',994539),(50940,'Civil',290124),(50989,'Chemical',786563),(51028,'CSE',852477),(51135,'Chemical',196399),(51342,'CSE',46624),(51621,'MSE',936640),(51731,'Chemical',851131),(51734,'Electrical',848050),(51739,'MSE',798049),(51929,'Civil',266567),(51937,'Electrical',448007),(52189,'Mechanical',127681),(52211,'Mechanical',54734),(52230,'Mechanical',544007),(52589,'Electrical',359332),(52622,'MSE',669273),(52626,'Electrical',472948),(52804,'Chemical',725475),(52821,'Chemical',297706),(52861,'Mechanical',156459),(52983,'MSE',481733),(53007,'Mechanical',542883),(53290,'CSE',63700),(53325,'Chemical',97570),(53361,'Mechanical',601196),(53415,'Chemical',967074),(53473,'Chemical',167071),(53536,'MSE',285438),(53643,'Chemical',482652),(53646,'Mechanical',853174),(53674,'CSE',84662),(53709,'Civil',68640),(53738,'Electrical',49126),(53793,'Civil',249549),(53809,'Mechanical',15283),(54120,'MSE',121994),(54201,'Electrical',508780),(54326,'MSE',611034),(54533,'Mechanical',841992),(54643,'MSE',644490),(54711,'Civil',188239),(54928,'Electrical',219633),(55079,'MSE',221030),(55163,'Mechanical',528864),(55181,'Mechanical',234679),(55236,'Civil',391739),(55433,'Electrical',320900),(55679,'MSE',395830),(55734,'Chemical',543291),(55976,'Electrical',97698),(55980,'CSE',416721),(56015,'Electrical',115768),(56083,'CSE',353311),(56135,'Chemical',980334),(56159,'Mechanical',779824),(56236,'Civil',723029),(56273,'Civil',860139),(56366,'CSE',526677),(56378,'MSE',712884),(56531,'Mechanical',347842),(56545,'Mechanical',247569),(56759,'CSE',994225),(56782,'CSE',932178),(56865,'Electrical',385797),(57083,'Chemical',79186),(57124,'CSE',282987),(57254,'CSE',749826),(57283,'Civil',65708),(57379,'CSE',319614),(57410,'Civil',845571),(57459,'Chemical',423583),(57502,'Chemical',234933),(57561,'CSE',545924),(57627,'Chemical',250161),(57717,'Chemical',557108),(58003,'MSE',279290),(58164,'Mechanical',709093),(58401,'Civil',865549),(58469,'Civil',515292),(58481,'Mechanical',715024),(58495,'CSE',589852),(58817,'CSE',159229),(58894,'Mechanical',784301),(58972,'Mechanical',788325),(59061,'CSE',824274),(59087,'Mechanical',478368),(59091,'Civil',676632),(59366,'Civil',314190),(59520,'CSE',399832),(59578,'Mechanical',597182),(59739,'MSE',403117),(59813,'MSE',676438),(59874,'Civil',590571),(59964,'Chemical',125157),(59993,'Civil',635895),(60225,'CSE',95741),(60287,'Civil',945664),(60596,'Chemical',173653),(60677,'Electrical',173839),(60802,'Chemical',115182),(60829,'Civil',824266),(60871,'CSE',70365),(61019,'CSE',284332),(61195,'Electrical',591708),(61255,'MSE',825840),(61265,'Mechanical',344880),(61270,'Chemical',750473),(61288,'Electrical',196059),(61342,'MSE',550099),(61697,'Electrical',475679),(61760,'Electrical',66581),(61808,'Chemical',863357),(61870,'Mechanical',832918),(61915,'MSE',715834),(62035,'MSE',637606),(62076,'MSE',527836),(62093,'Electrical',852884),(62142,'Electrical',148990),(62279,'Chemical',547876),(62295,'MSE',613883),(62723,'Mechanical',370308),(62943,'Chemical',105767),(63056,'MSE',25273),(63217,'Electrical',462936),(63274,'Civil',750814),(63313,'MSE',112299),(63348,'Electrical',139113),(63374,'Mechanical',93509),(63545,'CSE',556235),(63727,'Electrical',50399),(63731,'CSE',521120),(63736,'Chemical',364865),(63737,'Electrical',162251),(63769,'CSE',864063),(63780,'Chemical',993374),(63857,'Chemical',406263),(63869,'Chemical',446819),(63881,'Mechanical',707678),(63922,'Electrical',172206),(63928,'MSE',140702),(64094,'MSE',555619),(64154,'Chemical',777355),(64193,'CSE',880563),(64290,'Chemical',914138),(64456,'Civil',203393),(64667,'MSE',38645),(64799,'Mechanical',543301),(64966,'MSE',77908),(65162,'Chemical',775056),(65168,'Electrical',780063),(65187,'Electrical',341786),(65284,'Electrical',642932),(65296,'Electrical',829394),(65307,'Mechanical',439597),(65346,'CSE',679442),(65347,'CSE',391078),(65577,'Civil',830961),(65666,'Electrical',338005),(65875,'Mechanical',802637),(65929,'Mechanical',729812),(65966,'Electrical',786318),(66154,'Electrical',837061),(66176,'Civil',869885),(66194,'Electrical',753493),(66217,'Mechanical',474128),(66233,'Electrical',423240),(66314,'Mechanical',45925),(66450,'Electrical',566824),(66547,'Chemical',485485),(66656,'Chemical',729461),(66724,'Electrical',365839),(66885,'Electrical',629543),(66980,'Electrical',58633),(67094,'Chemical',547968),(67178,'Chemical',205019),(67218,'Electrical',959597),(67230,'Mechanical',844237),(67378,'Chemical',730273),(67395,'Civil',731312),(67461,'MSE',682181),(67523,'Electrical',965206),(67524,'Civil',76035),(67611,'Civil',802281),(67871,'Electrical',864736),(67897,'Civil',104994),(67903,'Chemical',510859),(67951,'Mechanical',569863),(67992,'Mechanical',343265),(68037,'CSE',709174),(68055,'MSE',959221),(68093,'Mechanical',921354),(68152,'Mechanical',196342),(68236,'Chemical',450173),(68378,'Mechanical',996924),(68548,'Electrical',34507),(68645,'Electrical',619275),(68650,'Mechanical',303720),(68660,'Chemical',397252),(68697,'Mechanical',802111),(68909,'Chemical',614009),(69046,'MSE',543804),(69071,'MSE',168862),(69146,'Civil',398829),(69244,'Chemical',225841),(69316,'MSE',557182),(69371,'CSE',373708),(69379,'Electrical',187262),(69439,'Electrical',314436),(69765,'CSE',672965),(69771,'Mechanical',43468),(69904,'CSE',818858),(69943,'CSE',81910),(70109,'Electrical',958783),(70298,'MSE',539673),(70370,'CSE',118435),(70388,'Mechanical',468305),(70394,'Chemical',446657),(70460,'Chemical',224868),(70513,'Electrical',953150),(70517,'MSE',322243),(70951,'Electrical',372325),(70969,'Chemical',426459),(71415,'Chemical',934922),(71448,'MSE',951680),(71473,'CSE',283413),(71631,'Electrical',819862),(71722,'Mechanical',729139),(71784,'MSE',944079),(71794,'CSE',890946),(71919,'Chemical',249528),(71996,'CSE',779792),(72032,'MSE',252888),(72258,'Chemical',785973),(72374,'CSE',738223),(72531,'Civil',821066),(72535,'Civil',226432),(72542,'Chemical',51326),(72732,'Chemical',525338),(72775,'CSE',151962),(72819,'MSE',779701),(72846,'CSE',683428),(72890,'MSE',685964),(72976,'Mechanical',482561),(72990,'Civil',588338),(73002,'MSE',754883),(73047,'CSE',500368),(73128,'Chemical',91263),(73179,'Mechanical',948437),(73300,'MSE',172878),(73380,'MSE',535301),(73419,'Mechanical',342778),(73524,'Civil',660797),(73635,'Civil',544170),(73850,'Electrical',171582),(73910,'CSE',152099),(73977,'Mechanical',239287),(74070,'MSE',191971),(74092,'MSE',622834),(74100,'Electrical',977043),(74318,'Mechanical',85129),(74327,'Civil',619501),(74335,'Electrical',143570),(74464,'Electrical',42328),(74764,'Mechanical',745469),(74789,'Electrical',586458),(74864,'Civil',296153),(74956,'Electrical',851930),(75248,'Chemical',162818),(75280,'Civil',184701),(75300,'Civil',474302),(75411,'Chemical',670262),(75504,'Chemical',299048),(75546,'Electrical',253783),(75652,'MSE',649361),(75724,'Electrical',180916),(75769,'Electrical',525152),(75960,'Electrical',80828),(76067,'Electrical',979211),(76069,'Civil',872949),(76188,'CSE',946920),(76235,'Civil',423071),(76280,'Civil',453843),(76487,'CSE',982226),(76522,'Chemical',76954),(76551,'Chemical',724550),(76598,'Chemical',851032),(76648,'CSE',326571),(76738,'Electrical',546966),(76780,'Civil',133139),(76803,'Chemical',85311),(76875,'Civil',781963),(76949,'Civil',195244),(77019,'Civil',953637),(77053,'Mechanical',875996),(77138,'Mechanical',66218),(77175,'MSE',912329),(77213,'Electrical',69686),(77305,'Civil',371929),(77384,'MSE',58260),(77414,'Civil',547478),(77478,'Electrical',969293),(77544,'CSE',86103),(77558,'Chemical',779409),(77563,'Mechanical',579689),(77640,'CSE',333575),(77738,'MSE',696507),(77852,'Civil',174056),(77942,'Electrical',338686),(77984,'Electrical',427054),(78073,'MSE',648736),(78288,'Electrical',404050),(78385,'Mechanical',63259),(78440,'CSE',34383),(78491,'CSE',965530),(78611,'CSE',279296),(78786,'Electrical',246835),(79020,'Chemical',603892),(79182,'Electrical',603004),(79247,'CSE',919222),(79495,'MSE',970752),(79550,'Civil',634310),(79562,'Mechanical',970238),(79636,'Mechanical',659135),(79644,'Electrical',95363),(79897,'Electrical',509894),(80010,'CSE',35915),(80184,'MSE',240629),(80311,'Civil',37819),(80315,'Civil',666451),(80432,'Electrical',244818),(80542,'Electrical',137514),(80558,'MSE',807565),(80561,'Civil',48791),(80856,'Civil',822683),(80867,'Chemical',315264),(80920,'MSE',974222),(81021,'Chemical',78566),(81048,'Electrical',715379),(81273,'CSE',408806),(81337,'CSE',181685),(81431,'MSE',630069),(81466,'CSE',277921),(81492,'Civil',117885),(81497,'Civil',588516),(81639,'Electrical',806128),(81747,'MSE',593695),(82031,'CSE',950350),(82036,'Electrical',78401),(82084,'Civil',319814),(82109,'Mechanical',37580),(82249,'Chemical',117934),(82258,'Chemical',19175),(82566,'Civil',466001),(82649,'CSE',72832),(82808,'CSE',66322),(82869,'CSE',908880),(83015,'Chemical',126411),(83028,'Civil',695099),(83085,'CSE',670124),(83135,'Mechanical',94662),(83385,'Electrical',277384),(83538,'Mechanical',665044),(83752,'Mechanical',853748),(83911,'Chemical',546265),(83940,'MSE',170451),(83955,'Electrical',101399),(84002,'Civil',248829),(84040,'Civil',269940),(84161,'Civil',557014),(84214,'Electrical',310449),(84218,'Chemical',407740),(84222,'Civil',539747),(84254,'Electrical',762033),(84293,'Chemical',280992),(84495,'MSE',863710),(84503,'Chemical',216283),(84517,'Mechanical',245674),(84567,'MSE',966485),(84584,'CSE',900263),(84716,'CSE',837680),(84872,'Mechanical',814079),(85141,'Civil',381809),(85224,'MSE',872848),(85238,'MSE',564312),(85332,'Chemical',101829),(85409,'CSE',837839),(85430,'Chemical',69659),(85449,'Mechanical',825537),(85517,'Electrical',174566),(85528,'CSE',387564),(85563,'Chemical',881091),(85755,'Electrical',620393),(85762,'Mechanical',991625),(85797,'CSE',482767),(85913,'Chemical',502919),(85978,'CSE',142568),(86053,'Civil',875319),(86230,'Electrical',468550),(86289,'Electrical',594048),(86355,'Chemical',292627),(86407,'Mechanical',880500),(86458,'MSE',811566),(86465,'MSE',291466),(86630,'Mechanical',319464),(86678,'Mechanical',250484),(86746,'Civil',85524),(86786,'MSE',863306),(86880,'Electrical',114412),(86888,'MSE',72912),(87072,'CSE',948752),(87360,'CSE',68132),(87379,'CSE',272420),(87390,'Chemical',380451),(87405,'MSE',579963),(87683,'Mechanical',128437),(87795,'Chemical',632674),(87871,'Electrical',544027),(87969,'CSE',819690),(88076,'Electrical',415248),(88116,'Chemical',783587),(88192,'Civil',205815),(88292,'MSE',353200),(88332,'MSE',91940),(88367,'MSE',447418),(88492,'Chemical',772926),(88511,'Mechanical',334046),(88653,'CSE',410056),(88839,'Chemical',219761),(88888,'Mechanical',418030),(88972,'MSE',60404),(88991,'CSE',389419),(88995,'Electrical',690699),(89072,'Civil',951739),(89287,'MSE',970671),(89308,'Mechanical',924227),(89451,'Electrical',200016),(89687,'MSE',166870),(89746,'CSE',353326),(89951,'Mechanical',235498),(90062,'Civil',948345),(90138,'Mechanical',494321),(90165,'Electrical',205919),(90206,'Mechanical',575294),(90230,'Civil',782439),(90353,'MSE',481570),(90462,'MSE',153699),(90630,'Civil',837121),(90796,'CSE',475422),(90895,'CSE',829327),(90949,'Mechanical',712569),(90950,'CSE',709844),(91062,'MSE',682431),(91227,'CSE',995586),(91665,'Electrical',602165),(91830,'CSE',898517),(91900,'Mechanical',789096),(91971,'MSE',746040),(92077,'Chemical',149430),(92445,'Electrical',567937),(92513,'Civil',729379),(92528,'MSE',795628),(92591,'Civil',332027),(92599,'Civil',158049),(92628,'Electrical',129339),(92646,'Civil',821473),(92686,'Civil',333888),(92691,'Chemical',849679),(92744,'Mechanical',117779),(92850,'CSE',624544),(92925,'Mechanical',890057),(92943,'Mechanical',880542),(92984,'Chemical',230112),(93045,'Civil',297792),(93263,'CSE',296321),(93486,'Mechanical',829808),(93531,'CSE',440651),(93650,'CSE',746433),(93658,'Civil',131196),(93780,'Electrical',182862),(94010,'Mechanical',160123),(94032,'Chemical',718173),(94042,'Chemical',870236),(94194,'MSE',322344),(94232,'Chemical',889396),(94233,'Mechanical',818674),(94244,'CSE',900017),(94260,'Chemical',686051),(94275,'CSE',248364),(94338,'CSE',429958),(94394,'Civil',522536),(94503,'Civil',585109),(94609,'Mechanical',181749),(94726,'CSE',661060),(94765,'MSE',938393),(94826,'Mechanical',455950),(94910,'MSE',645400),(94968,'Civil',442098),(94976,'Electrical',576234),(95094,'Civil',238514),(95153,'Mechanical',434953),(95161,'Mechanical',31122),(95169,'MSE',321003),(95257,'CSE',737314),(95346,'MSE',770034),(95441,'Electrical',559737),(95580,'Mechanical',55931),(95778,'CSE',695637),(95952,'Electrical',252668),(95964,'Chemical',953723),(96072,'CSE',893987),(96078,'CSE',622726),(96112,'MSE',115419),(96204,'Chemical',289944),(96276,'Chemical',44159),(96388,'MSE',775986),(96412,'CSE',366461),(96463,'Electrical',999942),(96688,'Civil',458433),(96722,'Chemical',920117),(96864,'Civil',652880),(96989,'MSE',533438),(97515,'Civil',622268),(97653,'Electrical',315292),(97756,'MSE',279651),(97792,'Chemical',803171),(97833,'CSE',732047),(97904,'Mechanical',153368),(97931,'CSE',127933),(97958,'CSE',944359),(98077,'Electrical',527891),(98081,'MSE',431085),(98776,'Civil',682297),(98781,'Electrical',428288),(98872,'Electrical',754801),(99112,'Electrical',666009),(99165,'Electrical',454476),(99225,'Civil',725455),(99429,'MSE',728419),(99489,'CSE',646137),(99589,'CSE',480663),(99644,'Civil',659894),(99748,'MSE',223502),(99813,'Civil',148937),(99888,'Civil',495706),(99942,'CSE',578834),(99994,'MSE',18428);
/*!40000 ALTER TABLE `faculty` ENABLE KEYS */;
UNLOCK TABLES;

--
-- Table structure for table `genres`
--

DROP TABLE IF EXISTS `genres`;
/*!40101 SET @saved_cs_client     = @@character_set_client */;
/*!50503 SET character_set_client = utf8mb4 */;
CREATE TABLE `genres` (
  `genre_ID` int NOT NULL,
  `genre_name` varchar(45) NOT NULL,
  PRIMARY KEY (`genre_ID`),
  UNIQUE KEY `genre_name_UNIQUE` (`genre_name`)
) ENGINE=InnoDB DEFAULT CHARSET=utf8mb4 COLLATE=utf8mb4_0900_ai_ci;
/*!40101 SET character_set_client = @saved_cs_client */;

--
-- Dumping data for table `genres`
--

LOCK TABLES `genres` WRITE;
/*!40000 ALTER TABLE `genres` DISABLE KEYS */;
INSERT INTO `genres` VALUES (145,'Course Book'),(345,'Crime'),(589,'Fiction'),(678,'History'),(738,'Intriguing'),(890,'Non-fiction');
/*!40000 ALTER TABLE `genres` ENABLE KEYS */;
UNLOCK TABLES;

--
-- Table structure for table `job_salary`
--

DROP TABLE IF EXISTS `job_salary`;
/*!40101 SET @saved_cs_client     = @@character_set_client */;
/*!50503 SET character_set_client = utf8mb4 */;
CREATE TABLE `job_salary` (
  `job_profile` varchar(225) NOT NULL,
  `salary` int DEFAULT NULL,
  PRIMARY KEY (`job_profile`)
) ENGINE=InnoDB DEFAULT CHARSET=utf8mb4 COLLATE=utf8mb4_0900_ai_ci;
/*!40101 SET character_set_client = @saved_cs_client */;

--
-- Dumping data for table `job_salary`
--

LOCK TABLES `job_salary` WRITE;
/*!40000 ALTER TABLE `job_salary` DISABLE KEYS */;
INSERT INTO `job_salary` VALUES ('Caretaker',28542),('Finance Accountant',46925),('General Technician',79875),('Hostel Incharge',39923),('Hostel Manager',68370),('Library Books sequence manager',60355),('Library Entry Superviser',47451),('Library Front-end technician',53902),('Library General incharge',24973),('Library Manager',37638),('Library Technician',15075),('Library Worker',74942),('Query Office incharge',77961),('SA Officer',43694),('Watchman',39148);
/*!40000 ALTER TABLE `job_salary` ENABLE KEYS */;
UNLOCK TABLES;

--
-- Table structure for table `library_staff`
--

DROP TABLE IF EXISTS `library_staff`;
/*!40101 SET @saved_cs_client     = @@character_set_client */;
/*!50503 SET character_set_client = utf8mb4 */;
CREATE TABLE `library_staff` (
  `user_ID` int NOT NULL,
  `lib_dept` varchar(225) NOT NULL,
  KEY `user_ID_lib_idx` (`user_ID`),
  CONSTRAINT `user_ID_lib` FOREIGN KEY (`user_ID`) REFERENCES `staff` (`user_ID`) ON DELETE CASCADE ON UPDATE CASCADE
) ENGINE=InnoDB DEFAULT CHARSET=utf8mb4 COLLATE=utf8mb4_0900_ai_ci;
/*!40101 SET character_set_client = @saved_cs_client */;

--
-- Dumping data for table `library_staff`
--

LOCK TABLES `library_staff` WRITE;
/*!40000 ALTER TABLE `library_staff` DISABLE KEYS */;
INSERT INTO `library_staff` VALUES (1002,'Library Worker'),(1004,'Library Technician'),(1005,'Library Technician'),(1011,'Library Worker'),(1020,'Library Watchman'),(1021,'Library Front-end technician'),(1024,'Library Technician'),(1035,'Library Entry Superviser'),(1041,'Library General incharge'),(1044,'Library Manager'),(1058,'Library Front-end technician'),(1071,'Library Worker'),(1076,'Library Technician'),(1078,'Library Entry Superviser'),(1083,'Library General incharge'),(1088,'Library Worker'),(1101,'Library Worker'),(1102,'Library General incharge'),(1112,'Library General incharge'),(1116,'Library Worker'),(1118,'Library Worker'),(1123,'Library Manager'),(1130,'Library Watchman'),(1134,'Library Manager'),(1139,'Library Front-end technician'),(1147,'Library Entry Superviser'),(1153,'Library Front-end technician'),(1155,'Library Manager'),(1156,'Library Books sequence manager'),(1157,'Library General incharge'),(1161,'Library Technician'),(1162,'Library Technician'),(1167,'Library Worker'),(1170,'Library Entry Superviser'),(1171,'Library Technician'),(1175,'Library Manager'),(1183,'Library Books sequence manager'),(1190,'Library Worker'),(1195,'Library Worker'),(1201,'Library Entry Superviser'),(1203,'Library General incharge'),(1208,'Library Watchman'),(1211,'Library Worker'),(1214,'Library General incharge'),(1217,'Library Worker'),(1221,'Library Front-end technician'),(1226,'Library Manager'),(1231,'Library Worker'),(1234,'Library Worker'),(1239,'Library Technician'),(1241,'Library Entry Superviser'),(1242,'Library Worker'),(1245,'Library Entry Superviser'),(1254,'Library Watchman'),(1258,'Library Technician'),(1259,'Library Manager'),(1266,'Library Manager'),(1269,'Library Books sequence manager'),(1276,'Library General incharge'),(1280,'Library Worker'),(1283,'Library Technician'),(1287,'Library General incharge'),(1293,'Library Manager'),(1295,'Library Front-end technician'),(1299,'Library General incharge'),(1300,'Library Entry Superviser'),(1302,'Library Books sequence manager'),(1312,'Library Manager'),(1325,'Library Watchman'),(1328,'Library Worker'),(1340,'Library Entry Superviser'),(1349,'Library Entry Superviser'),(1356,'Library Worker'),(1358,'Library Books sequence manager'),(1363,'Library General incharge'),(1366,'Library Books sequence manager'),(1377,'Library Books sequence manager'),(1382,'Library Worker'),(1384,'Library Worker'),(1390,'Library Watchman'),(1393,'Library Watchman'),(1399,'Library Worker'),(1405,'Library Worker'),(1410,'Library Books sequence manager'),(1417,'Library Books sequence manager'),(1425,'Library Technician'),(1428,'Library Worker'),(1429,'Library Entry Superviser'),(1434,'Library General incharge'),(1436,'Library Technician'),(1438,'Library Worker'),(1442,'Library General incharge'),(1445,'Library General incharge'),(1461,'Library Books sequence manager'),(1464,'Library Books sequence manager'),(1467,'Library General incharge'),(1470,'Library Front-end technician'),(1473,'Library General incharge'),(1475,'Library Worker'),(1477,'Library Manager'),(1481,'Library Manager'),(1489,'Library Technician'),(1490,'Library Watchman'),(1495,'Library General incharge'),(1497,'Library Worker'),(1503,'Library Manager'),(1509,'Library Front-end technician'),(1523,'Library Technician'),(1524,'Library Entry Superviser'),(1525,'Library Front-end technician'),(1526,'Library Worker'),(1533,'Library Watchman'),(1540,'Library Worker'),(1543,'Library Entry Superviser'),(1550,'Library Manager'),(1551,'Library Manager'),(1566,'Library Technician'),(1572,'Library Entry Superviser'),(1573,'Library Worker'),(1574,'Library Worker'),(1575,'Library Worker'),(1576,'Library Books sequence manager'),(1584,'Library Manager'),(1586,'Library Technician'),(1595,'Library Manager'),(1597,'Library General incharge'),(1598,'Library Watchman'),(1600,'Library Front-end technician'),(1602,'Library Technician'),(1608,'Library Manager'),(1612,'Library Books sequence manager'),(1614,'Library Books sequence manager'),(1616,'Library Books sequence manager'),(1627,'Library Watchman'),(1632,'Library Worker'),(1633,'Library Books sequence manager'),(1634,'Library Watchman'),(1646,'Library Worker'),(1647,'Library Front-end technician'),(1655,'Library Worker'),(1656,'Library General incharge'),(1666,'Library Worker'),(1669,'Library Technician'),(1670,'Library Worker'),(1671,'Library General incharge'),(1675,'Library Technician'),(1678,'Library General incharge'),(1684,'Library Watchman'),(1686,'Library Front-end technician'),(1688,'Library Worker'),(1695,'Library Front-end technician'),(1700,'Library Worker'),(1709,'Library Entry Superviser'),(1715,'Library Technician'),(1716,'Library Watchman'),(1717,'Library General incharge'),(1718,'Library Books sequence manager'),(1723,'Library Entry Superviser'),(1733,'Library Manager'),(1744,'Library Worker'),(1746,'Library Front-end technician'),(1751,'Library Technician'),(1759,'Library Worker'),(1761,'Library Worker'),(1765,'Library General incharge'),(1767,'Library General incharge'),(1769,'Library Books sequence manager'),(1772,'Library Watchman'),(1773,'Library Watchman'),(1778,'Library Books sequence manager'),(1782,'Library Books sequence manager'),(1783,'Library Watchman'),(1787,'Library Worker'),(1789,'Library Watchman'),(1798,'Library Worker'),(1802,'Library Watchman'),(1804,'Library Worker'),(1806,'Library Worker'),(1811,'Library Technician'),(1814,'Library Watchman'),(1818,'Library Front-end technician'),(1829,'Library General incharge'),(1841,'Library Technician'),(1847,'Library Books sequence manager'),(1849,'Library Technician'),(1854,'Library Front-end technician'),(1858,'Library Technician'),(1863,'Library Manager'),(1866,'Library Entry Superviser'),(1867,'Library Front-end technician'),(1875,'Library Technician'),(1883,'Library Front-end technician'),(1884,'Library Entry Superviser'),(1885,'Library Worker'),(1886,'Library Technician'),(1891,'Library Front-end technician'),(1896,'Library Front-end technician'),(1897,'Library Worker'),(1907,'Library Technician'),(1908,'Library General incharge'),(1913,'Library Worker'),(1916,'Library Front-end technician'),(1919,'Library Front-end technician'),(1922,'Library Entry Superviser'),(1929,'Library Entry Superviser'),(1933,'Library Entry Superviser'),(1937,'Library Worker'),(1943,'Library General incharge'),(1944,'Library Watchman'),(1947,'Library Watchman'),(1948,'Library Technician'),(1950,'Library Technician'),(1953,'Library Worker'),(1960,'Library Manager'),(1963,'Library Watchman'),(1964,'Library Watchman'),(1965,'Library Books sequence manager'),(1971,'Library Manager'),(1972,'Library Front-end technician'),(1982,'Library Worker'),(1985,'Library Technician'),(1987,'Library Worker'),(1991,'Library Manager'),(1992,'Library Worker'),(1998,'Library Watchman'),(2000,'Library Worker'),(2005,'Library Entry Superviser'),(2009,'Library Front-end technician'),(2010,'Library Watchman'),(2013,'Library Books sequence manager'),(2016,'Library Technician'),(2026,'Library General incharge'),(2039,'Library General incharge'),(2041,'Library Worker'),(2046,'Library Technician'),(2051,'Library Watchman'),(2052,'Library Front-end technician'),(2055,'Library General incharge'),(2056,'Library Watchman'),(2059,'Library Worker'),(2071,'Library General incharge'),(2074,'Library Worker'),(2075,'Library Books sequence manager'),(2081,'Library Worker'),(2082,'Library Worker'),(2088,'Library Front-end technician'),(2090,'Library Manager'),(2092,'Library Books sequence manager'),(2097,'Library Technician'),(2098,'Library Front-end technician'),(2105,'Library Worker'),(2111,'Library Entry Superviser'),(2122,'Library Worker'),(2126,'Library Entry Superviser'),(2139,'Library Technician'),(2147,'Library Manager'),(2151,'Library Front-end technician'),(2168,'Library Worker'),(2177,'Library Technician'),(2179,'Library General incharge'),(2186,'Library General incharge'),(2188,'Library General incharge'),(2195,'Library Front-end technician'),(2201,'Library General incharge'),(2203,'Library Worker'),(2213,'Library Front-end technician'),(2220,'Library Manager'),(2224,'Library General incharge'),(2231,'Library Worker'),(2234,'Library Entry Superviser'),(2237,'Library Entry Superviser'),(2239,'Library Manager'),(2240,'Library Watchman'),(2245,'Library Manager'),(2252,'Library Technician'),(2258,'Library Manager'),(2279,'Library Entry Superviser'),(2282,'Library Entry Superviser'),(2286,'Library Books sequence manager'),(2290,'Library Front-end technician'),(2296,'Library Watchman'),(2299,'Library Entry Superviser'),(2300,'Library Front-end technician'),(2306,'Library Books sequence manager'),(2309,'Library General incharge'),(2310,'Library Entry Superviser'),(2313,'Library Front-end technician'),(2317,'Library Front-end technician'),(2320,'Library Worker'),(2321,'Library Manager'),(2322,'Library Technician'),(2323,'Library Manager'),(2329,'Library Watchman'),(2331,'Library Entry Superviser'),(2333,'Library Books sequence manager'),(2335,'Library Technician'),(2340,'Library Watchman'),(2345,'Library Front-end technician'),(2353,'Library Worker'),(2356,'Library Watchman'),(2357,'Library Books sequence manager'),(2365,'Library Books sequence manager'),(2369,'Library Worker'),(2370,'Library Worker'),(2384,'Library Worker'),(2386,'Library General incharge'),(2387,'Library Worker'),(2390,'Library Worker'),(2392,'Library Watchman'),(2394,'Library Entry Superviser'),(2396,'Library Worker'),(2404,'Library Books sequence manager'),(2407,'Library Front-end technician'),(2412,'Library Front-end technician'),(2423,'Library General incharge'),(2425,'Library Front-end technician'),(2432,'Library Worker'),(2434,'Library Worker'),(2436,'Library Books sequence manager'),(2440,'Library Worker'),(2442,'Library Watchman'),(2447,'Library Entry Superviser'),(2448,'Library Worker'),(2449,'Library Manager'),(2450,'Library Front-end technician'),(2453,'Library General incharge'),(2460,'Library Watchman'),(2462,'Library General incharge'),(2465,'Library Entry Superviser'),(2466,'Library Watchman'),(2468,'Library Technician'),(2485,'Library General incharge'),(2491,'Library General incharge'),(2496,'Library Books sequence manager'),(2499,'Library Books sequence manager'),(2500,'Library Entry Superviser'),(2501,'Library Technician'),(2504,'Library General incharge'),(2507,'Library Front-end technician'),(2513,'Library Worker'),(2526,'Library Watchman'),(2541,'Library Entry Superviser'),(2542,'Library Technician'),(2545,'Library Manager'),(2547,'Library Worker'),(2548,'Library Technician'),(2549,'Library General incharge'),(2554,'Library Worker'),(2556,'Library Worker'),(2560,'Library Worker'),(2570,'Library Front-end technician'),(2580,'Library Watchman'),(2583,'Library Front-end technician'),(2587,'Library Books sequence manager'),(2596,'Library Worker'),(2598,'Library Books sequence manager'),(2601,'Library Worker'),(2609,'Library Watchman'),(2610,'Library Worker'),(2617,'Library Worker'),(2622,'Library Books sequence manager'),(2629,'Library Technician'),(2636,'Library Worker'),(2638,'Library Watchman'),(2646,'Library Books sequence manager'),(2647,'Library General incharge'),(2648,'Library General incharge'),(2649,'Library Worker'),(2653,'Library Books sequence manager'),(2655,'Library Manager'),(2656,'Library Worker'),(2662,'Library Entry Superviser'),(2664,'Library Manager'),(2665,'Library General incharge'),(2671,'Library Watchman'),(2676,'Library Entry Superviser'),(2680,'Library Technician'),(2682,'Library Manager'),(2685,'Library Worker'),(2690,'Library Watchman'),(2692,'Library Technician'),(2695,'Library Technician'),(2696,'Library Front-end technician'),(2702,'Library Manager'),(2703,'Library Front-end technician'),(2705,'Library Entry Superviser'),(2706,'Library Watchman'),(2707,'Library Watchman'),(2711,'Library Technician'),(2713,'Library Worker'),(2715,'Library Books sequence manager'),(2717,'Library Worker'),(2722,'Library Worker'),(2723,'Library Worker'),(2739,'Library Worker'),(2740,'Library Manager'),(2742,'Library Technician'),(2766,'Library Watchman'),(2770,'Library Watchman'),(2775,'Library Manager'),(2776,'Library Entry Superviser'),(2781,'Library Books sequence manager'),(2783,'Library Books sequence manager'),(2787,'Library Worker'),(2791,'Library Technician'),(2796,'Library Books sequence manager'),(2807,'Library General incharge'),(2811,'Library Entry Superviser'),(2812,'Library Front-end technician'),(2813,'Library General incharge'),(2814,'Library Watchman'),(2820,'Library Books sequence manager'),(2823,'Library Watchman'),(2824,'Library Worker'),(2832,'Library Technician'),(2834,'Library Front-end technician'),(2842,'Library Front-end technician'),(2844,'Library Front-end technician'),(2851,'Library Books sequence manager'),(2852,'Library Technician'),(2859,'Library Watchman'),(2863,'Library General incharge'),(2887,'Library Worker'),(2891,'Library Entry Superviser'),(2895,'Library Entry Superviser'),(2896,'Library Worker'),(2898,'Library Watchman'),(2900,'Library General incharge'),(2901,'Library Watchman'),(2902,'Library Books sequence manager'),(2906,'Library Books sequence manager'),(2912,'Library Worker'),(2915,'Library General incharge'),(2925,'Library Worker'),(2928,'Library Entry Superviser'),(2931,'Library Watchman'),(2940,'Library Entry Superviser'),(2942,'Library Watchman'),(2946,'Library General incharge'),(2947,'Library Front-end technician'),(2949,'Library Books sequence manager'),(2955,'Library Watchman'),(2962,'Library Worker'),(2989,'Library Books sequence manager'),(2992,'Library Worker'),(2994,'Library Worker'),(2999,'Library Worker'),(3000,'Library General incharge'),(3002,'Library Front-end technician'),(3005,'Library General incharge'),(3008,'Library Books sequence manager'),(3014,'Library General incharge'),(3022,'Library Worker'),(3025,'Library Worker'),(3030,'Library Watchman'),(3035,'Library Worker'),(3040,'Library Front-end technician'),(3047,'Library Manager'),(3048,'Library General incharge'),(3052,'Library Front-end technician'),(3055,'Library Front-end technician'),(3059,'Library Books sequence manager'),(3062,'Library Entry Superviser'),(3064,'Library Entry Superviser'),(3067,'Library Worker'),(3069,'Library Books sequence manager'),(3073,'Library Worker'),(3074,'Library Worker'),(3075,'Library Entry Superviser'),(3080,'Library General incharge'),(3087,'Library Technician'),(3093,'Library Books sequence manager'),(3094,'Library General incharge'),(3104,'Library Books sequence manager'),(3112,'Library Front-end technician'),(3117,'Library Entry Superviser'),(3120,'Library Manager'),(3128,'Library Books sequence manager'),(3131,'Library Worker'),(3136,'Library Worker'),(3141,'Library Watchman'),(3154,'Library Watchman'),(3157,'Library Worker'),(3161,'Library Worker'),(3162,'Library Manager'),(3164,'Library Books sequence manager'),(3166,'Library Worker'),(3176,'Library Worker'),(3197,'Library Entry Superviser'),(3200,'Library Worker'),(3205,'Library General incharge'),(3206,'Library Technician'),(3209,'Library Front-end technician'),(3210,'Library General incharge'),(3216,'Library Books sequence manager'),(3218,'Library Worker'),(3230,'Library Technician'),(3231,'Library Worker'),(3232,'Library Books sequence manager'),(3234,'Library General incharge'),(3239,'Library Worker'),(3241,'Library General incharge'),(3242,'Library Front-end technician'),(3243,'Library Worker'),(3245,'Library Manager'),(3246,'Library Front-end technician'),(3251,'Library Manager'),(3252,'Library Books sequence manager'),(3255,'Library General incharge'),(3259,'Library Watchman'),(3264,'Library Worker'),(3265,'Library General incharge'),(3276,'Library Watchman'),(3277,'Library Technician'),(3286,'Library General incharge'),(3290,'Library Watchman'),(3295,'Library Watchman'),(3296,'Library Watchman'),(3298,'Library Books sequence manager'),(3307,'Library Front-end technician'),(3309,'Library Watchman'),(3310,'Library General incharge'),(3314,'Library Worker'),(3330,'Library Worker'),(3333,'Library Books sequence manager'),(3338,'Library Books sequence manager'),(3345,'Library General incharge'),(3358,'Library Front-end technician'),(3359,'Library Worker'),(3364,'Library General incharge'),(3368,'Library Books sequence manager'),(3371,'Library Entry Superviser'),(3376,'Library Manager'),(3377,'Library General incharge'),(3383,'Library Worker'),(3384,'Library Front-end technician'),(3386,'Library Manager'),(3390,'Library Entry Superviser'),(3394,'Library Watchman'),(3398,'Library General incharge'),(3401,'Library Manager'),(3402,'Library Manager'),(3404,'Library Watchman'),(3410,'Library Technician'),(3420,'Library Front-end technician'),(3426,'Library Books sequence manager'),(3427,'Library General incharge'),(3431,'Library General incharge'),(3435,'Library Manager'),(3438,'Library Manager'),(3443,'Library Technician'),(3455,'Library Manager'),(3461,'Library Entry Superviser'),(3468,'Library Manager'),(3475,'Library Worker'),(3476,'Library Manager'),(3479,'Library Worker'),(3481,'Library Front-end technician'),(3487,'Library Manager'),(3492,'Library Books sequence manager'),(3495,'Library Entry Superviser'),(3499,'Library Manager'),(3500,'Library Front-end technician'),(3501,'Library Worker'),(3503,'Library Watchman'),(3506,'Library General incharge'),(3509,'Library Worker'),(3512,'Library Entry Superviser'),(3515,'Library Worker'),(3516,'Library Manager'),(3518,'Library Worker'),(3520,'Library Entry Superviser'),(3521,'Library Worker'),(3524,'Library Technician'),(3527,'Library Books sequence manager'),(3529,'Library Watchman'),(3535,'Library Worker'),(3536,'Library Worker'),(3537,'Library Manager'),(3538,'Library Front-end technician'),(3540,'Library Books sequence manager'),(3542,'Library Worker'),(3543,'Library Entry Superviser'),(3553,'Library Manager'),(3557,'Library Technician'),(3558,'Library Technician'),(3559,'Library Manager'),(3564,'Library Manager'),(3566,'Library Technician'),(3568,'Library General incharge'),(3571,'Library Worker'),(3574,'Library Technician'),(3576,'Library Manager'),(3578,'Library Worker'),(3580,'Library Watchman'),(3591,'Library Entry Superviser'),(3596,'Library Books sequence manager'),(3597,'Library Worker'),(3598,'Library Entry Superviser'),(3601,'Library Books sequence manager'),(3602,'Library Manager'),(3603,'Library General incharge'),(3613,'Library Worker'),(3614,'Library Entry Superviser'),(3616,'Library Manager'),(3617,'Library Books sequence manager'),(3619,'Library General incharge'),(3636,'Library Worker'),(3638,'Library Worker'),(3651,'Library Worker'),(3652,'Library General incharge'),(3657,'Library Entry Superviser'),(3677,'Library General incharge'),(3680,'Library Worker'),(3682,'Library Manager'),(3683,'Library Entry Superviser'),(3689,'Library Technician'),(3696,'Library Worker'),(3711,'Library General incharge'),(3726,'Library Entry Superviser'),(3727,'Library Books sequence manager'),(3731,'Library Worker'),(3741,'Library Entry Superviser'),(3745,'Library Worker'),(3746,'Library Worker'),(3748,'Library Front-end technician'),(3749,'Library Watchman'),(3759,'Library General incharge'),(3764,'Library Entry Superviser'),(3767,'Library Front-end technician'),(3770,'Library General incharge'),(3775,'Library General incharge'),(3778,'Library Worker'),(3782,'Library Watchman'),(3783,'Library Watchman'),(3785,'Library Books sequence manager'),(3788,'Library Worker'),(3792,'Library General incharge'),(3793,'Library Technician'),(3794,'Library Watchman'),(3795,'Library General incharge'),(3798,'Library Front-end technician'),(3817,'Library Entry Superviser'),(3818,'Library Technician'),(3829,'Library Front-end technician'),(3830,'Library General incharge'),(3844,'Library Worker'),(3852,'Library Worker'),(3853,'Library Worker'),(3857,'Library Books sequence manager'),(3865,'Library Worker'),(3870,'Library Worker'),(3876,'Library General incharge'),(3899,'Library Technician'),(3901,'Library Entry Superviser'),(3903,'Library General incharge'),(3904,'Library Worker'),(3906,'Library Technician'),(3912,'Library General incharge'),(3919,'Library Books sequence manager'),(3926,'Library Watchman'),(3937,'Library Entry Superviser'),(3943,'Library Watchman'),(3944,'Library General incharge'),(3947,'Library Worker'),(3948,'Library Technician'),(3961,'Library Entry Superviser'),(3964,'Library Front-end technician'),(3965,'Library General incharge'),(3967,'Library Technician'),(3969,'Library Entry Superviser'),(3970,'Library Manager'),(3976,'Library Technician'),(3980,'Library Worker'),(3982,'Library Books sequence manager'),(3995,'Library Manager'),(4000,'Library Technician'),(4001,'Library Books sequence manager'),(4003,'Library Entry Superviser'),(4014,'Library Manager'),(4015,'Library Technician'),(4016,'Library Entry Superviser'),(4019,'Library Worker'),(4033,'Library Worker'),(4042,'Library Worker'),(4043,'Library Books sequence manager'),(4047,'Library Worker'),(4066,'Library General incharge'),(4067,'Library Worker'),(4072,'Library Technician'),(4073,'Library Worker'),(4083,'Library Watchman'),(4086,'Library Worker'),(4087,'Library Worker'),(4090,'Library Watchman'),(4091,'Library Books sequence manager'),(4093,'Library General incharge'),(4099,'Library Entry Superviser'),(4100,'Library Books sequence manager'),(4105,'Library Books sequence manager'),(4107,'Library Books sequence manager'),(4112,'Library General incharge'),(4118,'Library Technician'),(4119,'Library Worker'),(4123,'Library Entry Superviser'),(4125,'Library Books sequence manager'),(4126,'Library Worker'),(4129,'Library Technician'),(4163,'Library Books sequence manager'),(4170,'Library General incharge'),(4175,'Library General incharge'),(4176,'Library Front-end technician'),(4186,'Library Worker'),(4190,'Library Books sequence manager'),(4195,'Library General incharge'),(4197,'Library Entry Superviser'),(4198,'Library General incharge'),(4199,'Library Entry Superviser'),(4200,'Library Manager'),(4202,'Library Technician'),(4209,'Library Entry Superviser'),(4212,'Library Watchman'),(4213,'Library Manager'),(4216,'Library Watchman'),(4219,'Library Worker'),(4220,'Library General incharge'),(4223,'Library Watchman'),(4226,'Library Entry Superviser'),(4228,'Library Worker'),(4236,'Library Entry Superviser'),(4247,'Library Worker'),(4251,'Library Manager'),(4254,'Library Front-end technician'),(4260,'Library Front-end technician'),(4266,'Library General incharge'),(4270,'Library Watchman'),(4273,'Library Front-end technician'),(4275,'Library Entry Superviser'),(4276,'Library Watchman'),(4279,'Library Watchman'),(4284,'Library Worker'),(4294,'Library Entry Superviser'),(4301,'Library Technician'),(4303,'Library General incharge'),(4308,'Library Entry Superviser'),(4313,'Library Worker'),(4316,'Library Technician'),(4320,'Library Entry Superviser'),(4322,'Library General incharge'),(4325,'Library Manager'),(4326,'Library Books sequence manager'),(4332,'Library Front-end technician'),(4334,'Library General incharge'),(4336,'Library Entry Superviser'),(4339,'Library Manager'),(4343,'Library Worker'),(4345,'Library Manager'),(4355,'Library Front-end technician'),(4366,'Library Manager'),(4367,'Library Technician'),(4368,'Library Worker'),(4382,'Library Manager'),(4388,'Library Manager'),(4395,'Library Technician'),(4398,'Library Entry Superviser'),(4404,'Library General incharge'),(4408,'Library Entry Superviser'),(4411,'Library General incharge'),(4414,'Library Technician'),(4422,'Library Manager'),(4429,'Library Entry Superviser'),(4431,'Library Manager'),(4432,'Library Watchman'),(4437,'Library Entry Superviser'),(4443,'Library Front-end technician'),(4445,'Library Manager'),(4451,'Library Books sequence manager'),(4459,'Library General incharge'),(4468,'Library Front-end technician'),(4469,'Library General incharge'),(4470,'Library General incharge'),(4490,'Library Watchman'),(4497,'Library Watchman'),(4503,'Library Worker'),(4504,'Library Worker'),(4508,'Library General incharge'),(4510,'Library Technician'),(4516,'Library Worker'),(4517,'Library Books sequence manager'),(4523,'Library Technician'),(4527,'Library Worker'),(4529,'Library General incharge'),(4531,'Library Front-end technician'),(4532,'Library Watchman'),(4536,'Library Technician'),(4538,'Library Front-end technician'),(4540,'Library Entry Superviser'),(4542,'Library Watchman'),(4548,'Library Worker'),(4552,'Library Worker'),(4554,'Library Front-end technician'),(4558,'Library Books sequence manager'),(4560,'Library Entry Superviser'),(4561,'Library Technician'),(4566,'Library Entry Superviser'),(4567,'Library Front-end technician'),(4569,'Library General incharge'),(4572,'Library Worker'),(4577,'Library Entry Superviser'),(4583,'Library Entry Superviser'),(4585,'Library General incharge'),(4588,'Library Books sequence manager'),(4590,'Library Entry Superviser'),(4591,'Library Technician'),(4594,'Library Technician'),(4597,'Library Worker'),(4600,'Library General incharge'),(4617,'Library Front-end technician'),(4619,'Library Manager'),(4623,'Library Worker'),(4628,'Library Watchman'),(4632,'Library Manager'),(4636,'Library Worker'),(4641,'Library Worker'),(4642,'Library Worker'),(4647,'Library Books sequence manager'),(4648,'Library General incharge'),(4650,'Library Front-end technician'),(4652,'Library Entry Superviser'),(4657,'Library Entry Superviser'),(4671,'Library Watchman'),(4677,'Library Watchman'),(4686,'Library Worker'),(4689,'Library General incharge'),(4691,'Library Worker'),(4694,'Library Entry Superviser'),(4702,'Library General incharge'),(4704,'Library Technician'),(4707,'Library Watchman'),(4710,'Library Manager'),(4716,'Library Front-end technician'),(4717,'Library General incharge'),(4720,'Library Watchman'),(4727,'Library Technician'),(4729,'Library Worker'),(4733,'Library Books sequence manager'),(4735,'Library Worker'),(4737,'Library Watchman'),(4738,'Library General incharge'),(4741,'Library Technician'),(4743,'Library Front-end technician'),(4750,'Library General incharge'),(4751,'Library General incharge'),(4752,'Library Technician'),(4753,'Library Books sequence manager'),(4754,'Library Technician'),(4756,'Library General incharge'),(4760,'Library Front-end technician'),(4770,'Library Entry Superviser'),(4771,'Library Front-end technician'),(4776,'Library General incharge'),(4780,'Library Books sequence manager'),(4789,'Library Worker'),(4791,'Library General incharge'),(4793,'Library Manager'),(4798,'Library Worker'),(4803,'Library Worker'),(4805,'Library Entry Superviser'),(4816,'Library Watchman'),(4824,'Library General incharge'),(4825,'Library Technician'),(4827,'Library Entry Superviser'),(4828,'Library Watchman'),(4831,'Library Worker'),(4834,'Library General incharge'),(4837,'Library General incharge'),(4842,'Library Books sequence manager'),(4845,'Library Worker'),(4848,'Library General incharge'),(4856,'Library Front-end technician'),(4858,'Library Manager'),(4859,'Library Books sequence manager'),(4860,'Library Front-end technician'),(4866,'Library Technician'),(4870,'Library Manager'),(4884,'Library Manager'),(4886,'Library Technician'),(4899,'Library Watchman'),(4907,'Library Front-end technician'),(4910,'Library Front-end technician'),(4919,'Library Watchman'),(4922,'Library Manager'),(4924,'Library Worker'),(4925,'Library Watchman'),(4937,'Library Worker'),(4949,'Library Manager'),(4953,'Library Books sequence manager'),(4955,'Library Manager'),(4956,'Library Watchman'),(4963,'Library General incharge'),(4966,'Library Manager'),(4972,'Library Worker'),(4992,'Library General incharge'),(4993,'Library Entry Superviser'),(4994,'Library General incharge'),(4996,'Library Worker'),(5001,'Library General incharge'),(5007,'Library Worker'),(5009,'Library Front-end technician'),(5015,'Library Front-end technician'),(5021,'Library Front-end technician'),(5033,'Library Technician'),(5034,'Library General incharge'),(5043,'Library Worker'),(5046,'Library Manager'),(5057,'Library Worker'),(5058,'Library General incharge'),(5060,'Library Technician'),(5061,'Library Worker'),(5063,'Library Watchman'),(5067,'Library Worker'),(5069,'Library Watchman'),(5081,'Library Manager'),(5085,'Library Technician'),(5090,'Library General incharge'),(5091,'Library Entry Superviser'),(5093,'Library General incharge'),(5096,'Library Watchman'),(5110,'Library Front-end technician'),(5113,'Library Worker'),(5117,'Library Worker'),(5126,'Library Worker'),(5129,'Library Manager'),(5147,'Library Manager'),(5148,'Library General incharge'),(5150,'Library General incharge'),(5151,'Library Worker'),(5155,'Library Books sequence manager'),(5158,'Library Technician'),(5159,'Library Watchman'),(5162,'Library General incharge'),(5171,'Library Watchman'),(5174,'Library General incharge'),(5182,'Library Watchman'),(5183,'Library Books sequence manager'),(5185,'Library Worker'),(5188,'Library Worker'),(5190,'Library Books sequence manager'),(5204,'Library Technician'),(5208,'Library Watchman'),(5212,'Library Worker'),(5216,'Library Watchman'),(5220,'Library Books sequence manager'),(5221,'Library Technician'),(5228,'Library Watchman'),(5233,'Library Entry Superviser'),(5240,'Library Manager'),(5243,'Library Manager'),(5246,'Library Manager'),(5248,'Library Technician'),(5252,'Library Books sequence manager'),(5267,'Library Manager'),(5272,'Library Entry Superviser'),(5278,'Library Entry Superviser'),(5285,'Library Manager'),(5286,'Library Worker'),(5307,'Library Watchman'),(5313,'Library Worker'),(5316,'Library Front-end technician'),(5322,'Library Technician'),(5332,'Library General incharge'),(5336,'Library Worker'),(5340,'Library Books sequence manager'),(5342,'Library Manager'),(5351,'Library Manager'),(5355,'Library Manager'),(5356,'Library Books sequence manager'),(5357,'Library Manager'),(5358,'Library Technician'),(5365,'Library Watchman'),(5368,'Library Books sequence manager'),(5372,'Library Worker'),(5378,'Library Manager'),(5380,'Library Front-end technician'),(5389,'Library Worker'),(5390,'Library Watchman'),(5395,'Library Technician'),(5396,'Library Watchman'),(5407,'Library Front-end technician'),(5409,'Library General incharge'),(5410,'Library Manager'),(5419,'Library General incharge'),(5422,'Library General incharge'),(5424,'Library Technician'),(5426,'Library Watchman'),(5431,'Library Technician'),(5441,'Library Worker'),(5443,'Library Worker'),(5447,'Library Worker'),(5448,'Library General incharge'),(5450,'Library Front-end technician'),(5451,'Library Entry Superviser'),(5453,'Library Books sequence manager'),(5458,'Library Watchman'),(5470,'Library Books sequence manager'),(5474,'Library Technician'),(5476,'Library Manager'),(5486,'Library Books sequence manager'),(5487,'Library Manager'),(5489,'Library General incharge'),(5490,'Library Worker'),(5496,'Library General incharge'),(5502,'Library Manager'),(5507,'Library Front-end technician'),(5514,'Library Watchman'),(5522,'Library General incharge');
/*!40000 ALTER TABLE `library_staff` ENABLE KEYS */;
UNLOCK TABLES;

--
-- Table structure for table `library_staff_working_hours`
--

DROP TABLE IF EXISTS `library_staff_working_hours`;
/*!40101 SET @saved_cs_client     = @@character_set_client */;
/*!50503 SET character_set_client = utf8mb4 */;
CREATE TABLE `library_staff_working_hours` (
  `user_ID` int NOT NULL,
  `start_time` time NOT NULL,
  `end_time` time NOT NULL,
  PRIMARY KEY (`user_ID`,`start_time`),
  CONSTRAINT `lib_user_ID` FOREIGN KEY (`user_ID`) REFERENCES `users` (`user_ID`) ON DELETE CASCADE ON UPDATE CASCADE,
  CONSTRAINT `library_staff_working_hours_chk_1` CHECK ((`start_time` < `end_time`))
) ENGINE=InnoDB DEFAULT CHARSET=utf8mb4 COLLATE=utf8mb4_0900_ai_ci;
/*!40101 SET character_set_client = @saved_cs_client */;

--
-- Dumping data for table `library_staff_working_hours`
--

LOCK TABLES `library_staff_working_hours` WRITE;
/*!40000 ALTER TABLE `library_staff_working_hours` DISABLE KEYS */;
INSERT INTO `library_staff_working_hours` VALUES (1002,'15:10:10','20:10:10'),(1004,'15:10:10','20:10:10'),(1005,'09:10:10','15:10:10'),(1011,'07:10:10','15:10:10'),(1020,'07:10:10','15:10:10'),(1021,'07:10:10','15:10:10'),(1024,'07:10:10','15:10:10'),(1035,'09:10:10','15:10:10'),(1041,'07:10:10','15:10:10'),(1044,'07:10:10','15:10:10'),(1058,'09:10:10','15:10:10'),(1071,'09:10:10','15:10:10'),(1076,'07:10:10','15:10:10'),(1078,'09:10:10','15:10:10'),(1083,'07:10:10','15:10:10'),(1088,'15:10:10','20:10:10'),(1101,'07:10:10','15:10:10'),(1102,'15:10:10','20:10:10'),(1112,'09:10:10','15:10:10'),(1116,'07:10:10','15:10:10'),(1118,'07:10:10','15:10:10'),(1123,'09:10:10','15:10:10'),(1130,'15:10:10','20:10:10'),(1134,'07:10:10','15:10:10'),(1139,'09:10:10','15:10:10'),(1147,'07:10:10','15:10:10'),(1153,'07:10:10','15:10:10'),(1155,'07:10:10','15:10:10'),(1156,'15:10:10','20:10:10'),(1157,'09:10:10','15:10:10'),(1161,'15:10:10','20:10:10'),(1162,'07:10:10','15:10:10'),(1167,'07:10:10','15:10:10'),(1170,'07:10:10','15:10:10'),(1171,'09:10:10','15:10:10'),(1175,'07:10:10','15:10:10'),(1183,'15:10:10','20:10:10'),(1190,'09:10:10','15:10:10'),(1195,'15:10:10','20:10:10'),(1201,'07:10:10','15:10:10'),(1203,'07:10:10','15:10:10'),(1208,'15:10:10','20:10:10'),(1211,'07:10:10','15:10:10'),(1214,'09:10:10','15:10:10'),(1217,'09:10:10','15:10:10'),(1221,'07:10:10','15:10:10'),(1226,'07:10:10','15:10:10'),(1231,'07:10:10','15:10:10'),(1234,'15:10:10','20:10:10'),(1239,'07:10:10','15:10:10'),(1241,'15:10:10','20:10:10'),(1242,'15:10:10','20:10:10'),(1245,'15:10:10','20:10:10'),(1254,'07:10:10','15:10:10'),(1258,'09:10:10','15:10:10'),(1259,'15:10:10','20:10:10'),(1266,'09:10:10','15:10:10'),(1269,'07:10:10','15:10:10'),(1276,'15:10:10','20:10:10'),(1280,'09:10:10','15:10:10'),(1283,'09:10:10','15:10:10'),(1287,'07:10:10','15:10:10'),(1293,'07:10:10','15:10:10'),(1295,'15:10:10','20:10:10'),(1299,'07:10:10','15:10:10'),(1300,'09:10:10','15:10:10'),(1302,'09:10:10','15:10:10'),(1312,'15:10:10','20:10:10'),(1325,'07:10:10','15:10:10'),(1328,'07:10:10','15:10:10'),(1340,'15:10:10','20:10:10'),(1349,'09:10:10','15:10:10'),(1356,'09:10:10','15:10:10'),(1358,'07:10:10','15:10:10'),(1363,'09:10:10','15:10:10'),(1366,'15:10:10','20:10:10'),(1377,'07:10:10','15:10:10'),(1382,'07:10:10','15:10:10'),(1384,'07:10:10','15:10:10'),(1390,'09:10:10','15:10:10'),(1393,'15:10:10','20:10:10'),(1399,'07:10:10','15:10:10'),(1405,'09:10:10','15:10:10'),(1410,'07:10:10','15:10:10'),(1417,'15:10:10','20:10:10'),(1425,'15:10:10','20:10:10'),(1428,'07:10:10','15:10:10'),(1429,'07:10:10','15:10:10'),(1434,'07:10:10','15:10:10'),(1436,'15:10:10','20:10:10'),(1438,'07:10:10','15:10:10'),(1442,'15:10:10','20:10:10'),(1445,'09:10:10','15:10:10'),(1461,'09:10:10','15:10:10'),(1464,'09:10:10','15:10:10'),(1467,'15:10:10','20:10:10'),(1470,'15:10:10','20:10:10'),(1473,'09:10:10','15:10:10'),(1475,'07:10:10','15:10:10'),(1477,'07:10:10','15:10:10'),(1481,'07:10:10','15:10:10'),(1489,'15:10:10','20:10:10'),(1490,'07:10:10','15:10:10'),(1495,'15:10:10','20:10:10'),(1497,'09:10:10','15:10:10'),(1503,'15:10:10','20:10:10'),(1509,'07:10:10','15:10:10'),(1523,'07:10:10','15:10:10'),(1524,'09:10:10','15:10:10'),(1525,'15:10:10','20:10:10'),(1526,'07:10:10','15:10:10'),(1533,'07:10:10','15:10:10'),(1540,'15:10:10','20:10:10'),(1543,'07:10:10','15:10:10'),(1550,'15:10:10','20:10:10'),(1551,'15:10:10','20:10:10'),(1566,'15:10:10','20:10:10'),(1572,'09:10:10','15:10:10'),(1573,'15:10:10','20:10:10'),(1574,'07:10:10','15:10:10'),(1575,'07:10:10','15:10:10'),(1576,'15:10:10','20:10:10'),(1584,'15:10:10','20:10:10'),(1586,'15:10:10','20:10:10'),(1595,'07:10:10','15:10:10'),(1597,'07:10:10','15:10:10'),(1598,'15:10:10','20:10:10'),(1600,'07:10:10','15:10:10'),(1602,'07:10:10','15:10:10'),(1608,'07:10:10','15:10:10'),(1612,'15:10:10','20:10:10'),(1614,'15:10:10','20:10:10'),(1616,'07:10:10','15:10:10'),(1627,'07:10:10','15:10:10'),(1632,'07:10:10','15:10:10'),(1633,'07:10:10','15:10:10'),(1634,'15:10:10','20:10:10'),(1646,'15:10:10','20:10:10'),(1647,'15:10:10','20:10:10'),(1655,'07:10:10','15:10:10'),(1656,'07:10:10','15:10:10'),(1666,'07:10:10','15:10:10'),(1669,'15:10:10','20:10:10'),(1670,'07:10:10','15:10:10'),(1671,'15:10:10','20:10:10'),(1675,'07:10:10','15:10:10'),(1678,'07:10:10','15:10:10'),(1684,'15:10:10','20:10:10'),(1686,'07:10:10','15:10:10'),(1688,'15:10:10','20:10:10'),(1695,'07:10:10','15:10:10'),(1700,'07:10:10','15:10:10'),(1709,'07:10:10','15:10:10'),(1715,'15:10:10','20:10:10'),(1716,'09:10:10','15:10:10'),(1717,'07:10:10','15:10:10'),(1718,'15:10:10','20:10:10'),(1723,'15:10:10','20:10:10'),(1733,'15:10:10','20:10:10'),(1744,'07:10:10','15:10:10'),(1746,'07:10:10','15:10:10'),(1751,'07:10:10','15:10:10'),(1759,'15:10:10','20:10:10'),(1761,'15:10:10','20:10:10'),(1765,'15:10:10','20:10:10'),(1767,'09:10:10','15:10:10'),(1769,'07:10:10','15:10:10'),(1772,'07:10:10','15:10:10'),(1773,'15:10:10','20:10:10'),(1778,'15:10:10','20:10:10'),(1782,'07:10:10','15:10:10'),(1783,'07:10:10','15:10:10'),(1787,'07:10:10','15:10:10'),(1789,'07:10:10','15:10:10'),(1798,'09:10:10','15:10:10'),(1802,'07:10:10','15:10:10'),(1804,'07:10:10','15:10:10'),(1806,'15:10:10','20:10:10'),(1811,'07:10:10','15:10:10'),(1814,'15:10:10','20:10:10'),(1818,'15:10:10','20:10:10'),(1829,'07:10:10','15:10:10'),(1841,'15:10:10','20:10:10'),(1847,'15:10:10','20:10:10'),(1849,'15:10:10','20:10:10'),(1854,'07:10:10','15:10:10'),(1858,'07:10:10','15:10:10'),(1863,'07:10:10','15:10:10'),(1866,'15:10:10','20:10:10'),(1867,'09:10:10','15:10:10'),(1875,'15:10:10','20:10:10'),(1883,'15:10:10','20:10:10'),(1884,'07:10:10','15:10:10'),(1885,'07:10:10','15:10:10'),(1886,'15:10:10','20:10:10'),(1891,'07:10:10','15:10:10'),(1896,'09:10:10','15:10:10'),(1897,'15:10:10','20:10:10'),(1907,'07:10:10','15:10:10'),(1908,'09:10:10','15:10:10'),(1913,'15:10:10','20:10:10'),(1916,'07:10:10','15:10:10'),(1919,'15:10:10','20:10:10'),(1922,'07:10:10','15:10:10'),(1929,'15:10:10','20:10:10'),(1933,'15:10:10','20:10:10'),(1937,'15:10:10','20:10:10'),(1943,'07:10:10','15:10:10'),(1944,'07:10:10','15:10:10'),(1947,'15:10:10','20:10:10'),(1948,'07:10:10','15:10:10'),(1950,'09:10:10','15:10:10'),(1953,'07:10:10','15:10:10'),(1960,'07:10:10','15:10:10'),(1963,'07:10:10','15:10:10'),(1964,'09:10:10','15:10:10'),(1965,'07:10:10','15:10:10'),(1971,'15:10:10','20:10:10'),(1972,'07:10:10','15:10:10'),(1982,'07:10:10','15:10:10'),(1985,'09:10:10','15:10:10'),(1987,'09:10:10','15:10:10'),(1991,'15:10:10','20:10:10'),(1992,'07:10:10','15:10:10'),(1998,'07:10:10','15:10:10'),(2000,'15:10:10','20:10:10'),(2005,'07:10:10','15:10:10'),(2009,'07:10:10','15:10:10'),(2010,'15:10:10','20:10:10'),(2013,'07:10:10','15:10:10'),(2016,'09:10:10','15:10:10'),(2026,'07:10:10','15:10:10'),(2039,'15:10:10','20:10:10'),(2041,'15:10:10','20:10:10'),(2046,'15:10:10','20:10:10'),(2051,'15:10:10','20:10:10'),(2052,'15:10:10','20:10:10'),(2055,'07:10:10','15:10:10'),(2056,'09:10:10','15:10:10'),(2059,'07:10:10','15:10:10'),(2071,'15:10:10','20:10:10'),(2074,'07:10:10','15:10:10'),(2075,'15:10:10','20:10:10'),(2081,'07:10:10','15:10:10'),(2082,'07:10:10','15:10:10'),(2088,'15:10:10','20:10:10'),(2090,'07:10:10','15:10:10'),(2092,'09:10:10','15:10:10'),(2097,'09:10:10','15:10:10'),(2098,'15:10:10','20:10:10'),(2105,'15:10:10','20:10:10'),(2111,'09:10:10','15:10:10'),(2122,'07:10:10','15:10:10'),(2126,'07:10:10','15:10:10'),(2139,'15:10:10','20:10:10'),(2147,'09:10:10','15:10:10'),(2151,'07:10:10','15:10:10'),(2168,'07:10:10','15:10:10'),(2177,'15:10:10','20:10:10'),(2179,'07:10:10','15:10:10'),(2186,'15:10:10','20:10:10'),(2188,'15:10:10','20:10:10'),(2195,'07:10:10','15:10:10'),(2201,'07:10:10','15:10:10'),(2203,'07:10:10','15:10:10'),(2213,'15:10:10','20:10:10'),(2220,'07:10:10','15:10:10'),(2224,'15:10:10','20:10:10'),(2231,'09:10:10','15:10:10'),(2234,'09:10:10','15:10:10'),(2237,'07:10:10','15:10:10'),(2239,'07:10:10','15:10:10'),(2240,'15:10:10','20:10:10'),(2245,'07:10:10','15:10:10'),(2252,'07:10:10','15:10:10'),(2258,'07:10:10','15:10:10'),(2279,'07:10:10','15:10:10'),(2282,'07:10:10','15:10:10'),(2286,'09:10:10','15:10:10'),(2290,'09:10:10','15:10:10'),(2296,'07:10:10','15:10:10'),(2299,'09:10:10','15:10:10'),(2300,'07:10:10','15:10:10'),(2306,'15:10:10','20:10:10'),(2309,'15:10:10','20:10:10'),(2310,'07:10:10','15:10:10'),(2313,'15:10:10','20:10:10'),(2317,'15:10:10','20:10:10'),(2320,'09:10:10','15:10:10'),(2321,'09:10:10','15:10:10'),(2322,'15:10:10','20:10:10'),(2323,'07:10:10','15:10:10'),(2329,'15:10:10','20:10:10'),(2331,'07:10:10','15:10:10'),(2333,'07:10:10','15:10:10'),(2335,'07:10:10','15:10:10'),(2340,'15:10:10','20:10:10'),(2345,'07:10:10','15:10:10'),(2353,'07:10:10','15:10:10'),(2356,'15:10:10','20:10:10'),(2357,'15:10:10','20:10:10'),(2365,'07:10:10','15:10:10'),(2369,'09:10:10','15:10:10'),(2370,'07:10:10','15:10:10'),(2384,'15:10:10','20:10:10'),(2386,'07:10:10','15:10:10'),(2387,'15:10:10','20:10:10'),(2390,'15:10:10','20:10:10'),(2392,'07:10:10','15:10:10'),(2394,'15:10:10','20:10:10'),(2396,'15:10:10','20:10:10'),(2404,'09:10:10','15:10:10'),(2407,'15:10:10','20:10:10'),(2412,'15:10:10','20:10:10'),(2423,'09:10:10','15:10:10'),(2425,'15:10:10','20:10:10'),(2432,'07:10:10','15:10:10'),(2434,'15:10:10','20:10:10'),(2436,'15:10:10','20:10:10'),(2440,'07:10:10','15:10:10'),(2442,'07:10:10','15:10:10'),(2447,'15:10:10','20:10:10'),(2448,'09:10:10','15:10:10'),(2449,'15:10:10','20:10:10'),(2450,'09:10:10','15:10:10'),(2453,'07:10:10','15:10:10'),(2460,'15:10:10','20:10:10'),(2462,'07:10:10','15:10:10'),(2465,'07:10:10','15:10:10'),(2466,'15:10:10','20:10:10'),(2468,'15:10:10','20:10:10'),(2485,'15:10:10','20:10:10'),(2491,'07:10:10','15:10:10'),(2496,'09:10:10','15:10:10'),(2499,'09:10:10','15:10:10'),(2500,'15:10:10','20:10:10'),(2501,'15:10:10','20:10:10'),(2504,'15:10:10','20:10:10'),(2507,'15:10:10','20:10:10'),(2513,'07:10:10','15:10:10'),(2526,'15:10:10','20:10:10'),(2541,'07:10:10','15:10:10'),(2542,'07:10:10','15:10:10'),(2545,'15:10:10','20:10:10'),(2547,'07:10:10','15:10:10'),(2548,'15:10:10','20:10:10'),(2549,'07:10:10','15:10:10'),(2554,'15:10:10','20:10:10'),(2556,'15:10:10','20:10:10'),(2560,'15:10:10','20:10:10'),(2570,'07:10:10','15:10:10'),(2580,'15:10:10','20:10:10'),(2583,'15:10:10','20:10:10'),(2587,'15:10:10','20:10:10'),(2596,'15:10:10','20:10:10'),(2598,'07:10:10','15:10:10'),(2601,'15:10:10','20:10:10'),(2609,'15:10:10','20:10:10'),(2610,'07:10:10','15:10:10'),(2617,'07:10:10','15:10:10'),(2622,'07:10:10','15:10:10'),(2629,'07:10:10','15:10:10'),(2636,'07:10:10','15:10:10'),(2638,'07:10:10','15:10:10'),(2646,'15:10:10','20:10:10'),(2647,'07:10:10','15:10:10'),(2648,'15:10:10','20:10:10'),(2649,'09:10:10','15:10:10'),(2653,'07:10:10','15:10:10'),(2655,'07:10:10','15:10:10'),(2656,'07:10:10','15:10:10'),(2662,'15:10:10','20:10:10'),(2664,'15:10:10','20:10:10'),(2665,'15:10:10','20:10:10'),(2671,'07:10:10','15:10:10'),(2676,'15:10:10','20:10:10'),(2680,'15:10:10','20:10:10'),(2682,'09:10:10','15:10:10'),(2685,'09:10:10','15:10:10'),(2690,'09:10:10','15:10:10'),(2692,'15:10:10','20:10:10'),(2695,'07:10:10','15:10:10'),(2696,'07:10:10','15:10:10'),(2702,'09:10:10','15:10:10'),(2703,'07:10:10','15:10:10'),(2705,'15:10:10','20:10:10'),(2706,'07:10:10','15:10:10'),(2707,'09:10:10','15:10:10'),(2711,'15:10:10','20:10:10'),(2713,'09:10:10','15:10:10'),(2715,'09:10:10','15:10:10'),(2717,'15:10:10','20:10:10'),(2722,'07:10:10','15:10:10'),(2723,'09:10:10','15:10:10'),(2739,'15:10:10','20:10:10'),(2740,'15:10:10','20:10:10'),(2742,'07:10:10','15:10:10'),(2766,'09:10:10','15:10:10'),(2770,'09:10:10','15:10:10'),(2775,'15:10:10','20:10:10'),(2776,'15:10:10','20:10:10'),(2781,'09:10:10','15:10:10'),(2783,'07:10:10','15:10:10'),(2787,'15:10:10','20:10:10'),(2791,'15:10:10','20:10:10'),(2796,'15:10:10','20:10:10'),(2807,'07:10:10','15:10:10'),(2811,'07:10:10','15:10:10'),(2812,'07:10:10','15:10:10'),(2813,'09:10:10','15:10:10'),(2814,'15:10:10','20:10:10'),(2820,'15:10:10','20:10:10'),(2823,'15:10:10','20:10:10'),(2824,'07:10:10','15:10:10'),(2832,'15:10:10','20:10:10'),(2834,'15:10:10','20:10:10'),(2842,'09:10:10','15:10:10'),(2844,'07:10:10','15:10:10'),(2851,'09:10:10','15:10:10'),(2852,'07:10:10','15:10:10'),(2859,'07:10:10','15:10:10'),(2863,'07:10:10','15:10:10'),(2887,'09:10:10','15:10:10'),(2891,'07:10:10','15:10:10'),(2895,'15:10:10','20:10:10'),(2896,'07:10:10','15:10:10'),(2898,'09:10:10','15:10:10'),(2900,'07:10:10','15:10:10'),(2901,'07:10:10','15:10:10'),(2902,'09:10:10','15:10:10'),(2906,'15:10:10','20:10:10'),(2912,'15:10:10','20:10:10'),(2915,'09:10:10','15:10:10'),(2925,'09:10:10','15:10:10'),(2928,'09:10:10','15:10:10'),(2931,'07:10:10','15:10:10'),(2940,'15:10:10','20:10:10'),(2942,'07:10:10','15:10:10'),(2946,'09:10:10','15:10:10'),(2947,'09:10:10','15:10:10'),(2949,'15:10:10','20:10:10'),(2955,'07:10:10','15:10:10'),(2962,'07:10:10','15:10:10'),(2989,'15:10:10','20:10:10'),(2992,'07:10:10','15:10:10'),(2994,'15:10:10','20:10:10'),(2999,'09:10:10','15:10:10'),(3000,'07:10:10','15:10:10'),(3002,'09:10:10','15:10:10'),(3005,'15:10:10','20:10:10'),(3008,'15:10:10','20:10:10'),(3014,'07:10:10','15:10:10'),(3022,'15:10:10','20:10:10'),(3025,'07:10:10','15:10:10'),(3030,'07:10:10','15:10:10'),(3035,'07:10:10','15:10:10'),(3040,'07:10:10','15:10:10'),(3047,'15:10:10','20:10:10'),(3048,'15:10:10','20:10:10'),(3052,'09:10:10','15:10:10'),(3055,'15:10:10','20:10:10'),(3059,'15:10:10','20:10:10'),(3062,'07:10:10','15:10:10'),(3064,'15:10:10','20:10:10'),(3067,'15:10:10','20:10:10'),(3069,'15:10:10','20:10:10'),(3073,'07:10:10','15:10:10'),(3074,'07:10:10','15:10:10'),(3075,'07:10:10','15:10:10'),(3080,'15:10:10','20:10:10'),(3087,'15:10:10','20:10:10'),(3093,'07:10:10','15:10:10'),(3094,'07:10:10','15:10:10'),(3104,'09:10:10','15:10:10'),(3112,'15:10:10','20:10:10'),(3117,'07:10:10','15:10:10'),(3120,'07:10:10','15:10:10'),(3128,'07:10:10','15:10:10'),(3131,'09:10:10','15:10:10'),(3136,'09:10:10','15:10:10'),(3141,'09:10:10','15:10:10'),(3154,'07:10:10','15:10:10'),(3157,'09:10:10','15:10:10'),(3161,'07:10:10','15:10:10'),(3162,'15:10:10','20:10:10'),(3164,'07:10:10','15:10:10'),(3166,'15:10:10','20:10:10'),(3176,'15:10:10','20:10:10'),(3197,'07:10:10','15:10:10'),(3200,'15:10:10','20:10:10'),(3205,'15:10:10','20:10:10'),(3206,'07:10:10','15:10:10'),(3209,'15:10:10','20:10:10'),(3210,'09:10:10','15:10:10'),(3216,'07:10:10','15:10:10'),(3218,'07:10:10','15:10:10'),(3230,'07:10:10','15:10:10'),(3231,'15:10:10','20:10:10'),(3232,'15:10:10','20:10:10'),(3234,'07:10:10','15:10:10'),(3239,'15:10:10','20:10:10'),(3241,'15:10:10','20:10:10'),(3242,'09:10:10','15:10:10'),(3243,'09:10:10','15:10:10'),(3245,'09:10:10','15:10:10'),(3246,'09:10:10','15:10:10'),(3251,'15:10:10','20:10:10'),(3252,'09:10:10','15:10:10'),(3255,'15:10:10','20:10:10'),(3259,'07:10:10','15:10:10'),(3264,'07:10:10','15:10:10'),(3265,'15:10:10','20:10:10'),(3276,'15:10:10','20:10:10'),(3277,'07:10:10','15:10:10'),(3286,'07:10:10','15:10:10'),(3290,'09:10:10','15:10:10'),(3295,'07:10:10','15:10:10'),(3296,'15:10:10','20:10:10'),(3298,'07:10:10','15:10:10'),(3307,'07:10:10','15:10:10'),(3309,'15:10:10','20:10:10'),(3310,'07:10:10','15:10:10'),(3314,'07:10:10','15:10:10'),(3330,'15:10:10','20:10:10'),(3333,'15:10:10','20:10:10'),(3338,'09:10:10','15:10:10'),(3345,'09:10:10','15:10:10'),(3358,'07:10:10','15:10:10'),(3359,'07:10:10','15:10:10'),(3364,'15:10:10','20:10:10'),(3368,'09:10:10','15:10:10'),(3371,'07:10:10','15:10:10'),(3376,'09:10:10','15:10:10'),(3377,'15:10:10','20:10:10'),(3383,'15:10:10','20:10:10'),(3384,'15:10:10','20:10:10'),(3386,'07:10:10','15:10:10'),(3390,'07:10:10','15:10:10'),(3394,'15:10:10','20:10:10'),(3398,'15:10:10','20:10:10'),(3401,'07:10:10','15:10:10'),(3402,'09:10:10','15:10:10'),(3404,'09:10:10','15:10:10'),(3410,'09:10:10','15:10:10'),(3420,'07:10:10','15:10:10'),(3426,'15:10:10','20:10:10'),(3427,'15:10:10','20:10:10'),(3431,'07:10:10','15:10:10'),(3435,'09:10:10','15:10:10'),(3438,'15:10:10','20:10:10'),(3443,'07:10:10','15:10:10'),(3455,'07:10:10','15:10:10'),(3461,'15:10:10','20:10:10'),(3468,'07:10:10','15:10:10'),(3475,'07:10:10','15:10:10'),(3476,'09:10:10','15:10:10'),(3479,'07:10:10','15:10:10'),(3481,'09:10:10','15:10:10'),(3487,'07:10:10','15:10:10'),(3492,'09:10:10','15:10:10'),(3495,'07:10:10','15:10:10'),(3499,'07:10:10','15:10:10'),(3500,'07:10:10','15:10:10'),(3501,'09:10:10','15:10:10'),(3503,'07:10:10','15:10:10'),(3506,'09:10:10','15:10:10'),(3509,'09:10:10','15:10:10'),(3512,'15:10:10','20:10:10'),(3515,'15:10:10','20:10:10'),(3516,'09:10:10','15:10:10'),(3518,'09:10:10','15:10:10'),(3520,'07:10:10','15:10:10'),(3521,'09:10:10','15:10:10'),(3524,'15:10:10','20:10:10'),(3527,'09:10:10','15:10:10'),(3529,'07:10:10','15:10:10'),(3535,'15:10:10','20:10:10'),(3536,'15:10:10','20:10:10'),(3537,'09:10:10','15:10:10'),(3538,'09:10:10','15:10:10'),(3540,'07:10:10','15:10:10'),(3542,'07:10:10','15:10:10'),(3543,'07:10:10','15:10:10'),(3553,'07:10:10','15:10:10'),(3557,'07:10:10','15:10:10'),(3558,'07:10:10','15:10:10'),(3559,'07:10:10','15:10:10'),(3564,'15:10:10','20:10:10'),(3566,'09:10:10','15:10:10'),(3568,'07:10:10','15:10:10'),(3571,'07:10:10','15:10:10'),(3574,'09:10:10','15:10:10'),(3576,'07:10:10','15:10:10'),(3578,'07:10:10','15:10:10'),(3580,'07:10:10','15:10:10'),(3591,'15:10:10','20:10:10'),(3596,'15:10:10','20:10:10'),(3597,'15:10:10','20:10:10'),(3598,'07:10:10','15:10:10'),(3601,'09:10:10','15:10:10'),(3602,'07:10:10','15:10:10'),(3603,'07:10:10','15:10:10'),(3613,'09:10:10','15:10:10'),(3614,'07:10:10','15:10:10'),(3616,'07:10:10','15:10:10'),(3617,'15:10:10','20:10:10'),(3619,'07:10:10','15:10:10'),(3636,'15:10:10','20:10:10'),(3638,'15:10:10','20:10:10'),(3651,'15:10:10','20:10:10'),(3652,'15:10:10','20:10:10'),(3657,'09:10:10','15:10:10'),(3677,'15:10:10','20:10:10'),(3680,'15:10:10','20:10:10'),(3682,'07:10:10','15:10:10'),(3683,'07:10:10','15:10:10'),(3689,'07:10:10','15:10:10'),(3696,'09:10:10','15:10:10'),(3711,'07:10:10','15:10:10'),(3726,'07:10:10','15:10:10'),(3727,'07:10:10','15:10:10'),(3731,'15:10:10','20:10:10'),(3741,'15:10:10','20:10:10'),(3745,'15:10:10','20:10:10'),(3746,'09:10:10','15:10:10'),(3748,'07:10:10','15:10:10'),(3749,'15:10:10','20:10:10'),(3759,'07:10:10','15:10:10'),(3764,'15:10:10','20:10:10'),(3767,'15:10:10','20:10:10'),(3770,'07:10:10','15:10:10'),(3775,'15:10:10','20:10:10'),(3778,'07:10:10','15:10:10'),(3782,'07:10:10','15:10:10'),(3783,'15:10:10','20:10:10'),(3785,'09:10:10','15:10:10'),(3788,'07:10:10','15:10:10'),(3792,'15:10:10','20:10:10'),(3793,'15:10:10','20:10:10'),(3794,'09:10:10','15:10:10'),(3795,'07:10:10','15:10:10'),(3798,'15:10:10','20:10:10'),(3817,'09:10:10','15:10:10'),(3818,'09:10:10','15:10:10'),(3829,'07:10:10','15:10:10'),(3830,'15:10:10','20:10:10'),(3844,'07:10:10','15:10:10'),(3852,'07:10:10','15:10:10'),(3853,'07:10:10','15:10:10'),(3857,'15:10:10','20:10:10'),(3865,'07:10:10','15:10:10'),(3870,'09:10:10','15:10:10'),(3876,'07:10:10','15:10:10'),(3899,'07:10:10','15:10:10'),(3901,'15:10:10','20:10:10'),(3903,'15:10:10','20:10:10'),(3904,'15:10:10','20:10:10'),(3906,'15:10:10','20:10:10'),(3912,'07:10:10','15:10:10'),(3919,'07:10:10','15:10:10'),(3926,'15:10:10','20:10:10'),(3937,'09:10:10','15:10:10'),(3943,'07:10:10','15:10:10'),(3944,'15:10:10','20:10:10'),(3947,'07:10:10','15:10:10'),(3948,'09:10:10','15:10:10'),(3961,'09:10:10','15:10:10'),(3964,'15:10:10','20:10:10'),(3965,'15:10:10','20:10:10'),(3967,'15:10:10','20:10:10'),(3969,'15:10:10','20:10:10'),(3970,'07:10:10','15:10:10'),(3976,'07:10:10','15:10:10'),(3980,'15:10:10','20:10:10'),(3982,'09:10:10','15:10:10'),(3995,'15:10:10','20:10:10'),(4000,'15:10:10','20:10:10'),(4001,'09:10:10','15:10:10'),(4003,'09:10:10','15:10:10'),(4014,'15:10:10','20:10:10'),(4015,'15:10:10','20:10:10'),(4016,'15:10:10','20:10:10'),(4019,'15:10:10','20:10:10'),(4033,'07:10:10','15:10:10'),(4042,'07:10:10','15:10:10'),(4043,'15:10:10','20:10:10'),(4047,'07:10:10','15:10:10'),(4066,'15:10:10','20:10:10'),(4067,'15:10:10','20:10:10'),(4072,'07:10:10','15:10:10'),(4073,'07:10:10','15:10:10'),(4083,'07:10:10','15:10:10'),(4086,'07:10:10','15:10:10'),(4087,'15:10:10','20:10:10'),(4090,'09:10:10','15:10:10'),(4091,'07:10:10','15:10:10'),(4093,'07:10:10','15:10:10'),(4099,'15:10:10','20:10:10'),(4100,'15:10:10','20:10:10'),(4105,'15:10:10','20:10:10'),(4107,'07:10:10','15:10:10'),(4112,'09:10:10','15:10:10'),(4118,'15:10:10','20:10:10'),(4119,'15:10:10','20:10:10'),(4123,'07:10:10','15:10:10'),(4125,'07:10:10','15:10:10'),(4126,'09:10:10','15:10:10'),(4129,'07:10:10','15:10:10'),(4163,'09:10:10','15:10:10'),(4170,'07:10:10','15:10:10'),(4175,'07:10:10','15:10:10'),(4176,'07:10:10','15:10:10'),(4186,'09:10:10','15:10:10'),(4190,'07:10:10','15:10:10'),(4195,'07:10:10','15:10:10'),(4197,'07:10:10','15:10:10'),(4198,'15:10:10','20:10:10'),(4199,'15:10:10','20:10:10'),(4200,'07:10:10','15:10:10'),(4202,'07:10:10','15:10:10'),(4209,'09:10:10','15:10:10'),(4212,'15:10:10','20:10:10'),(4213,'15:10:10','20:10:10'),(4216,'15:10:10','20:10:10'),(4219,'15:10:10','20:10:10'),(4220,'07:10:10','15:10:10'),(4223,'07:10:10','15:10:10'),(4226,'07:10:10','15:10:10'),(4228,'15:10:10','20:10:10'),(4236,'09:10:10','15:10:10'),(4247,'09:10:10','15:10:10'),(4251,'15:10:10','20:10:10'),(4254,'15:10:10','20:10:10'),(4260,'07:10:10','15:10:10'),(4266,'07:10:10','15:10:10'),(4270,'07:10:10','15:10:10'),(4273,'09:10:10','15:10:10'),(4275,'15:10:10','20:10:10'),(4276,'09:10:10','15:10:10'),(4279,'09:10:10','15:10:10'),(4284,'15:10:10','20:10:10'),(4294,'09:10:10','15:10:10'),(4301,'07:10:10','15:10:10'),(4303,'07:10:10','15:10:10'),(4308,'07:10:10','15:10:10'),(4313,'15:10:10','20:10:10'),(4316,'07:10:10','15:10:10'),(4320,'15:10:10','20:10:10'),(4322,'15:10:10','20:10:10'),(4325,'15:10:10','20:10:10'),(4326,'15:10:10','20:10:10'),(4332,'07:10:10','15:10:10'),(4334,'09:10:10','15:10:10'),(4336,'15:10:10','20:10:10'),(4339,'09:10:10','15:10:10'),(4343,'15:10:10','20:10:10'),(4345,'15:10:10','20:10:10'),(4355,'15:10:10','20:10:10'),(4366,'15:10:10','20:10:10'),(4367,'07:10:10','15:10:10'),(4368,'09:10:10','15:10:10'),(4382,'15:10:10','20:10:10'),(4388,'15:10:10','20:10:10'),(4395,'09:10:10','15:10:10'),(4398,'07:10:10','15:10:10'),(4404,'15:10:10','20:10:10'),(4408,'07:10:10','15:10:10'),(4411,'07:10:10','15:10:10'),(4414,'09:10:10','15:10:10'),(4422,'15:10:10','20:10:10'),(4429,'07:10:10','15:10:10'),(4431,'15:10:10','20:10:10'),(4432,'15:10:10','20:10:10'),(4437,'09:10:10','15:10:10'),(4443,'09:10:10','15:10:10'),(4445,'09:10:10','15:10:10'),(4451,'15:10:10','20:10:10'),(4459,'07:10:10','15:10:10'),(4468,'07:10:10','15:10:10'),(4469,'09:10:10','15:10:10'),(4470,'09:10:10','15:10:10'),(4490,'07:10:10','15:10:10'),(4497,'07:10:10','15:10:10'),(4503,'07:10:10','15:10:10'),(4504,'15:10:10','20:10:10'),(4508,'15:10:10','20:10:10'),(4510,'07:10:10','15:10:10'),(4516,'07:10:10','15:10:10'),(4517,'09:10:10','15:10:10'),(4523,'15:10:10','20:10:10'),(4527,'07:10:10','15:10:10'),(4529,'15:10:10','20:10:10'),(4531,'07:10:10','15:10:10'),(4532,'07:10:10','15:10:10'),(4536,'15:10:10','20:10:10'),(4538,'15:10:10','20:10:10'),(4540,'07:10:10','15:10:10'),(4542,'07:10:10','15:10:10'),(4548,'09:10:10','15:10:10'),(4552,'15:10:10','20:10:10'),(4554,'07:10:10','15:10:10'),(4558,'15:10:10','20:10:10'),(4560,'07:10:10','15:10:10'),(4561,'15:10:10','20:10:10'),(4566,'09:10:10','15:10:10'),(4567,'07:10:10','15:10:10'),(4569,'07:10:10','15:10:10'),(4572,'09:10:10','15:10:10'),(4577,'15:10:10','20:10:10'),(4583,'07:10:10','15:10:10'),(4585,'15:10:10','20:10:10'),(4588,'07:10:10','15:10:10'),(4590,'07:10:10','15:10:10'),(4591,'15:10:10','20:10:10'),(4594,'07:10:10','15:10:10'),(4597,'15:10:10','20:10:10'),(4600,'15:10:10','20:10:10'),(4617,'15:10:10','20:10:10'),(4619,'15:10:10','20:10:10'),(4623,'15:10:10','20:10:10'),(4628,'07:10:10','15:10:10'),(4632,'15:10:10','20:10:10'),(4636,'15:10:10','20:10:10'),(4641,'07:10:10','15:10:10'),(4642,'07:10:10','15:10:10'),(4647,'09:10:10','15:10:10'),(4648,'07:10:10','15:10:10'),(4650,'09:10:10','15:10:10'),(4652,'09:10:10','15:10:10'),(4657,'09:10:10','15:10:10'),(4671,'15:10:10','20:10:10'),(4677,'15:10:10','20:10:10'),(4686,'07:10:10','15:10:10'),(4689,'09:10:10','15:10:10'),(4691,'15:10:10','20:10:10'),(4694,'09:10:10','15:10:10'),(4702,'09:10:10','15:10:10'),(4704,'15:10:10','20:10:10'),(4707,'09:10:10','15:10:10'),(4710,'07:10:10','15:10:10'),(4716,'07:10:10','15:10:10'),(4717,'15:10:10','20:10:10'),(4720,'07:10:10','15:10:10'),(4727,'07:10:10','15:10:10'),(4729,'07:10:10','15:10:10'),(4733,'07:10:10','15:10:10'),(4735,'09:10:10','15:10:10'),(4737,'15:10:10','20:10:10'),(4738,'15:10:10','20:10:10'),(4741,'07:10:10','15:10:10'),(4743,'15:10:10','20:10:10'),(4750,'09:10:10','15:10:10'),(4751,'07:10:10','15:10:10'),(4752,'09:10:10','15:10:10'),(4753,'15:10:10','20:10:10'),(4754,'07:10:10','15:10:10'),(4756,'15:10:10','20:10:10'),(4760,'15:10:10','20:10:10'),(4770,'07:10:10','15:10:10'),(4771,'09:10:10','15:10:10'),(4776,'07:10:10','15:10:10'),(4780,'07:10:10','15:10:10'),(4789,'15:10:10','20:10:10'),(4791,'09:10:10','15:10:10'),(4793,'15:10:10','20:10:10'),(4798,'09:10:10','15:10:10'),(4803,'09:10:10','15:10:10'),(4805,'07:10:10','15:10:10'),(4816,'09:10:10','15:10:10'),(4824,'15:10:10','20:10:10'),(4825,'15:10:10','20:10:10'),(4827,'15:10:10','20:10:10'),(4828,'15:10:10','20:10:10'),(4831,'15:10:10','20:10:10'),(4834,'07:10:10','15:10:10'),(4837,'09:10:10','15:10:10'),(4842,'15:10:10','20:10:10'),(4845,'07:10:10','15:10:10'),(4848,'07:10:10','15:10:10'),(4856,'07:10:10','15:10:10'),(4858,'15:10:10','20:10:10'),(4859,'15:10:10','20:10:10'),(4860,'07:10:10','15:10:10'),(4866,'09:10:10','15:10:10'),(4870,'07:10:10','15:10:10'),(4884,'07:10:10','15:10:10'),(4886,'07:10:10','15:10:10'),(4899,'07:10:10','15:10:10'),(4907,'15:10:10','20:10:10'),(4910,'09:10:10','15:10:10'),(4919,'09:10:10','15:10:10'),(4922,'15:10:10','20:10:10'),(4924,'09:10:10','15:10:10'),(4925,'15:10:10','20:10:10'),(4937,'07:10:10','15:10:10'),(4949,'09:10:10','15:10:10'),(4953,'07:10:10','15:10:10'),(4955,'15:10:10','20:10:10'),(4956,'15:10:10','20:10:10'),(4963,'07:10:10','15:10:10'),(4966,'07:10:10','15:10:10'),(4972,'09:10:10','15:10:10'),(4992,'07:10:10','15:10:10'),(4993,'09:10:10','15:10:10'),(4994,'15:10:10','20:10:10'),(4996,'15:10:10','20:10:10'),(5001,'09:10:10','15:10:10'),(5007,'07:10:10','15:10:10'),(5009,'07:10:10','15:10:10'),(5015,'09:10:10','15:10:10'),(5021,'07:10:10','15:10:10'),(5033,'15:10:10','20:10:10'),(5034,'15:10:10','20:10:10'),(5043,'15:10:10','20:10:10'),(5046,'07:10:10','15:10:10'),(5057,'15:10:10','20:10:10'),(5058,'15:10:10','20:10:10'),(5060,'15:10:10','20:10:10'),(5061,'15:10:10','20:10:10'),(5063,'15:10:10','20:10:10'),(5067,'15:10:10','20:10:10'),(5069,'09:10:10','15:10:10'),(5081,'07:10:10','15:10:10'),(5085,'15:10:10','20:10:10'),(5090,'07:10:10','15:10:10'),(5091,'15:10:10','20:10:10'),(5093,'15:10:10','20:10:10'),(5096,'15:10:10','20:10:10'),(5110,'07:10:10','15:10:10'),(5113,'09:10:10','15:10:10'),(5117,'07:10:10','15:10:10'),(5126,'15:10:10','20:10:10'),(5129,'07:10:10','15:10:10'),(5147,'07:10:10','15:10:10'),(5148,'07:10:10','15:10:10'),(5150,'07:10:10','15:10:10'),(5151,'09:10:10','15:10:10'),(5155,'15:10:10','20:10:10'),(5158,'07:10:10','15:10:10'),(5159,'07:10:10','15:10:10'),(5162,'09:10:10','15:10:10'),(5171,'07:10:10','15:10:10'),(5174,'07:10:10','15:10:10'),(5182,'15:10:10','20:10:10'),(5183,'09:10:10','15:10:10'),(5185,'15:10:10','20:10:10'),(5188,'15:10:10','20:10:10'),(5190,'07:10:10','15:10:10'),(5204,'07:10:10','15:10:10'),(5208,'07:10:10','15:10:10'),(5212,'15:10:10','20:10:10'),(5216,'15:10:10','20:10:10'),(5220,'07:10:10','15:10:10'),(5221,'15:10:10','20:10:10'),(5228,'09:10:10','15:10:10'),(5233,'07:10:10','15:10:10'),(5240,'15:10:10','20:10:10'),(5243,'15:10:10','20:10:10'),(5246,'09:10:10','15:10:10'),(5248,'09:10:10','15:10:10'),(5252,'15:10:10','20:10:10'),(5267,'09:10:10','15:10:10'),(5272,'15:10:10','20:10:10'),(5278,'07:10:10','15:10:10'),(5285,'09:10:10','15:10:10'),(5286,'15:10:10','20:10:10'),(5307,'15:10:10','20:10:10'),(5313,'15:10:10','20:10:10'),(5316,'09:10:10','15:10:10'),(5322,'15:10:10','20:10:10'),(5332,'07:10:10','15:10:10'),(5336,'15:10:10','20:10:10'),(5340,'07:10:10','15:10:10'),(5342,'15:10:10','20:10:10'),(5351,'15:10:10','20:10:10'),(5355,'07:10:10','15:10:10'),(5356,'09:10:10','15:10:10'),(5357,'15:10:10','20:10:10'),(5358,'09:10:10','15:10:10'),(5365,'09:10:10','15:10:10'),(5368,'07:10:10','15:10:10'),(5372,'07:10:10','15:10:10'),(5378,'09:10:10','15:10:10'),(5380,'15:10:10','20:10:10'),(5389,'09:10:10','15:10:10'),(5390,'15:10:10','20:10:10'),(5395,'15:10:10','20:10:10'),(5396,'07:10:10','15:10:10'),(5407,'15:10:10','20:10:10'),(5409,'15:10:10','20:10:10'),(5410,'09:10:10','15:10:10'),(5419,'07:10:10','15:10:10'),(5422,'07:10:10','15:10:10'),(5424,'15:10:10','20:10:10'),(5426,'07:10:10','15:10:10'),(5431,'09:10:10','15:10:10'),(5441,'15:10:10','20:10:10'),(5443,'07:10:10','15:10:10'),(5447,'07:10:10','15:10:10'),(5448,'15:10:10','20:10:10'),(5450,'07:10:10','15:10:10'),(5451,'07:10:10','15:10:10'),(5453,'15:10:10','20:10:10'),(5458,'09:10:10','15:10:10'),(5470,'09:10:10','15:10:10'),(5474,'15:10:10','20:10:10'),(5476,'15:10:10','20:10:10'),(5486,'07:10:10','15:10:10'),(5487,'09:10:10','15:10:10'),(5489,'15:10:10','20:10:10'),(5490,'09:10:10','15:10:10'),(5496,'09:10:10','15:10:10'),(5502,'15:10:10','20:10:10'),(5507,'07:10:10','15:10:10'),(5514,'07:10:10','15:10:10'),(5522,'15:10:10','20:10:10');
/*!40000 ALTER TABLE `library_staff_working_hours` ENABLE KEYS */;
UNLOCK TABLES;

--
-- Table structure for table `library_systems`
--

DROP TABLE IF EXISTS `library_systems`;
/*!40101 SET @saved_cs_client     = @@character_set_client */;
/*!50503 SET character_set_client = utf8mb4 */;
CREATE TABLE `library_systems` (
  `system_ID` int NOT NULL,
  `system_specs` varchar(150) NOT NULL,
  PRIMARY KEY (`system_ID`)
) ENGINE=InnoDB DEFAULT CHARSET=utf8mb4 COLLATE=utf8mb4_0900_ai_ci;
/*!40101 SET character_set_client = @saved_cs_client */;

--
-- Dumping data for table `library_systems`
--

LOCK TABLES `library_systems` WRITE;
/*!40000 ALTER TABLE `library_systems` DISABLE KEYS */;
INSERT INTO `library_systems` VALUES (1001,'OS: LINUX No GPU'),(1019,'OS: Windows TPU'),(1023,'OS: LINUX TPU'),(1034,'OS: UNIX Other hardware Accelerator'),(1044,'OS: UNIX TPU'),(1049,'OS: UNIX TPU'),(1053,'OS: LINUX NVIDIA GPU'),(1054,'OS: Windows NVIDIA GPU'),(1060,'OS: UNIX NVIDIA GPU'),(1066,'OS: Windows No GPU'),(1089,'OS: UNIX NVIDIA GPU'),(1096,'OS: LINUX NVIDIA GPU'),(1101,'OS: Windows NVIDIA GPU'),(1127,'OS: LINUX No GPU'),(1131,'OS: LINUX No GPU'),(1141,'OS: MacOS TPU'),(1150,'OS: Windows TPU'),(1173,'OS: UNIX No GPU'),(1174,'OS: UNIX Other hardware Accelerator'),(1187,'OS: Windows NVIDIA GPU'),(1189,'OS: UNIX Other hardware Accelerator'),(1190,'OS: MacOS TPU'),(1191,'OS: Windows NVIDIA GPU'),(1193,'OS: LINUX NVIDIA GPU'),(1211,'OS: UNIX TPU'),(1219,'OS: MacOS TPU'),(1229,'OS: MacOS No GPU'),(1230,'OS: MacOS NVIDIA GPU'),(1234,'OS: MacOS NVIDIA GPU'),(1257,'OS: UNIX Other hardware Accelerator'),(1275,'OS: MacOS NVIDIA GPU'),(1279,'OS: Windows TPU'),(1309,'OS: UNIX NVIDIA GPU'),(1314,'OS: Windows NVIDIA GPU'),(1315,'OS: LINUX No GPU'),(1324,'OS: LINUX NVIDIA GPU'),(1331,'OS: UNIX NVIDIA GPU'),(1336,'OS: MacOS NVIDIA GPU'),(1358,'OS: UNIX TPU'),(1359,'OS: LINUX TPU'),(1386,'OS: Windows NVIDIA GPU'),(1387,'OS: UNIX No GPU'),(1390,'OS: UNIX TPU'),(1394,'OS: Windows NVIDIA GPU'),(1401,'OS: UNIX Other hardware Accelerator'),(1407,'OS: UNIX NVIDIA GPU'),(1409,'OS: LINUX NVIDIA GPU'),(1421,'OS: LINUX No GPU'),(1429,'OS: Windows Other hardware Accelerator'),(1437,'OS: Windows Other hardware Accelerator'),(1452,'OS: LINUX No GPU'),(1453,'OS: UNIX TPU'),(1457,'OS: LINUX TPU'),(1477,'OS: LINUX NVIDIA GPU'),(1481,'OS: LINUX NVIDIA GPU'),(1489,'OS: UNIX NVIDIA GPU'),(1504,'OS: Windows TPU'),(1534,'OS: UNIX Other hardware Accelerator'),(1546,'OS: Windows NVIDIA GPU'),(1550,'OS: LINUX NVIDIA GPU'),(1562,'OS: LINUX TPU'),(1568,'OS: LINUX NVIDIA GPU'),(1571,'OS: MacOS TPU'),(1578,'OS: LINUX No GPU'),(1579,'OS: Windows Other hardware Accelerator'),(1580,'OS: Windows TPU'),(1582,'OS: LINUX TPU'),(1584,'OS: Windows No GPU'),(1592,'OS: MacOS Other hardware Accelerator'),(1597,'OS: MacOS Other hardware Accelerator'),(1602,'OS: LINUX TPU'),(1616,'OS: Windows TPU'),(1639,'OS: Windows TPU'),(1641,'OS: MacOS NVIDIA GPU'),(1646,'OS: Windows No GPU'),(1657,'OS: LINUX TPU'),(1659,'OS: LINUX Other hardware Accelerator'),(1671,'OS: Windows Other hardware Accelerator'),(1672,'OS: UNIX TPU'),(1676,'OS: Windows NVIDIA GPU'),(1677,'OS: LINUX NVIDIA GPU'),(1686,'OS: UNIX NVIDIA GPU'),(1692,'OS: UNIX Other hardware Accelerator'),(1700,'OS: Windows Other hardware Accelerator'),(1722,'OS: MacOS NVIDIA GPU'),(1738,'OS: Windows TPU'),(1758,'OS: Windows NVIDIA GPU'),(1771,'OS: MacOS TPU'),(1785,'OS: LINUX TPU'),(1787,'OS: LINUX TPU'),(1792,'OS: MacOS Other hardware Accelerator'),(1800,'OS: UNIX NVIDIA GPU'),(1810,'OS: MacOS No GPU'),(1811,'OS: LINUX No GPU'),(1816,'OS: UNIX NVIDIA GPU'),(1833,'OS: MacOS No GPU'),(1834,'OS: LINUX NVIDIA GPU'),(1840,'OS: Windows Other hardware Accelerator'),(1844,'OS: LINUX Other hardware Accelerator'),(1848,'OS: MacOS NVIDIA GPU'),(1855,'OS: MacOS Other hardware Accelerator'),(1859,'OS: UNIX No GPU'),(1861,'OS: UNIX TPU'),(1865,'OS: Windows Other hardware Accelerator'),(1866,'OS: UNIX No GPU'),(1869,'OS: Windows Other hardware Accelerator'),(1889,'OS: MacOS TPU'),(1905,'OS: Windows Other hardware Accelerator'),(1920,'OS: MacOS NVIDIA GPU'),(1924,'OS: Windows Other hardware Accelerator'),(1933,'OS: LINUX No GPU'),(1938,'OS: Windows TPU'),(1953,'OS: MacOS Other hardware Accelerator'),(1964,'OS: MacOS NVIDIA GPU'),(1969,'OS: UNIX No GPU'),(1972,'OS: UNIX No GPU'),(1979,'OS: MacOS Other hardware Accelerator'),(2001,'OS: MacOS Other hardware Accelerator'),(2002,'OS: Windows NVIDIA GPU'),(2014,'OS: Windows NVIDIA GPU'),(2015,'OS: Windows Other hardware Accelerator'),(2049,'OS: MacOS TPU'),(2055,'OS: LINUX NVIDIA GPU'),(2067,'OS: UNIX TPU'),(2075,'OS: UNIX No GPU'),(2088,'OS: MacOS Other hardware Accelerator'),(2133,'OS: Windows Other hardware Accelerator'),(2141,'OS: MacOS TPU'),(2145,'OS: MacOS No GPU'),(2164,'OS: MacOS Other hardware Accelerator'),(2183,'OS: UNIX TPU'),(2203,'OS: LINUX TPU'),(2210,'OS: Windows Other hardware Accelerator'),(2216,'OS: Windows TPU'),(2230,'OS: LINUX NVIDIA GPU'),(2250,'OS: UNIX TPU'),(2255,'OS: Windows TPU'),(2260,'OS: MacOS No GPU'),(2262,'OS: Windows TPU'),(2296,'OS: MacOS No GPU'),(2312,'OS: MacOS NVIDIA GPU'),(2318,'OS: LINUX Other hardware Accelerator'),(2324,'OS: UNIX TPU'),(2325,'OS: LINUX NVIDIA GPU'),(2330,'OS: Windows TPU'),(2331,'OS: MacOS TPU'),(2336,'OS: LINUX NVIDIA GPU'),(2339,'OS: MacOS NVIDIA GPU'),(2343,'OS: Windows TPU'),(2344,'OS: MacOS TPU'),(2353,'OS: MacOS TPU'),(2372,'OS: Windows TPU'),(2374,'OS: MacOS TPU'),(2381,'OS: Windows NVIDIA GPU'),(2394,'OS: MacOS No GPU'),(2401,'OS: Windows NVIDIA GPU'),(2406,'OS: UNIX Other hardware Accelerator'),(2445,'OS: LINUX NVIDIA GPU'),(2457,'OS: MacOS NVIDIA GPU'),(2459,'OS: MacOS TPU'),(2462,'OS: LINUX TPU'),(2467,'OS: UNIX No GPU'),(2477,'OS: UNIX NVIDIA GPU'),(2482,'OS: UNIX TPU'),(2484,'OS: UNIX Other hardware Accelerator'),(2488,'OS: LINUX No GPU'),(2491,'OS: UNIX No GPU'),(2497,'OS: UNIX No GPU'),(2504,'OS: Windows NVIDIA GPU'),(2506,'OS: MacOS TPU'),(2507,'OS: Windows No GPU'),(2509,'OS: UNIX TPU'),(2550,'OS: UNIX Other hardware Accelerator'),(2567,'OS: MacOS NVIDIA GPU'),(2575,'OS: Windows TPU'),(2587,'OS: MacOS No GPU'),(2597,'OS: LINUX Other hardware Accelerator'),(2621,'OS: Windows TPU'),(2625,'OS: Windows No GPU'),(2630,'OS: Windows Other hardware Accelerator'),(2641,'OS: MacOS Other hardware Accelerator'),(2652,'OS: MacOS Other hardware Accelerator'),(2656,'OS: UNIX NVIDIA GPU'),(2660,'OS: MacOS TPU'),(2668,'OS: UNIX No GPU'),(2672,'OS: Windows NVIDIA GPU'),(2679,'OS: UNIX NVIDIA GPU'),(2680,'OS: Windows NVIDIA GPU'),(2703,'OS: MacOS Other hardware Accelerator'),(2749,'OS: MacOS No GPU'),(2758,'OS: Windows TPU'),(2762,'OS: LINUX TPU'),(2774,'OS: Windows NVIDIA GPU'),(2778,'OS: LINUX NVIDIA GPU'),(2780,'OS: Windows TPU'),(2788,'OS: UNIX No GPU'),(2816,'OS: Windows TPU'),(2821,'OS: LINUX TPU'),(2824,'OS: Windows TPU'),(2832,'OS: MacOS Other hardware Accelerator'),(2835,'OS: MacOS Other hardware Accelerator'),(2837,'OS: MacOS Other hardware Accelerator'),(2850,'OS: LINUX No GPU'),(2854,'OS: UNIX TPU'),(2866,'OS: MacOS NVIDIA GPU'),(2867,'OS: MacOS No GPU'),(2869,'OS: MacOS No GPU'),(2882,'OS: MacOS TPU'),(2884,'OS: LINUX NVIDIA GPU'),(2892,'OS: Windows Other hardware Accelerator'),(2897,'OS: Windows NVIDIA GPU'),(2898,'OS: Windows No GPU'),(2918,'OS: MacOS No GPU'),(2926,'OS: LINUX TPU'),(2934,'OS: Windows Other hardware Accelerator'),(2942,'OS: UNIX TPU'),(2944,'OS: Windows No GPU'),(2972,'OS: Windows No GPU'),(2982,'OS: LINUX NVIDIA GPU'),(3011,'OS: MacOS No GPU'),(3023,'OS: LINUX No GPU'),(3024,'OS: Windows Other hardware Accelerator'),(3026,'OS: Windows Other hardware Accelerator'),(3032,'OS: LINUX Other hardware Accelerator'),(3035,'OS: LINUX Other hardware Accelerator'),(3039,'OS: Windows NVIDIA GPU'),(3048,'OS: Windows NVIDIA GPU'),(3056,'OS: LINUX No GPU'),(3058,'OS: MacOS No GPU'),(3066,'OS: LINUX TPU'),(3082,'OS: MacOS TPU'),(3091,'OS: LINUX NVIDIA GPU'),(3100,'OS: Windows Other hardware Accelerator'),(3110,'OS: LINUX TPU'),(3111,'OS: MacOS No GPU'),(3115,'OS: LINUX No GPU'),(3118,'OS: MacOS Other hardware Accelerator'),(3131,'OS: LINUX TPU'),(3132,'OS: UNIX NVIDIA GPU'),(3137,'OS: UNIX TPU'),(3142,'OS: Windows Other hardware Accelerator'),(3144,'OS: LINUX Other hardware Accelerator'),(3171,'OS: Windows NVIDIA GPU'),(3172,'OS: UNIX No GPU'),(3185,'OS: MacOS Other hardware Accelerator'),(3192,'OS: LINUX NVIDIA GPU'),(3195,'OS: LINUX Other hardware Accelerator'),(3199,'OS: Windows Other hardware Accelerator'),(3213,'OS: Windows TPU'),(3234,'OS: MacOS TPU'),(3245,'OS: LINUX NVIDIA GPU'),(3252,'OS: LINUX Other hardware Accelerator'),(3289,'OS: UNIX NVIDIA GPU'),(3291,'OS: MacOS No GPU'),(3297,'OS: Windows NVIDIA GPU'),(3329,'OS: UNIX TPU'),(3341,'OS: LINUX Other hardware Accelerator'),(3345,'OS: UNIX Other hardware Accelerator'),(3350,'OS: MacOS No GPU'),(3353,'OS: UNIX TPU'),(3372,'OS: UNIX TPU'),(3381,'OS: LINUX Other hardware Accelerator'),(3385,'OS: UNIX No GPU'),(3389,'OS: UNIX No GPU'),(3393,'OS: UNIX No GPU'),(3399,'OS: UNIX No GPU'),(3402,'OS: LINUX NVIDIA GPU'),(3438,'OS: LINUX Other hardware Accelerator'),(3444,'OS: MacOS Other hardware Accelerator'),(3446,'OS: MacOS TPU'),(3448,'OS: UNIX Other hardware Accelerator'),(3453,'OS: UNIX No GPU'),(3456,'OS: UNIX Other hardware Accelerator'),(3459,'OS: LINUX Other hardware Accelerator'),(3462,'OS: LINUX No GPU'),(3463,'OS: LINUX No GPU'),(3464,'OS: Windows No GPU'),(3466,'OS: UNIX TPU'),(3470,'OS: LINUX NVIDIA GPU'),(3474,'OS: Windows No GPU'),(3485,'OS: UNIX No GPU'),(3502,'OS: Windows No GPU'),(3513,'OS: LINUX TPU'),(3533,'OS: Windows No GPU'),(3566,'OS: Windows No GPU'),(3570,'OS: Windows NVIDIA GPU'),(3578,'OS: LINUX No GPU'),(3580,'OS: UNIX Other hardware Accelerator'),(3585,'OS: MacOS No GPU'),(3593,'OS: Windows Other hardware Accelerator'),(3610,'OS: UNIX NVIDIA GPU'),(3635,'OS: MacOS No GPU'),(3646,'OS: Windows TPU'),(3651,'OS: MacOS TPU'),(3657,'OS: UNIX Other hardware Accelerator'),(3662,'OS: MacOS NVIDIA GPU'),(3663,'OS: Windows Other hardware Accelerator'),(3669,'OS: Windows No GPU'),(3679,'OS: MacOS No GPU'),(3688,'OS: MacOS Other hardware Accelerator'),(3709,'OS: MacOS No GPU'),(3713,'OS: UNIX Other hardware Accelerator'),(3714,'OS: LINUX No GPU'),(3717,'OS: Windows Other hardware Accelerator'),(3738,'OS: LINUX Other hardware Accelerator'),(3739,'OS: LINUX No GPU'),(3744,'OS: MacOS No GPU'),(3745,'OS: MacOS No GPU'),(3748,'OS: MacOS Other hardware Accelerator'),(3766,'OS: UNIX NVIDIA GPU'),(3788,'OS: UNIX NVIDIA GPU'),(3793,'OS: Windows TPU'),(3823,'OS: Windows TPU'),(3829,'OS: UNIX TPU'),(3839,'OS: LINUX TPU'),(3840,'OS: UNIX NVIDIA GPU'),(3866,'OS: MacOS No GPU'),(3874,'OS: Windows No GPU'),(3881,'OS: MacOS TPU'),(3902,'OS: Windows No GPU'),(3911,'OS: MacOS No GPU'),(3914,'OS: UNIX Other hardware Accelerator'),(3919,'OS: LINUX Other hardware Accelerator'),(3929,'OS: MacOS NVIDIA GPU'),(3935,'OS: MacOS TPU'),(3937,'OS: Windows Other hardware Accelerator'),(3941,'OS: MacOS No GPU'),(3956,'OS: MacOS NVIDIA GPU'),(3959,'OS: Windows TPU'),(3965,'OS: MacOS Other hardware Accelerator'),(3969,'OS: Windows TPU'),(3981,'OS: MacOS NVIDIA GPU'),(3983,'OS: LINUX No GPU'),(3988,'OS: MacOS No GPU'),(3993,'OS: MacOS No GPU'),(3997,'OS: UNIX No GPU'),(4005,'OS: Windows No GPU'),(4010,'OS: UNIX No GPU'),(4013,'OS: LINUX No GPU'),(4025,'OS: LINUX Other hardware Accelerator'),(4026,'OS: Windows Other hardware Accelerator'),(4029,'OS: UNIX TPU'),(4039,'OS: Windows Other hardware Accelerator'),(4076,'OS: UNIX No GPU'),(4077,'OS: UNIX Other hardware Accelerator'),(4086,'OS: LINUX TPU'),(4088,'OS: UNIX TPU'),(4103,'OS: UNIX NVIDIA GPU'),(4109,'OS: MacOS Other hardware Accelerator'),(4117,'OS: Windows Other hardware Accelerator'),(4120,'OS: UNIX TPU'),(4156,'OS: Windows TPU'),(4161,'OS: Windows NVIDIA GPU'),(4165,'OS: LINUX No GPU'),(4166,'OS: LINUX No GPU'),(4172,'OS: Windows NVIDIA GPU'),(4195,'OS: UNIX No GPU'),(4204,'OS: Windows Other hardware Accelerator'),(4210,'OS: Windows No GPU'),(4217,'OS: LINUX No GPU'),(4224,'OS: LINUX NVIDIA GPU'),(4239,'OS: Windows NVIDIA GPU'),(4258,'OS: UNIX TPU'),(4260,'OS: Windows TPU'),(4281,'OS: MacOS Other hardware Accelerator'),(4282,'OS: MacOS No GPU'),(4285,'OS: MacOS TPU'),(4291,'OS: LINUX TPU'),(4292,'OS: MacOS NVIDIA GPU'),(4328,'OS: UNIX TPU'),(4330,'OS: MacOS TPU'),(4336,'OS: MacOS NVIDIA GPU'),(4337,'OS: UNIX NVIDIA GPU'),(4369,'OS: UNIX TPU'),(4372,'OS: Windows TPU'),(4389,'OS: LINUX No GPU'),(4407,'OS: UNIX NVIDIA GPU'),(4408,'OS: MacOS Other hardware Accelerator'),(4409,'OS: MacOS Other hardware Accelerator'),(4429,'OS: MacOS Other hardware Accelerator'),(4432,'OS: LINUX No GPU'),(4433,'OS: MacOS No GPU'),(4434,'OS: MacOS NVIDIA GPU'),(4442,'OS: MacOS NVIDIA GPU'),(4455,'OS: Windows NVIDIA GPU'),(4467,'OS: MacOS NVIDIA GPU'),(4486,'OS: MacOS TPU'),(4493,'OS: Windows TPU'),(4503,'OS: LINUX NVIDIA GPU'),(4504,'OS: MacOS Other hardware Accelerator'),(4505,'OS: UNIX TPU'),(4508,'OS: MacOS No GPU'),(4536,'OS: Windows NVIDIA GPU'),(4540,'OS: MacOS NVIDIA GPU'),(4547,'OS: Windows NVIDIA GPU'),(4553,'OS: Windows NVIDIA GPU'),(4561,'OS: UNIX Other hardware Accelerator'),(4591,'OS: MacOS No GPU'),(4604,'OS: LINUX Other hardware Accelerator'),(4607,'OS: UNIX No GPU'),(4608,'OS: Windows Other hardware Accelerator'),(4621,'OS: Windows TPU'),(4629,'OS: MacOS NVIDIA GPU'),(4637,'OS: LINUX No GPU'),(4649,'OS: MacOS NVIDIA GPU'),(4651,'OS: LINUX NVIDIA GPU'),(4653,'OS: LINUX No GPU'),(4671,'OS: UNIX NVIDIA GPU'),(4672,'OS: Windows NVIDIA GPU'),(4677,'OS: UNIX No GPU'),(4698,'OS: MacOS Other hardware Accelerator'),(4708,'OS: LINUX NVIDIA GPU'),(4710,'OS: Windows NVIDIA GPU'),(4714,'OS: MacOS NVIDIA GPU'),(4724,'OS: Windows NVIDIA GPU'),(4726,'OS: LINUX TPU'),(4729,'OS: LINUX TPU'),(4737,'OS: Windows No GPU'),(4747,'OS: UNIX Other hardware Accelerator'),(4764,'OS: Windows No GPU'),(4771,'OS: MacOS TPU'),(4775,'OS: UNIX NVIDIA GPU'),(4787,'OS: LINUX Other hardware Accelerator'),(4797,'OS: MacOS No GPU'),(4805,'OS: LINUX No GPU'),(4819,'OS: MacOS Other hardware Accelerator'),(4821,'OS: UNIX No GPU'),(4828,'OS: Windows No GPU'),(4829,'OS: MacOS No GPU'),(4830,'OS: Windows NVIDIA GPU'),(4832,'OS: LINUX Other hardware Accelerator'),(4861,'OS: UNIX NVIDIA GPU'),(4891,'OS: Windows No GPU'),(4895,'OS: MacOS Other hardware Accelerator'),(4905,'OS: Windows No GPU'),(4910,'OS: UNIX Other hardware Accelerator'),(4935,'OS: UNIX NVIDIA GPU'),(4959,'OS: LINUX No GPU'),(4963,'OS: LINUX No GPU'),(4966,'OS: UNIX NVIDIA GPU'),(4983,'OS: Windows Other hardware Accelerator'),(4993,'OS: UNIX NVIDIA GPU'),(4996,'OS: LINUX TPU'),(5004,'OS: MacOS Other hardware Accelerator'),(5009,'OS: MacOS TPU'),(5011,'OS: MacOS No GPU'),(5012,'OS: LINUX TPU'),(5016,'OS: Windows TPU'),(5021,'OS: UNIX Other hardware Accelerator'),(5027,'OS: MacOS No GPU'),(5035,'OS: LINUX Other hardware Accelerator'),(5036,'OS: LINUX Other hardware Accelerator'),(5037,'OS: LINUX NVIDIA GPU'),(5049,'OS: UNIX TPU'),(5050,'OS: Windows TPU'),(5051,'OS: LINUX No GPU'),(5056,'OS: UNIX TPU'),(5058,'OS: LINUX Other hardware Accelerator'),(5066,'OS: UNIX Other hardware Accelerator'),(5092,'OS: Windows NVIDIA GPU'),(5102,'OS: UNIX Other hardware Accelerator'),(5105,'OS: Windows Other hardware Accelerator'),(5122,'OS: UNIX Other hardware Accelerator'),(5128,'OS: UNIX TPU'),(5130,'OS: MacOS Other hardware Accelerator'),(5131,'OS: MacOS Other hardware Accelerator'),(5134,'OS: Windows TPU'),(5150,'OS: Windows Other hardware Accelerator'),(5156,'OS: Windows TPU'),(5157,'OS: UNIX TPU'),(5162,'OS: LINUX TPU'),(5166,'OS: LINUX Other hardware Accelerator'),(5170,'OS: UNIX Other hardware Accelerator'),(5172,'OS: LINUX No GPU'),(5183,'OS: UNIX Other hardware Accelerator'),(5185,'OS: UNIX Other hardware Accelerator'),(5202,'OS: MacOS TPU'),(5206,'OS: UNIX Other hardware Accelerator'),(5207,'OS: UNIX Other hardware Accelerator'),(5209,'OS: Windows NVIDIA GPU'),(5252,'OS: Windows NVIDIA GPU'),(5263,'OS: LINUX No GPU'),(5264,'OS: MacOS Other hardware Accelerator'),(5271,'OS: Windows Other hardware Accelerator'),(5274,'OS: Windows Other hardware Accelerator'),(5278,'OS: MacOS TPU'),(5304,'OS: MacOS TPU'),(5316,'OS: MacOS No GPU'),(5319,'OS: UNIX No GPU'),(5320,'OS: UNIX Other hardware Accelerator'),(5324,'OS: MacOS NVIDIA GPU'),(5326,'OS: MacOS Other hardware Accelerator'),(5327,'OS: UNIX NVIDIA GPU'),(5332,'OS: UNIX NVIDIA GPU'),(5343,'OS: UNIX TPU'),(5349,'OS: MacOS No GPU'),(5359,'OS: LINUX Other hardware Accelerator'),(5370,'OS: UNIX TPU'),(5377,'OS: LINUX NVIDIA GPU'),(5383,'OS: UNIX TPU'),(5426,'OS: Windows NVIDIA GPU'),(5440,'OS: UNIX NVIDIA GPU'),(5451,'OS: MacOS Other hardware Accelerator'),(5456,'OS: MacOS TPU'),(5463,'OS: LINUX TPU'),(5478,'OS: LINUX NVIDIA GPU'),(5482,'OS: UNIX TPU'),(5484,'OS: LINUX Other hardware Accelerator'),(5495,'OS: MacOS Other hardware Accelerator'),(5497,'OS: Windows Other hardware Accelerator'),(5498,'OS: MacOS TPU'),(5505,'OS: LINUX NVIDIA GPU'),(5513,'OS: LINUX NVIDIA GPU'),(5517,'OS: LINUX NVIDIA GPU'),(5521,'OS: LINUX No GPU'),(5525,'OS: UNIX Other hardware Accelerator'),(5546,'OS: MacOS Other hardware Accelerator'),(5560,'OS: LINUX NVIDIA GPU'),(5566,'OS: UNIX No GPU'),(5588,'OS: LINUX No GPU'),(5593,'OS: UNIX TPU'),(5602,'OS: UNIX Other hardware Accelerator'),(5609,'OS: UNIX Other hardware Accelerator'),(5612,'OS: MacOS No GPU'),(5626,'OS: MacOS Other hardware Accelerator'),(5648,'OS: UNIX No GPU'),(5655,'OS: Windows NVIDIA GPU'),(5693,'OS: LINUX No GPU'),(5701,'OS: LINUX NVIDIA GPU'),(5731,'OS: LINUX Other hardware Accelerator'),(5748,'OS: LINUX Other hardware Accelerator'),(5772,'OS: LINUX Other hardware Accelerator'),(5775,'OS: LINUX No GPU'),(5777,'OS: MacOS TPU'),(5780,'OS: Windows Other hardware Accelerator'),(5792,'OS: LINUX TPU'),(5793,'OS: UNIX TPU'),(5807,'OS: Windows No GPU'),(5812,'OS: Windows TPU'),(5836,'OS: MacOS No GPU'),(5854,'OS: LINUX TPU'),(5869,'OS: UNIX TPU'),(5889,'OS: LINUX TPU'),(5893,'OS: UNIX NVIDIA GPU'),(5911,'OS: Windows TPU'),(5918,'OS: LINUX NVIDIA GPU'),(5944,'OS: MacOS TPU'),(5946,'OS: UNIX NVIDIA GPU'),(5947,'OS: LINUX NVIDIA GPU'),(5952,'OS: LINUX NVIDIA GPU'),(5960,'OS: Windows NVIDIA GPU'),(5966,'OS: LINUX NVIDIA GPU'),(5974,'OS: MacOS No GPU'),(5975,'OS: Windows TPU'),(5980,'OS: LINUX No GPU'),(6000,'OS: Windows No GPU'),(6004,'OS: UNIX Other hardware Accelerator'),(6010,'OS: Windows No GPU'),(6030,'OS: UNIX No GPU'),(6037,'OS: UNIX NVIDIA GPU'),(6055,'OS: MacOS TPU'),(6059,'OS: Windows Other hardware Accelerator'),(6064,'OS: Windows TPU'),(6070,'OS: Windows Other hardware Accelerator'),(6088,'OS: Windows No GPU'),(6102,'OS: Windows NVIDIA GPU'),(6104,'OS: MacOS TPU'),(6110,'OS: MacOS TPU'),(6111,'OS: LINUX NVIDIA GPU'),(6119,'OS: UNIX NVIDIA GPU'),(6142,'OS: Windows TPU'),(6160,'OS: UNIX Other hardware Accelerator'),(6212,'OS: MacOS NVIDIA GPU'),(6225,'OS: Windows TPU'),(6227,'OS: MacOS NVIDIA GPU'),(6233,'OS: Windows No GPU'),(6240,'OS: UNIX NVIDIA GPU'),(6253,'OS: MacOS No GPU'),(6262,'OS: MacOS No GPU'),(6275,'OS: UNIX Other hardware Accelerator'),(6285,'OS: Windows No GPU'),(6287,'OS: MacOS Other hardware Accelerator'),(6303,'OS: MacOS TPU'),(6307,'OS: UNIX NVIDIA GPU'),(6314,'OS: LINUX No GPU'),(6317,'OS: LINUX TPU'),(6320,'OS: Windows NVIDIA GPU'),(6333,'OS: MacOS Other hardware Accelerator'),(6334,'OS: LINUX NVIDIA GPU'),(6336,'OS: UNIX NVIDIA GPU'),(6347,'OS: UNIX No GPU'),(6376,'OS: UNIX TPU'),(6379,'OS: MacOS No GPU'),(6382,'OS: MacOS TPU'),(6383,'OS: MacOS No GPU'),(6391,'OS: MacOS TPU'),(6399,'OS: LINUX NVIDIA GPU'),(6405,'OS: Windows NVIDIA GPU'),(6419,'OS: UNIX TPU'),(6422,'OS: Windows Other hardware Accelerator'),(6429,'OS: Windows TPU'),(6436,'OS: MacOS NVIDIA GPU'),(6450,'OS: MacOS Other hardware Accelerator'),(6455,'OS: UNIX No GPU'),(6457,'OS: UNIX NVIDIA GPU'),(6461,'OS: LINUX No GPU'),(6465,'OS: Windows Other hardware Accelerator'),(6469,'OS: UNIX NVIDIA GPU'),(6488,'OS: Windows NVIDIA GPU'),(6505,'OS: LINUX NVIDIA GPU'),(6516,'OS: MacOS Other hardware Accelerator'),(6517,'OS: MacOS Other hardware Accelerator'),(6522,'OS: Windows Other hardware Accelerator'),(6526,'OS: Windows No GPU'),(6527,'OS: LINUX TPU'),(6540,'OS: MacOS Other hardware Accelerator'),(6547,'OS: MacOS Other hardware Accelerator'),(6556,'OS: MacOS NVIDIA GPU'),(6560,'OS: UNIX Other hardware Accelerator'),(6577,'OS: MacOS No GPU'),(6579,'OS: UNIX No GPU'),(6591,'OS: Windows Other hardware Accelerator'),(6596,'OS: MacOS Other hardware Accelerator'),(6597,'OS: LINUX NVIDIA GPU'),(6600,'OS: Windows No GPU'),(6604,'OS: UNIX No GPU'),(6608,'OS: MacOS No GPU'),(6611,'OS: Windows Other hardware Accelerator'),(6625,'OS: LINUX No GPU'),(6635,'OS: Windows TPU'),(6640,'OS: MacOS Other hardware Accelerator'),(6641,'OS: UNIX No GPU'),(6646,'OS: LINUX NVIDIA GPU'),(6650,'OS: Windows No GPU'),(6659,'OS: Windows TPU'),(6665,'OS: MacOS TPU'),(6676,'OS: UNIX Other hardware Accelerator'),(6677,'OS: UNIX NVIDIA GPU'),(6679,'OS: Windows NVIDIA GPU'),(6697,'OS: MacOS NVIDIA GPU'),(6708,'OS: MacOS Other hardware Accelerator'),(6723,'OS: UNIX No GPU'),(6731,'OS: MacOS No GPU'),(6752,'OS: MacOS Other hardware Accelerator'),(6754,'OS: UNIX NVIDIA GPU'),(6756,'OS: UNIX Other hardware Accelerator'),(6759,'OS: UNIX NVIDIA GPU'),(6760,'OS: LINUX Other hardware Accelerator'),(6764,'OS: UNIX TPU'),(6772,'OS: MacOS TPU'),(6779,'OS: MacOS NVIDIA GPU'),(6787,'OS: MacOS No GPU'),(6790,'OS: Windows Other hardware Accelerator'),(6793,'OS: MacOS No GPU'),(6817,'OS: MacOS Other hardware Accelerator'),(6835,'OS: MacOS Other hardware Accelerator'),(6838,'OS: MacOS TPU'),(6850,'OS: LINUX TPU'),(6883,'OS: UNIX Other hardware Accelerator'),(6906,'OS: Windows TPU'),(6910,'OS: Windows TPU'),(6912,'OS: UNIX No GPU'),(6916,'OS: UNIX TPU'),(6928,'OS: LINUX No GPU'),(6933,'OS: MacOS TPU'),(6937,'OS: Windows TPU'),(6944,'OS: MacOS TPU'),(6953,'OS: MacOS TPU'),(6967,'OS: UNIX No GPU'),(6971,'OS: LINUX Other hardware Accelerator'),(6983,'OS: UNIX Other hardware Accelerator'),(6990,'OS: UNIX Other hardware Accelerator'),(6991,'OS: MacOS TPU'),(7008,'OS: UNIX NVIDIA GPU'),(7014,'OS: LINUX No GPU'),(7018,'OS: Windows No GPU'),(7019,'OS: Windows No GPU'),(7021,'OS: Windows No GPU'),(7025,'OS: MacOS TPU'),(7030,'OS: UNIX Other hardware Accelerator'),(7051,'OS: MacOS No GPU'),(7060,'OS: MacOS TPU'),(7066,'OS: MacOS TPU'),(7067,'OS: UNIX TPU'),(7069,'OS: MacOS No GPU'),(7071,'OS: UNIX Other hardware Accelerator'),(7079,'OS: LINUX NVIDIA GPU'),(7083,'OS: Windows No GPU'),(7085,'OS: UNIX No GPU'),(7090,'OS: UNIX TPU'),(7105,'OS: MacOS No GPU'),(7106,'OS: Windows NVIDIA GPU'),(7113,'OS: Windows No GPU'),(7115,'OS: Windows NVIDIA GPU'),(7157,'OS: MacOS NVIDIA GPU'),(7170,'OS: LINUX Other hardware Accelerator'),(7175,'OS: MacOS TPU'),(7182,'OS: MacOS NVIDIA GPU'),(7183,'OS: MacOS NVIDIA GPU'),(7212,'OS: MacOS TPU'),(7219,'OS: LINUX Other hardware Accelerator'),(7225,'OS: Windows NVIDIA GPU'),(7234,'OS: Windows Other hardware Accelerator'),(7238,'OS: UNIX Other hardware Accelerator'),(7246,'OS: MacOS No GPU'),(7250,'OS: UNIX Other hardware Accelerator'),(7279,'OS: LINUX Other hardware Accelerator'),(7287,'OS: UNIX Other hardware Accelerator'),(7297,'OS: UNIX TPU'),(7298,'OS: MacOS TPU'),(7299,'OS: LINUX NVIDIA GPU'),(7301,'OS: UNIX NVIDIA GPU'),(7308,'OS: UNIX Other hardware Accelerator'),(7318,'OS: LINUX TPU'),(7326,'OS: MacOS No GPU'),(7327,'OS: Windows TPU'),(7329,'OS: MacOS TPU'),(7331,'OS: UNIX TPU'),(7334,'OS: Windows NVIDIA GPU'),(7339,'OS: UNIX No GPU'),(7341,'OS: LINUX Other hardware Accelerator'),(7345,'OS: Windows Other hardware Accelerator'),(7349,'OS: Windows TPU'),(7359,'OS: MacOS Other hardware Accelerator'),(7374,'OS: Windows TPU'),(7376,'OS: LINUX Other hardware Accelerator'),(7381,'OS: LINUX Other hardware Accelerator'),(7388,'OS: LINUX Other hardware Accelerator'),(7391,'OS: UNIX NVIDIA GPU'),(7392,'OS: Windows No GPU'),(7394,'OS: MacOS No GPU'),(7410,'OS: Windows TPU'),(7412,'OS: LINUX NVIDIA GPU'),(7414,'OS: UNIX No GPU'),(7418,'OS: Windows NVIDIA GPU'),(7426,'OS: Windows NVIDIA GPU'),(7430,'OS: Windows Other hardware Accelerator'),(7452,'OS: MacOS TPU'),(7494,'OS: LINUX TPU'),(7509,'OS: MacOS NVIDIA GPU'),(7523,'OS: Windows No GPU'),(7539,'OS: UNIX Other hardware Accelerator'),(7560,'OS: Windows NVIDIA GPU'),(7561,'OS: MacOS TPU'),(7571,'OS: MacOS NVIDIA GPU'),(7574,'OS: UNIX TPU'),(7578,'OS: UNIX TPU'),(7583,'OS: Windows Other hardware Accelerator'),(7584,'OS: LINUX NVIDIA GPU'),(7603,'OS: UNIX TPU'),(7604,'OS: UNIX NVIDIA GPU'),(7609,'OS: UNIX NVIDIA GPU'),(7623,'OS: Windows TPU'),(7624,'OS: UNIX TPU'),(7627,'OS: UNIX No GPU'),(7641,'OS: MacOS No GPU'),(7647,'OS: UNIX TPU'),(7666,'OS: LINUX Other hardware Accelerator'),(7667,'OS: UNIX NVIDIA GPU'),(7670,'OS: MacOS No GPU'),(7676,'OS: LINUX NVIDIA GPU'),(7682,'OS: LINUX Other hardware Accelerator'),(7695,'OS: LINUX No GPU'),(7703,'OS: MacOS TPU'),(7708,'OS: Windows TPU'),(7712,'OS: Windows No GPU'),(7715,'OS: LINUX Other hardware Accelerator'),(7719,'OS: MacOS TPU'),(7728,'OS: MacOS Other hardware Accelerator'),(7744,'OS: MacOS No GPU'),(7745,'OS: UNIX No GPU'),(7760,'OS: Windows NVIDIA GPU'),(7775,'OS: LINUX TPU'),(7780,'OS: LINUX TPU'),(7804,'OS: UNIX Other hardware Accelerator'),(7811,'OS: UNIX NVIDIA GPU'),(7812,'OS: MacOS No GPU'),(7815,'OS: LINUX NVIDIA GPU'),(7818,'OS: LINUX NVIDIA GPU'),(7843,'OS: UNIX No GPU'),(7846,'OS: UNIX NVIDIA GPU'),(7849,'OS: LINUX No GPU'),(7852,'OS: LINUX NVIDIA GPU'),(7854,'OS: UNIX NVIDIA GPU'),(7858,'OS: Windows TPU'),(7866,'OS: UNIX No GPU'),(7878,'OS: LINUX NVIDIA GPU'),(7900,'OS: UNIX Other hardware Accelerator'),(7909,'OS: MacOS NVIDIA GPU'),(7923,'OS: Windows TPU'),(7928,'OS: Windows NVIDIA GPU'),(7935,'OS: UNIX No GPU'),(7945,'OS: Windows No GPU'),(7951,'OS: MacOS TPU'),(7962,'OS: MacOS NVIDIA GPU'),(7970,'OS: UNIX TPU'),(7976,'OS: LINUX No GPU'),(7978,'OS: Windows TPU'),(7988,'OS: MacOS NVIDIA GPU'),(7997,'OS: Windows NVIDIA GPU'),(7998,'OS: Windows NVIDIA GPU'),(8012,'OS: LINUX TPU'),(8018,'OS: MacOS Other hardware Accelerator'),(8020,'OS: Windows TPU'),(8035,'OS: Windows No GPU'),(8036,'OS: LINUX Other hardware Accelerator'),(8038,'OS: MacOS No GPU'),(8052,'OS: UNIX No GPU'),(8053,'OS: MacOS NVIDIA GPU'),(8056,'OS: LINUX NVIDIA GPU'),(8058,'OS: UNIX Other hardware Accelerator'),(8067,'OS: Windows TPU'),(8070,'OS: Windows NVIDIA GPU'),(8074,'OS: UNIX Other hardware Accelerator'),(8079,'OS: UNIX TPU'),(8082,'OS: UNIX NVIDIA GPU'),(8085,'OS: MacOS TPU'),(8086,'OS: MacOS No GPU'),(8089,'OS: Windows NVIDIA GPU'),(8096,'OS: UNIX No GPU'),(8133,'OS: LINUX NVIDIA GPU'),(8141,'OS: LINUX Other hardware Accelerator'),(8145,'OS: UNIX Other hardware Accelerator'),(8149,'OS: LINUX NVIDIA GPU'),(8152,'OS: Windows Other hardware Accelerator'),(8160,'OS: LINUX Other hardware Accelerator'),(8162,'OS: LINUX Other hardware Accelerator'),(8165,'OS: MacOS No GPU'),(8182,'OS: Windows No GPU'),(8198,'OS: MacOS NVIDIA GPU'),(8201,'OS: UNIX Other hardware Accelerator'),(8208,'OS: UNIX NVIDIA GPU'),(8219,'OS: UNIX No GPU'),(8221,'OS: Windows Other hardware Accelerator'),(8240,'OS: Windows TPU'),(8259,'OS: UNIX No GPU'),(8262,'OS: Windows NVIDIA GPU'),(8264,'OS: UNIX Other hardware Accelerator'),(8282,'OS: LINUX NVIDIA GPU'),(8285,'OS: LINUX Other hardware Accelerator'),(8292,'OS: Windows Other hardware Accelerator'),(8323,'OS: LINUX No GPU'),(8324,'OS: UNIX TPU'),(8330,'OS: LINUX Other hardware Accelerator'),(8334,'OS: MacOS TPU'),(8337,'OS: Windows No GPU'),(8338,'OS: LINUX TPU'),(8362,'OS: LINUX No GPU'),(8368,'OS: Windows TPU'),(8376,'OS: MacOS No GPU'),(8381,'OS: MacOS Other hardware Accelerator'),(8388,'OS: Windows No GPU'),(8392,'OS: Windows TPU'),(8400,'OS: UNIX No GPU'),(8406,'OS: MacOS Other hardware Accelerator'),(8412,'OS: LINUX TPU'),(8418,'OS: Windows NVIDIA GPU'),(8421,'OS: Windows TPU'),(8457,'OS: Windows TPU'),(8463,'OS: UNIX NVIDIA GPU'),(8471,'OS: Windows NVIDIA GPU'),(8474,'OS: MacOS No GPU'),(8476,'OS: Windows TPU'),(8500,'OS: MacOS NVIDIA GPU'),(8501,'OS: MacOS NVIDIA GPU'),(8569,'OS: Windows Other hardware Accelerator'),(8572,'OS: Windows TPU'),(8578,'OS: UNIX NVIDIA GPU'),(8597,'OS: MacOS NVIDIA GPU'),(8603,'OS: MacOS No GPU'),(8624,'OS: LINUX No GPU'),(8639,'OS: Windows TPU'),(8640,'OS: UNIX NVIDIA GPU'),(8643,'OS: UNIX NVIDIA GPU'),(8648,'OS: LINUX No GPU'),(8673,'OS: MacOS NVIDIA GPU'),(8701,'OS: LINUX No GPU'),(8706,'OS: UNIX TPU'),(8717,'OS: LINUX Other hardware Accelerator'),(8721,'OS: Windows TPU'),(8724,'OS: MacOS TPU'),(8737,'OS: Windows Other hardware Accelerator'),(8741,'OS: LINUX No GPU'),(8743,'OS: UNIX NVIDIA GPU'),(8749,'OS: UNIX No GPU'),(8751,'OS: MacOS No GPU'),(8765,'OS: UNIX Other hardware Accelerator'),(8770,'OS: MacOS NVIDIA GPU'),(8774,'OS: LINUX NVIDIA GPU'),(8790,'OS: LINUX Other hardware Accelerator'),(8791,'OS: Windows Other hardware Accelerator'),(8812,'OS: UNIX TPU'),(8818,'OS: UNIX No GPU'),(8823,'OS: LINUX TPU'),(8827,'OS: Windows TPU'),(8844,'OS: LINUX No GPU'),(8863,'OS: UNIX NVIDIA GPU'),(8884,'OS: MacOS NVIDIA GPU'),(8889,'OS: UNIX TPU'),(8901,'OS: LINUX No GPU'),(8910,'OS: Windows NVIDIA GPU'),(8917,'OS: MacOS No GPU'),(8922,'OS: Windows NVIDIA GPU'),(8924,'OS: UNIX TPU'),(8926,'OS: MacOS TPU'),(8935,'OS: MacOS Other hardware Accelerator'),(8938,'OS: LINUX NVIDIA GPU'),(8944,'OS: MacOS No GPU'),(8946,'OS: UNIX TPU'),(8955,'OS: MacOS Other hardware Accelerator'),(8990,'OS: UNIX TPU'),(8993,'OS: Windows No GPU'),(8994,'OS: Windows TPU'),(8995,'OS: Windows No GPU'),(8996,'OS: MacOS Other hardware Accelerator'),(9001,'OS: UNIX TPU'),(9013,'OS: UNIX No GPU'),(9014,'OS: UNIX TPU'),(9043,'OS: UNIX NVIDIA GPU'),(9046,'OS: UNIX Other hardware Accelerator'),(9074,'OS: LINUX Other hardware Accelerator'),(9078,'OS: LINUX TPU'),(9079,'OS: UNIX Other hardware Accelerator'),(9081,'OS: UNIX Other hardware Accelerator'),(9086,'OS: UNIX No GPU'),(9088,'OS: LINUX NVIDIA GPU'),(9091,'OS: UNIX NVIDIA GPU'),(9096,'OS: MacOS NVIDIA GPU'),(9116,'OS: LINUX NVIDIA GPU'),(9136,'OS: LINUX TPU'),(9164,'OS: UNIX No GPU'),(9165,'OS: UNIX NVIDIA GPU'),(9167,'OS: UNIX Other hardware Accelerator'),(9186,'OS: LINUX No GPU'),(9190,'OS: LINUX TPU'),(9195,'OS: UNIX No GPU'),(9212,'OS: MacOS TPU'),(9213,'OS: LINUX NVIDIA GPU'),(9219,'OS: UNIX TPU'),(9226,'OS: LINUX NVIDIA GPU'),(9233,'OS: UNIX TPU'),(9234,'OS: LINUX TPU'),(9238,'OS: Windows No GPU'),(9239,'OS: UNIX No GPU'),(9267,'OS: Windows No GPU'),(9282,'OS: Windows TPU'),(9291,'OS: UNIX NVIDIA GPU'),(9298,'OS: LINUX NVIDIA GPU'),(9304,'OS: LINUX No GPU'),(9306,'OS: Windows Other hardware Accelerator'),(9322,'OS: Windows NVIDIA GPU'),(9335,'OS: UNIX NVIDIA GPU'),(9347,'OS: MacOS Other hardware Accelerator'),(9358,'OS: MacOS NVIDIA GPU'),(9360,'OS: UNIX No GPU'),(9365,'OS: LINUX TPU'),(9391,'OS: UNIX Other hardware Accelerator'),(9404,'OS: Windows TPU'),(9410,'OS: UNIX NVIDIA GPU'),(9419,'OS: MacOS Other hardware Accelerator'),(9424,'OS: LINUX TPU'),(9425,'OS: MacOS No GPU'),(9446,'OS: MacOS No GPU'),(9452,'OS: Windows No GPU'),(9463,'OS: Windows TPU'),(9466,'OS: UNIX NVIDIA GPU'),(9475,'OS: UNIX No GPU'),(9481,'OS: UNIX TPU'),(9487,'OS: Windows NVIDIA GPU'),(9507,'OS: UNIX NVIDIA GPU'),(9510,'OS: UNIX NVIDIA GPU'),(9512,'OS: MacOS No GPU'),(9532,'OS: LINUX Other hardware Accelerator'),(9548,'OS: LINUX TPU'),(9571,'OS: LINUX TPU'),(9578,'OS: Windows TPU'),(9606,'OS: MacOS TPU'),(9610,'OS: Windows No GPU'),(9620,'OS: Windows Other hardware Accelerator'),(9627,'OS: MacOS Other hardware Accelerator'),(9636,'OS: LINUX Other hardware Accelerator'),(9642,'OS: LINUX No GPU'),(9649,'OS: MacOS No GPU'),(9652,'OS: Windows TPU'),(9658,'OS: UNIX Other hardware Accelerator'),(9659,'OS: MacOS NVIDIA GPU'),(9664,'OS: MacOS TPU'),(9667,'OS: LINUX No GPU'),(9677,'OS: MacOS NVIDIA GPU'),(9693,'OS: LINUX No GPU'),(9735,'OS: MacOS NVIDIA GPU'),(9739,'OS: Windows NVIDIA GPU'),(9741,'OS: MacOS NVIDIA GPU'),(9753,'OS: Windows No GPU'),(9763,'OS: LINUX No GPU'),(9769,'OS: LINUX Other hardware Accelerator'),(9777,'OS: UNIX No GPU'),(9779,'OS: UNIX Other hardware Accelerator'),(9784,'OS: LINUX Other hardware Accelerator'),(9804,'OS: Windows NVIDIA GPU'),(9819,'OS: Windows NVIDIA GPU'),(9820,'OS: MacOS Other hardware Accelerator'),(9824,'OS: UNIX NVIDIA GPU'),(9827,'OS: MacOS NVIDIA GPU'),(9841,'OS: MacOS Other hardware Accelerator'),(9845,'OS: MacOS Other hardware Accelerator'),(9860,'OS: MacOS No GPU'),(9878,'OS: UNIX NVIDIA GPU'),(9880,'OS: Windows NVIDIA GPU'),(9908,'OS: LINUX Other hardware Accelerator'),(9915,'OS: UNIX NVIDIA GPU'),(9941,'OS: LINUX No GPU'),(9966,'OS: UNIX Other hardware Accelerator'),(9971,'OS: Windows NVIDIA GPU'),(9991,'OS: Windows NVIDIA GPU'),(9994,'OS: Windows TPU');
/*!40000 ALTER TABLE `library_systems` ENABLE KEYS */;
UNLOCK TABLES;

--
-- Table structure for table `location`
--

DROP TABLE IF EXISTS `location`;
/*!40101 SET @saved_cs_client     = @@character_set_client */;
/*!50503 SET character_set_client = utf8mb4 */;
CREATE TABLE `location` (
  `shelf_ID` varchar(45) NOT NULL,
  `shelf_section` varchar(45) NOT NULL,
  `capacity` int DEFAULT NULL,
  PRIMARY KEY (`shelf_ID`,`shelf_section`),
  CONSTRAINT `location_chk_1` CHECK ((`capacity` > 0))
) ENGINE=InnoDB DEFAULT CHARSET=utf8mb4 COLLATE=utf8mb4_0900_ai_ci;
/*!40101 SET character_set_client = @saved_cs_client */;

--
-- Dumping data for table `location`
--

LOCK TABLES `location` WRITE;
/*!40000 ALTER TABLE `location` DISABLE KEYS */;
INSERT INTO `location` VALUES ('133','A',406),('133','C',152),('164','C',279),('319','E',392),('341','A',472),('341','E',394),('343','B',118),('633','C',114),('717','E',117),('761','D',423),('761','E',324),('826','A',347),('826','D',553),('869','B',488),('869','C',329),('901','A',224),('990','B',212);
/*!40000 ALTER TABLE `location` ENABLE KEYS */;
UNLOCK TABLES;

--
-- Table structure for table `other_staff`
--

DROP TABLE IF EXISTS `other_staff`;
/*!40101 SET @saved_cs_client     = @@character_set_client */;
/*!50503 SET character_set_client = utf8mb4 */;
CREATE TABLE `other_staff` (
  `user_ID` int NOT NULL,
  `working_hours` int NOT NULL,
  KEY `user_ID_other_idx` (`user_ID`),
  CONSTRAINT `user_ID_other` FOREIGN KEY (`user_ID`) REFERENCES `staff` (`user_ID`) ON DELETE CASCADE ON UPDATE CASCADE,
  CONSTRAINT `other_staff_chk_1` CHECK ((`working_hours` > 0))
) ENGINE=InnoDB DEFAULT CHARSET=utf8mb4 COLLATE=utf8mb4_0900_ai_ci;
/*!40101 SET character_set_client = @saved_cs_client */;

--
-- Dumping data for table `other_staff`
--

LOCK TABLES `other_staff` WRITE;
/*!40000 ALTER TABLE `other_staff` DISABLE KEYS */;
INSERT INTO `other_staff` VALUES (5543,9),(5545,3),(5553,7),(5565,5),(5578,3),(5579,8),(5580,7),(5583,3),(5589,7),(5593,1),(5594,4),(5610,2),(5612,6),(5615,8),(5618,8),(5620,3),(5626,6),(5629,9),(5640,2),(5649,6),(5650,5),(5653,1),(5654,1),(5655,1),(5659,4),(5664,6),(5671,1),(5674,5),(5676,1),(5677,7),(5678,1),(5681,7),(5682,8),(5689,2),(5698,9),(5703,9),(5715,4),(5718,7),(5720,5),(5724,3),(5739,9),(5747,1),(5753,8),(5754,4),(5755,8),(5756,6),(5762,6),(5770,6),(5772,9),(5775,9),(5784,9),(5788,5),(5789,6),(5790,2),(5796,4),(5797,5),(5798,8),(5801,7),(5805,5),(5807,1),(5808,4),(5811,6),(5821,3),(5822,3),(5823,1),(5827,5),(5848,6),(5850,7),(5852,9),(5860,7),(5863,8),(5867,4),(5869,1),(5872,2),(5874,3),(5876,6),(5883,3),(5884,4),(5887,8),(5894,1),(5896,3),(5897,1),(5900,2),(5906,1),(5911,8),(5917,8),(5919,2),(5930,8),(5931,5),(5938,7),(5942,2),(5947,9),(5957,6),(5960,7),(5963,4),(5973,1),(5978,5),(5983,1),(6006,5),(6011,5),(6012,9),(6016,1),(6020,8),(6023,1),(6024,5),(6035,8),(6037,1),(6041,6),(6042,9),(6043,2),(6048,6),(6053,1),(6058,8),(6063,3),(6067,4),(6073,3),(6074,7),(6075,2),(6083,1),(6088,2),(6092,9),(6095,6),(6099,2),(6115,4),(6132,4),(6133,5),(6134,7),(6141,9),(6142,2),(6151,1),(6152,7),(6157,9),(6159,6),(6168,3),(6169,3),(6176,8),(6188,3),(6193,6),(6198,5),(6200,4),(6204,2),(6206,1),(6214,6),(6216,8),(6220,9),(6229,7),(6232,6),(6239,7),(6244,5),(6249,7),(6253,1),(6257,6),(6261,9),(6267,5),(6270,6),(6271,7),(6277,9),(6280,9),(6292,9),(6293,7),(6295,5),(6303,9),(6309,7),(6313,5),(6315,6),(6322,6),(6327,7),(6329,4),(6335,7),(6338,7),(6356,5),(6364,2),(6365,6),(6383,8),(6385,6),(6395,7),(6396,5),(6401,2),(6402,2),(6410,2),(6411,9),(6416,5),(6419,7),(6420,8),(6428,4),(6429,6),(6431,8),(6436,1),(6452,9),(6461,2),(6465,6),(6466,4),(6471,7),(6473,8),(6478,4),(6479,9),(6481,5),(6486,4),(6493,8),(6501,1),(6503,1),(6504,9),(6522,7),(6527,6),(6529,6),(6534,4),(6536,2),(6540,5),(6547,6),(6549,5),(6552,7),(6560,1),(6562,4),(6569,9),(6571,5),(6576,5),(6579,8),(6582,1),(6589,3),(6590,2),(6599,4),(6600,2),(6606,9),(6608,7),(6612,6),(6621,1),(6622,9),(6625,8),(6626,5),(6630,1),(6637,6),(6641,8),(6644,4),(6660,5),(6664,1),(6669,5),(6673,4),(6674,4),(6685,2),(6687,2),(6694,3),(6699,3),(6704,7),(6709,1),(6711,6),(6726,1),(6729,2),(6731,5),(6735,9),(6736,4),(6739,1),(6743,3),(6746,7),(6752,9),(6754,6),(6756,2),(6766,7),(6773,8),(6774,4),(6777,3),(6780,2),(6782,2),(6784,7),(6789,4),(6792,8),(6793,8),(6794,2),(6796,8),(6801,9),(6804,1),(6808,9),(6814,7),(6821,9),(6826,7),(6828,6),(6831,3),(6838,2),(6853,3),(6854,2),(6857,9),(6859,5),(6866,6),(6869,5),(6871,3),(6873,1),(6874,6),(6876,5),(6880,6),(6881,9),(6884,3),(6892,3),(6895,3),(6898,6),(6911,6),(6919,6),(6923,4),(6926,8),(6932,2),(6935,7),(6936,9),(6937,9),(6938,5),(6940,8),(6951,4),(6954,4),(6961,3),(6973,3),(6974,2),(6982,8),(6984,4),(6990,9),(6992,8),(6995,6),(6998,9),(7001,1),(7002,4),(7003,7),(7004,2),(7013,9),(7014,8),(7015,3),(7019,8),(7032,8),(7033,2),(7037,8),(7042,3),(7054,4),(7056,8),(7057,4),(7058,7),(7060,5),(7075,3),(7078,3),(7079,5),(7080,9),(7084,3),(7087,6),(7089,8),(7098,7),(7101,7),(7102,2),(7120,8),(7125,1),(7138,2),(7140,4),(7142,4),(7144,7),(7152,2),(7160,8),(7164,9),(7165,3),(7173,1),(7175,3),(7180,1),(7183,1),(7189,3),(7190,1),(7194,3),(7197,3),(7202,1),(7205,8),(7209,6),(7211,9),(7221,7),(7223,9),(7224,9),(7231,8),(7250,9),(7256,2),(7261,2),(7263,9),(7264,4),(7269,1),(7286,9),(7288,3),(7291,2),(7297,6),(7298,3),(7308,9),(7315,2),(7318,7),(7319,6),(7322,8),(7324,3),(7325,3),(7330,4),(7331,6),(7339,1),(7345,9),(7352,5),(7357,2),(7361,8),(7362,6),(7363,7),(7364,1),(7365,2),(7366,7),(7367,9),(7375,9),(7387,9),(7397,6),(7401,9),(7409,6),(7418,1),(7421,3),(7425,4),(7430,2),(7432,7),(7436,6),(7449,9),(7451,8),(7452,5),(7454,1),(7456,4),(7458,1),(7465,6),(7469,4),(7470,5),(7473,3),(7476,4),(7477,8),(7483,3),(7484,1),(7495,1),(7496,2),(7506,6),(7510,5),(7511,3),(7514,2),(7518,6),(7519,6),(7521,6),(7528,6),(7529,4),(7540,2),(7541,9),(7547,2),(7548,9),(7554,9),(7556,1),(7567,7),(7570,8),(7574,7),(7583,4),(7585,2),(7587,5),(7591,5),(7597,8),(7600,2),(7603,3),(7608,3),(7612,3),(7616,2),(7618,8),(7621,2),(7622,6),(7627,1),(7632,6),(7633,6),(7634,3),(7635,8),(7636,9),(7637,3),(7643,6),(7650,2),(7651,9),(7672,4),(7673,9),(7684,5),(7685,6),(7688,7),(7696,6),(7699,2),(7701,4),(7702,4),(7703,1),(7708,9),(7714,4),(7715,6),(7718,8),(7720,7),(7725,2),(7727,9),(7729,5),(7732,3),(7749,5),(7750,6),(7753,1),(7754,7),(7756,1),(7765,9),(7768,4),(7769,9),(7772,2),(7773,5),(7780,6),(7783,1),(7784,4),(7788,9),(7791,5),(7796,3),(7798,6),(7802,4),(7804,3),(7808,3),(7811,1),(7815,8),(7816,5),(7823,8),(7824,1),(7826,5),(7828,6),(7835,9),(7847,2),(7849,7),(7852,2),(7858,4),(7859,1),(7860,9),(7867,1),(7874,5),(7886,3),(7895,1),(7899,6),(7905,8),(7917,3),(7932,8),(7935,8),(7949,9),(7950,8),(7955,2),(7958,3),(7962,9),(7970,4),(7972,1),(7979,5),(7982,1),(7984,6),(7985,3),(7986,9),(7992,9),(7993,9),(8002,7),(8004,3),(8012,3),(8013,4),(8016,1),(8017,6),(8021,5),(8023,6),(8026,6),(8046,2),(8053,5),(8054,3),(8059,6),(8069,7),(8070,7),(8072,7),(8083,5),(8087,2),(8088,5),(8089,2),(8090,8),(8093,3),(8096,6),(8097,8),(8104,2),(8105,9),(8107,4),(8113,1),(8117,3),(8118,8),(8120,3),(8122,5),(8123,1),(8128,1),(8133,9),(8140,8),(8147,7),(8148,1),(8149,9),(8151,9),(8154,4),(8159,6),(8163,7),(8164,1),(8166,7),(8170,1),(8180,3),(8183,5),(8184,5),(8187,8),(8201,9),(8202,5),(8207,7),(8210,3),(8215,4),(8228,6),(8232,9),(8233,8),(8235,5),(8246,5),(8251,3),(8254,9),(8256,3),(8274,1),(8275,2),(8276,8),(8284,2),(8286,8),(8287,7),(8288,3),(8290,2),(8291,1),(8294,3),(8298,2),(8303,7),(8306,8),(8309,2),(8311,4),(8312,7),(8317,1),(8323,7),(8326,4),(8330,8),(8334,1),(8336,9),(8342,9),(8344,6),(8355,6),(8362,9),(8363,1),(8366,5),(8384,7),(8387,9),(8396,1),(8397,5),(8404,2),(8405,6),(8416,9),(8417,5),(8419,2),(8420,8),(8438,3),(8440,7),(8446,3),(8448,7),(8457,5),(8458,4),(8463,1),(8464,6),(8465,4),(8479,9),(8487,2),(8490,1),(8491,4),(8494,2),(8500,1),(8501,3),(8503,8),(8504,8),(8514,8),(8516,8),(8522,9),(8529,9),(8530,2),(8531,7),(8538,2),(8541,8),(8542,6),(8560,3),(8561,2),(8562,1),(8564,4),(8569,8),(8574,3),(8576,7),(8583,8),(8584,8),(8585,7),(8588,3),(8591,8),(8594,6),(8596,6),(8598,4),(8600,8),(8601,6),(8603,8),(8611,7),(8614,4),(8617,7),(8621,5),(8622,6),(8630,7),(8637,5),(8640,8),(8648,5),(8652,8),(8665,1),(8671,4),(8673,7),(8677,8),(8686,3),(8687,1),(8696,8),(8699,6),(8704,9),(8706,4),(8708,7),(8715,9),(8716,4),(8717,3),(8720,7),(8721,1),(8724,1),(8728,1),(8733,1),(8737,5),(8740,1),(8746,5),(8755,1),(8762,7),(8768,3),(8771,6),(8774,8),(8776,3),(8779,2),(8787,4),(8808,6),(8824,5),(8825,5),(8826,9),(8827,9),(8828,6),(8839,4),(8855,4),(8862,8),(8864,5),(8865,5),(8867,6),(8868,7),(8876,3),(8877,1),(8880,1),(8881,3),(8910,5),(8920,8),(8946,6),(8947,9),(8948,9),(8956,7),(8969,6),(8975,7),(8978,5),(8984,9),(8986,9),(8992,8),(9004,7),(9006,8),(9007,9),(9017,2),(9032,7),(9034,4),(9035,1),(9036,7),(9039,4),(9047,9),(9048,4),(9063,5),(9065,4),(9069,2),(9074,9),(9075,8),(9076,4),(9089,1),(9090,8),(9095,2),(9097,5),(9101,6),(9117,2),(9119,1),(9123,9),(9130,3),(9138,5),(9142,8),(9150,4),(9155,1),(9158,2),(9159,5),(9163,2),(9170,8),(9174,9),(9178,7),(9179,8),(9183,2),(9190,1),(9192,8),(9193,6),(9197,9),(9205,1),(9208,1),(9209,1),(9212,2),(9218,2),(9219,4),(9223,3),(9225,3),(9235,9),(9237,9),(9254,4),(9259,5),(9267,1),(9281,4),(9285,1),(9290,6),(9293,6),(9294,1),(9300,6),(9306,8),(9311,9),(9313,5),(9316,3),(9317,2),(9323,7),(9325,9),(9328,1),(9332,8),(9333,1),(9334,5),(9337,1),(9340,4),(9349,5),(9351,5),(9356,7),(9361,4),(9362,2),(9368,4),(9375,3),(9379,8),(9386,2),(9392,1),(9396,5),(9401,2),(9404,5),(9407,2),(9413,2),(9422,2),(9425,2),(9428,5),(9433,8),(9436,6),(9440,2),(9444,4),(9447,4),(9448,8),(9458,9),(9459,6),(9460,8),(9462,2),(9465,3),(9467,5),(9473,8),(9482,4),(9489,1),(9495,3),(9496,7),(9497,6),(9498,1),(9502,9),(9504,7),(9507,6),(9512,1),(9515,5),(9516,1),(9517,5),(9520,9),(9521,4),(9524,8),(9525,4),(9527,1),(9528,7),(9529,3),(9530,3),(9532,9),(9536,7),(9538,7),(9541,9),(9551,8),(9555,4),(9564,4),(9566,4),(9570,6),(9575,1),(9580,8),(9589,5),(9596,9),(9598,4),(9602,3),(9605,9),(9608,9),(9612,7),(9613,2),(9627,8),(9631,3),(9636,5),(9645,7),(9647,9),(9649,5),(9653,4),(9658,5),(9659,6),(9662,4),(9664,3),(9679,3),(9680,9),(9682,3),(9684,5),(9685,6),(9691,4),(9694,8),(9700,3),(9702,2),(9706,8),(9707,6),(9716,9),(9717,5),(9718,3),(9724,4),(9725,8),(9728,4),(9733,7),(9735,1),(9737,5),(9738,2),(9746,6),(9748,5),(9749,2),(9751,7),(9757,9),(9760,6),(9789,2),(9793,3),(9795,2),(9802,8),(9813,8),(9818,6),(9839,5),(9842,2),(9843,6),(9851,4),(9855,7),(9857,5),(9858,9),(9861,4),(9862,1),(9879,5),(9881,9),(9888,9),(9889,6),(9892,8),(9896,5),(9898,1),(9903,9),(9905,4),(9921,9),(9926,8),(9937,6),(9939,7),(9944,2),(9947,6),(9952,6),(9957,2),(9961,2),(9962,7),(9965,1),(9969,7),(9973,5),(9975,1),(9977,8),(9978,7),(9987,8),(9988,8),(9993,8),(9996,7);
/*!40000 ALTER TABLE `other_staff` ENABLE KEYS */;
UNLOCK TABLES;

--
-- Table structure for table `penalties`
--

DROP TABLE IF EXISTS `penalties`;
/*!40101 SET @saved_cs_client     = @@character_set_client */;
/*!50503 SET character_set_client = utf8mb4 */;
CREATE TABLE `penalties` (
  `fee_receipt_ID` int NOT NULL,
  `description` varchar(225) DEFAULT NULL,
  PRIMARY KEY (`fee_receipt_ID`)
) ENGINE=InnoDB DEFAULT CHARSET=utf8mb4 COLLATE=utf8mb4_0900_ai_ci;
/*!40101 SET character_set_client = @saved_cs_client */;

--
-- Dumping data for table `penalties`
--

LOCK TABLES `penalties` WRITE;
/*!40000 ALTER TABLE `penalties` DISABLE KEYS */;
INSERT INTO `penalties` VALUES (368882,NULL),(455525,'Returned Late'),(455526,'Returned Late'),(768131,NULL),(888284,NULL),(930558,NULL),(955515,NULL);
/*!40000 ALTER TABLE `penalties` ENABLE KEYS */;
UNLOCK TABLES;

--
-- Table structure for table `publishers`
--

DROP TABLE IF EXISTS `publishers`;
/*!40101 SET @saved_cs_client     = @@character_set_client */;
/*!50503 SET character_set_client = utf8mb4 */;
CREATE TABLE `publishers` (
  `publisher_ID` int NOT NULL,
  `publisher_name` varchar(225) NOT NULL,
  `street_num` varchar(45) DEFAULT NULL,
  `street_name` varchar(45) DEFAULT NULL,
  `city` varchar(45) DEFAULT NULL,
  `state` varchar(45) DEFAULT NULL,
  `zip_code` bigint DEFAULT NULL,
  `email` varchar(45) DEFAULT NULL,
  PRIMARY KEY (`publisher_ID`),
  UNIQUE KEY `email_UNIQUE` (`email`),
  FULLTEXT KEY `pub_name_index` (`publisher_name`),
  FULLTEXT KEY `street_name_index` (`street_name`)
) ENGINE=InnoDB DEFAULT CHARSET=utf8mb4 COLLATE=utf8mb4_0900_ai_ci;
/*!40101 SET character_set_client = @saved_cs_client */;

--
-- Dumping data for table `publishers`
--

LOCK TABLES `publishers` WRITE;
/*!40000 ALTER TABLE `publishers` DISABLE KEYS */;
INSERT INTO `publishers` VALUES (10027,'Claudia Thomson','123','Jillian Parks','abc','abc',429652,'abc_683'),(10078,'Heidi Dicus','123','Marie Sudduth','abc','abc',863891,'abc_223'),(10142,'Alice Hernandez','123','John Briones','abc','abc',262627,'abc_946'),(10148,'David Shin','123','John Alvarado','abc','abc',567841,'abc_11'),(10219,'Emil Wilmot','123','Robert Greiner','abc','abc',281577,'abc_476'),(10247,'Lisa Peters','123','Esmeralda Reese','abc','abc',743902,'abc_877'),(10259,'Daniel Gross','123','Larae Burns','abc','abc',669815,'abc_947'),(10288,'Eva Lassiter','123','George Braun','abc','abc',285477,'abc_81'),(10295,'Allan Castanada','123','Richard Jensen','abc','abc',114422,'abc_842'),(10297,'John Forsman','123','Bonita Pate','abc','abc',872198,'abc_917'),(10451,'Bridget Cecilio','123','Fannie Gray','abc','abc',926548,'abc_646'),(10501,'Aaron Vargas','123','Luz Hamilton','abc','abc',751771,'abc_802'),(10503,'Michelle Hunter','123','Kim Boggioni','abc','abc',333762,'abc_689'),(10722,'Shawn Morgan','123','Melissa Jones','abc','abc',185825,'abc_283'),(10844,'Jeffrey Taylor','123','Bonnie Pyles','abc','abc',764527,'abc_225'),(10870,'Mauro Smith','123','Sandra Alexander','abc','abc',941526,'abc_469'),(10872,'Pamela Slater','123','Casey Schultz','abc','abc',315743,'abc_950'),(10998,'Anna Connor','123','Daniel Brooks','abc','abc',622223,'abc_574'),(11038,'James Kelly','123','Nicole Bohanon','abc','abc',125358,'abc_692'),(11150,'Elizabeth Mcnamee','123','Elbert Roby','abc','abc',679642,'abc_493'),(11387,'Howard Franks','123','Mary Collins','abc','abc',841447,'abc_173'),(11554,'Tonya Lynch','123','Annabelle Stine','abc','abc',466242,'abc_844'),(11561,'David Arroyo','123','Isaac Besaw','abc','abc',363326,'abc_707'),(11615,'John Echeverria','123','Adella Sikorski','abc','abc',392985,'abc_500'),(11663,'Matthew Manning','123','Nichole Sanders','abc','abc',357431,'abc_29'),(11799,'Brandy Twogood','123','James Parr','abc','abc',661229,'abc_620'),(11850,'George Stewart','123','Rosalie Henderson','abc','abc',170023,'abc_356'),(11954,'Paula Fecteau','123','Gerald Sierra','abc','abc',485846,'abc_344'),(11979,'Lena Bright','123','Steve Young','abc','abc',205145,'abc_628'),(12014,'Michael Hughes','123','Virginia Love','abc','abc',906115,'abc_122'),(12083,'Marlene Pate','123','Antonio Oliver','abc','abc',749026,'abc_534'),(12107,'Gary Pogue','123','Merlin Albee','abc','abc',423016,'abc_91'),(12126,'Laurie Felberbaum','123','Allen Battista','abc','abc',295889,'abc_17'),(12143,'Sophie Ruiz','123','Joe Martin','abc','abc',936154,'abc_626'),(12176,'Janette Palmer','123','Barbara Robertson','abc','abc',361485,'abc_48'),(12258,'Wilma Duty','123','Nichole Wakefield','abc','abc',197673,'abc_871'),(12356,'Kathryn Pyanowski','123','Christopher Ramirez','abc','abc',946840,'abc_297'),(12362,'Lynn Littlefield','123','Sherri Earle','abc','abc',985048,'abc_180'),(12389,'Dianne Boudreaux','123','Randy Hill','abc','abc',607271,'abc_354'),(12490,'Brett Ward','123','Judith Frame','abc','abc',250454,'abc_850'),(12559,'Frank Kappler','123','Terry Smith','abc','abc',207057,'abc_177'),(12604,'Lucille Sorenson','123','John Davis','abc','abc',962235,'abc_166'),(12635,'Vera Thompson','123','Elicia Waller','abc','abc',531771,'abc_784'),(12708,'Lucina Delaney','123','Gregory Webster','abc','abc',574520,'abc_411'),(12766,'Alexandria Nguyen','123','Janis Dumont','abc','abc',190831,'abc_734'),(12803,'Robert Medley','123','Richard Webb','abc','abc',141814,'abc_382'),(12861,'Floyd Higgins','123','Thelma Duffy','abc','abc',105077,'abc_362'),(12890,'Laura Davis','123','Mary Hall','abc','abc',429434,'abc_413'),(12937,'Lucinda Harris','123','John Isaacs','abc','abc',199980,'abc_969'),(13181,'Norma Garcia','123','Marjorie Oconnor','abc','abc',696640,'abc_814'),(13212,'Jason Cloutier','123','Louis Lawrence','abc','abc',141560,'abc_27'),(13291,'Robert Veneziano','123','Cleo Schroeder','abc','abc',974416,'abc_771'),(13396,'Jay Washington','123','Charles Gordon','abc','abc',474182,'abc_139'),(13486,'Debbie Rosemond','123','Stephanie Graham','abc','abc',127220,'abc_865'),(13866,'William Detamore','123','Crystal Defalco','abc','abc',449413,'abc_363'),(13983,'Geneva Hamilton','123','Herbert Glenn','abc','abc',875916,'abc_90'),(14047,'Kenneth Davison','123','Ida Herriman','abc','abc',349074,'abc_893'),(14072,'Heidi Small','123','Evelyn Clark','abc','abc',585453,'abc_371'),(14088,'Kristine Wertz','123','Judy Osgood','abc','abc',216184,'abc_348'),(14116,'Shirley Morris','123','Cheryl Torres','abc','abc',793603,'abc_399'),(14244,'Heather Parker','123','Catherine Hudson','abc','abc',804222,'abc_717'),(14349,'Joyce Flint','123','Becky Taylor','abc','abc',307882,'abc_285'),(14377,'Apolonia Wisbey','123','George Girard','abc','abc',979647,'abc_823'),(14443,'Elizabeth Phelps','123','Dorris Heffernan','abc','abc',942031,'abc_50'),(14472,'William Walker','123','Martha Martineau','abc','abc',392156,'abc_642'),(14595,'Vella Fitts','123','Steve Terry','abc','abc',874389,'abc_965'),(14660,'Carla Avery','123','Harold Fitzgerald','abc','abc',836631,'abc_87'),(14748,'Louis Gulick','123','Benjamin Shaffer','abc','abc',696962,'abc_634'),(15029,'Anne Keyes','123','Mary Senegal','abc','abc',583610,'abc_182'),(15089,'John Jorgenson','123','Sylvia Pride','abc','abc',815232,'abc_451'),(15149,'Thomas Hall','123','Hilda Jones','abc','abc',648310,'abc_797'),(15199,'Andrew Gadsen','123','Abigail Leonard','abc','abc',615828,'abc_587'),(15291,'Lorraine Kyseth','123','Alisha Keefer','abc','abc',951643,'abc_129'),(15393,'Matthew Nichols','123','Jennifer Porraz','abc','abc',291081,'abc_396'),(15578,'Gail Brown','123','Donald Hoge','abc','abc',517477,'abc_77'),(15583,'Brandy Reed','123','Darrell Patrick','abc','abc',879992,'abc_241'),(15686,'William Lloyd','123','Ofelia Wolfe','abc','abc',352833,'abc_525'),(15688,'James Halsey','123','Cecile Donnelly','abc','abc',421028,'abc_744'),(15916,'Erin Cush','123','Maureen Molina','abc','abc',689808,'abc_366'),(15983,'Jasmin Hamilton','123','Alice Abraham','abc','abc',292536,'abc_185'),(16063,'Daniel Baird','123','Cesar Albritton','abc','abc',981885,'abc_584'),(16133,'Julia Hairfield','123','Harriet Payne','abc','abc',467820,'abc_647'),(16249,'Raphael Trantham','123','Juan Franko','abc','abc',154779,'abc_610'),(16378,'Cecilia Brown','123','Helen Whitney','abc','abc',370593,'abc_603'),(16450,'Julia Echols','123','Manuela Cousin','abc','abc',487160,'abc_296'),(16471,'William Horst','123','Sandra Short','abc','abc',874320,'abc_543'),(16587,'Gary Gaydosh','123','Kenny Anderson','abc','abc',222863,'abc_666'),(16600,'Karen Anderson','123','Jane Lackey','abc','abc',433727,'abc_397'),(16794,'Wilma Hillman','123','Maurine Cook','abc','abc',728391,'abc_820'),(16995,'William Denker','123','Loretta Du','abc','abc',381157,'abc_239'),(17047,'William Weaver','123','Andrew Martinez','abc','abc',935710,'abc_304'),(17171,'Janie Wittkop','123','Alice Delisle','abc','abc',355466,'abc_21'),(17220,'Chris Lee','123','Christopher Boswell','abc','abc',500754,'abc_204'),(17403,'Ruben Smith','123','Fern Neal','abc','abc',170753,'abc_852'),(17588,'Richard Boudreau','123','June Amelung','abc','abc',415729,'abc_151'),(17708,'Tara Harris','123','Brooke Young','abc','abc',432114,'abc_737'),(17761,'Elva Siebold','123','Andrew Dimaggio','abc','abc',221534,'abc_933'),(17796,'Cheryl Johnson','123','Donnell Linsky','abc','abc',967932,'abc_821'),(17927,'Stanley Lowrance','123','Jean Bogan','abc','abc',301580,'abc_99'),(17976,'Crystal Brown','123','Randi Beck','abc','abc',793047,'abc_56'),(17978,'John Zasso','123','Bernice Cooper','abc','abc',112006,'abc_856'),(17982,'Marvin Blossom','123','Patrica Haynes','abc','abc',782499,'abc_581'),(18168,'Mathew Pelton','123','Bobby Boling','abc','abc',786123,'abc_200'),(18273,'Tammie Borgeson','123','Robert Kimberlin','abc','abc',556374,'abc_758'),(18308,'Miles Jess','123','Ada Inman','abc','abc',540674,'abc_685'),(18354,'Paul Anderson','123','Samuel Goodwin','abc','abc',230101,'abc_651'),(18461,'Paulette Wellman','123','Kim Martin','abc','abc',613949,'abc_13'),(18488,'Carmen Dyer','123','Harvey White','abc','abc',465865,'abc_858'),(18531,'Augusta Bailey','123','Elva Dyal','abc','abc',573172,'abc_423'),(18658,'Paul Donovan','123','Gayle Mason','abc','abc',478694,'abc_810'),(18930,'Son Gallagher','123','Bethany Greene','abc','abc',854713,'abc_892'),(19028,'Daniel Blouin','123','Jacob Haynes','abc','abc',290420,'abc_163'),(19064,'Tina Cuppernell','123','Mary Fitzwater','abc','abc',180186,'abc_945'),(19117,'William Fuller','123','Charles Williams','abc','abc',522679,'abc_89'),(19423,'Alan Bowman','123','Wm Allman','abc','abc',883467,'abc_876'),(19468,'Lynn Garza','123','Stephen Kemp','abc','abc',363099,'abc_681'),(19494,'Luther Crawley','123','Vivian Allen','abc','abc',429969,'abc_512'),(19568,'Estela Vigor','123','Nancy Topps','abc','abc',766965,'abc_385'),(19580,'Kenneth Stamm','123','Philip Lansing','abc','abc',196134,'abc_515'),(19896,'Alton Clark','123','Nancy South','abc','abc',670838,'abc_350'),(19994,'Ruth Markham','123','Cindi Sanchez','abc','abc',115398,'abc_769'),(20004,'Scott Grappe','123','Edward Rogers','abc','abc',981053,'abc_83'),(20033,'Roman Walton','123','Stephanie Hinton','abc','abc',964013,'abc_977'),(20151,'Dixie Perez','123','Marcus Blackard','abc','abc',668586,'abc_418'),(20212,'Kimberly Ward','123','Lillian Deck','abc','abc',150969,'abc_313'),(20281,'Pamela Gutierrez','123','Maggie Brown','abc','abc',341980,'abc_567'),(20736,'Vernice Parsons','123','Fabian Pollmann','abc','abc',773073,'abc_953'),(20951,'Bret Tolan','123','Denise Galvin','abc','abc',220962,'abc_715'),(20997,'John Philhower','123','Christine Then','abc','abc',761370,'abc_528'),(21166,'Sam Ngo','123','James Crosby','abc','abc',737302,'abc_167'),(21251,'William Delgado','123','Helen Mata','abc','abc',255963,'abc_669'),(21313,'Ada Winner','123','Kevin Young','abc','abc',821768,'abc_973'),(21440,'Helen Crosby','123','Nickolas Inman','abc','abc',690736,'abc_827'),(21585,'Enrique Lombardi','123','Raymond Cabrera','abc','abc',682771,'abc_652'),(21707,'Louise Archibald','123','Elizabeth Weaver','abc','abc',393564,'abc_400'),(21826,'Peter Clay','123','Rosetta Yeomans','abc','abc',683495,'abc_146'),(21883,'Adrian Smiley','123','Michael Fowler','abc','abc',265897,'abc_341'),(21909,'Sarah Whitford','123','Sandra Soliz','abc','abc',332513,'abc_866'),(21927,'Ruby Burtch','123','Melvin Olson','abc','abc',507492,'abc_960'),(22020,'Troy Hancock','123','Joseph Myers','abc','abc',143943,'abc_329'),(22052,'Graham Manning','123','James Ungaro','abc','abc',542649,'abc_326'),(22124,'Lena Forsythe','123','Charley Antonucci','abc','abc',373628,'abc_617'),(22239,'Michelle Johnson','123','Nancy Rodrigues','abc','abc',371067,'abc_527'),(22302,'William Sheppard','123','Jose White','abc','abc',394789,'abc_813'),(22401,'Darryl King','123','Mary Hults','abc','abc',384585,'abc_948'),(22454,'Steven Cole','123','Johnie Poucher','abc','abc',627149,'abc_256'),(22462,'Timmy Pearson','123','Keri Nash','abc','abc',724572,'abc_882'),(22516,'John Benitez','123','Mattie Lalley','abc','abc',496523,'abc_929'),(22625,'Lorrie Mcdowell','123','Mildred Wright','abc','abc',426418,'abc_579'),(22772,'James Lackey','123','Eleanor Pickett','abc','abc',691573,'abc_859'),(23212,'Willie Small','123','Brian Shankle','abc','abc',493423,'abc_720'),(23232,'Gustavo Parra','123','Tanya Rocha','abc','abc',251143,'abc_938'),(23244,'Darin Wilborn','123','Michael Patton','abc','abc',610305,'abc_601'),(23581,'Kelly Chua','123','Ina Downing','abc','abc',244416,'abc_979'),(23702,'Dale Hill','123','Reginald Robinson','abc','abc',672649,'abc_740'),(23913,'Robert Bartel','123','Charles Hoyman','abc','abc',449276,'abc_206'),(24114,'Fred Williams','123','David Brokaw','abc','abc',473361,'abc_273'),(24155,'Sandra Raderstorf','123','Charles Mcclendon','abc','abc',465405,'abc_257'),(24196,'Sarah Moriarty','123','Sandra Longnecker','abc','abc',328219,'abc_429'),(24214,'Elizabeth Eikenberry','123','Andrew Stephens','abc','abc',841860,'abc_818'),(24246,'Gwen Voegele','123','Raymond Elsass','abc','abc',258898,'abc_243'),(24267,'Phillip Arnold','123','Daniel Effinger','abc','abc',841068,'abc_804'),(24334,'Richard Tyler','123','Raymond Austin','abc','abc',805653,'abc_408'),(24432,'Michael Smith','123','Lee Cruz','abc','abc',687662,'abc_596'),(24559,'Enrique Flowers','123','Sharon Martineau','abc','abc',641639,'abc_67'),(24619,'Grace Bryant','123','Mei Blair','abc','abc',872741,'abc_890'),(24738,'Patsy Woody','123','Linda Smith','abc','abc',658595,'abc_904'),(24805,'Scarlett Galeano','123','Kevin Shipman','abc','abc',769466,'abc_323'),(24824,'Ella Cesari','123','Rhonda Mucher','abc','abc',891131,'abc_580'),(25068,'Victoria Coyle','123','Mary Laughter','abc','abc',426869,'abc_828'),(25186,'Jerry Mccallister','123','Joyce Frazier','abc','abc',158336,'abc_790'),(25325,'Eddie Barcus','123','Jose Keaney','abc','abc',428043,'abc_663'),(25529,'Aurelio Pefferkorn','123','William Cohen','abc','abc',972069,'abc_805'),(25714,'Joshua Dinkins','123','Francisco Palmer','abc','abc',641373,'abc_722'),(26105,'Patrice Mccoy','123','Walter Gale','abc','abc',342542,'abc_426'),(26392,'Lucien Paige','123','Christopher Waddle','abc','abc',210019,'abc_441'),(26395,'Laura Hector','123','Annette Green','abc','abc',499583,'abc_650'),(26419,'Cathy Goggans','123','Jose Drye','abc','abc',598341,'abc_306'),(26425,'Thomas Atkinson','123','William Hargrove','abc','abc',897589,'abc_966'),(26545,'Sharita Stevens','123','Katherine Ward','abc','abc',166402,'abc_664'),(26586,'Eleanor Noel','123','Michael Solomon','abc','abc',243381,'abc_826'),(26619,'Sue Sims','123','Lucile Seymour','abc','abc',685028,'abc_670'),(26701,'John Bruno','123','Douglas Whitfield','abc','abc',619747,'abc_379'),(26871,'Francis Benincase','123','Trevor Marquez','abc','abc',394969,'abc_697'),(26880,'Lisa Spivey','123','Charlotte Stevens','abc','abc',951174,'abc_887'),(27109,'Verna Calhoun','123','Kelsie Brown','abc','abc',325010,'abc_456'),(27175,'Mary Montes','123','Randall Miller','abc','abc',751887,'abc_496'),(27275,'Julia Crews','123','James Hodges','abc','abc',574167,'abc_618'),(27317,'Michael Hernandez','123','Maritza Bryant','abc','abc',977431,'abc_368'),(27321,'Sandra Clarke','123','Angie Crook','abc','abc',961352,'abc_561'),(27415,'Marsha Boscio','123','Jack Kessinger','abc','abc',164295,'abc_726'),(27435,'Scott Green','123','Racheal Rodriguez','abc','abc',365893,'abc_353'),(27455,'Tom Ranney','123','Donna Allen','abc','abc',484305,'abc_121'),(27469,'Elizabeth Brokaw','123','Timothy Calleja','abc','abc',350427,'abc_209'),(27505,'Dora Viveiros','123','Kyung Dimiceli','abc','abc',311698,'abc_137'),(27738,'Jasmine Erwin','123','James Challender','abc','abc',261144,'abc_144'),(27780,'Steven Wehner','123','David Smith','abc','abc',827788,'abc_277'),(27787,'Alex Johnston','123','Salvador Thompson','abc','abc',128108,'abc_974'),(27843,'Diana Phillips','123','Ewa Rouse','abc','abc',927791,'abc_658'),(27847,'Nancy Smith','123','Herschel Crockett','abc','abc',972420,'abc_309'),(27939,'Vivian Rivera','123','Andrew Roesler','abc','abc',367012,'abc_943'),(28089,'Warren Withrow','123','Thomas Brule','abc','abc',591248,'abc_903'),(28135,'David Tyler','123','Janet Pfeiffer','abc','abc',355331,'abc_731'),(28140,'Henry Murdoch','123','Betty Burnett','abc','abc',335849,'abc_502'),(28272,'Danielle Thompson','123','Helen Cordon','abc','abc',939956,'abc_712'),(28312,'Stanley Jaremka','123','Sherman Schubbe','abc','abc',181793,'abc_970'),(28486,'Thomas Casanova','123','Stephen Adcock','abc','abc',762922,'abc_443'),(28587,'Dolores Matto','123','Grace Murphy','abc','abc',869604,'abc_507'),(28758,'Shirley James','123','Tabitha Limbaugh','abc','abc',487404,'abc_15'),(28783,'Marco Gudino','123','Heather Castleberry','abc','abc',707574,'abc_172'),(28893,'Jerome Fields','123','John Rivera','abc','abc',758556,'abc_105'),(29018,'Hiram Arabian','123','Raquel Buck','abc','abc',710653,'abc_786'),(29092,'Rosario Marquez','123','Robert Williams','abc','abc',716350,'abc_660'),(29169,'Mary Davis','123','Richard Bradley','abc','abc',291540,'abc_585'),(29200,'James Estrada','123','Aubrey Carpenter','abc','abc',366330,'abc_419'),(29245,'Woodrow Durden','123','Richard Thomas','abc','abc',202327,'abc_760'),(29313,'Kathryn Lee','123','William Isaac','abc','abc',105532,'abc_292'),(29371,'Kevin Bennion','123','Myrtle Carter','abc','abc',907724,'abc_5'),(29449,'Linda Ethridge','123','Lupe Johnson','abc','abc',149253,'abc_10'),(29455,'Kimberly Tripp','123','John Pike','abc','abc',231548,'abc_233'),(29546,'Susan Earheart','123','Richard Tafoya','abc','abc',746606,'abc_662'),(29696,'Lisa Wilson','123','George Southerly','abc','abc',899708,'abc_424'),(29738,'Eduardo Betzer','123','Frederick Thompson','abc','abc',864121,'abc_857'),(29806,'Trent Sherrod','123','Jimmy Mckinnon','abc','abc',921668,'abc_565'),(29867,'Colleen Moore','123','Clarence Clover','abc','abc',215344,'abc_815'),(29879,'Daniel Bixler','123','Celina Boykin','abc','abc',499602,'abc_812'),(29987,'Raquel Lambert','123','David Flory','abc','abc',770327,'abc_988'),(29993,'James Voit','123','Todd Mcdaniel','abc','abc',552953,'abc_141'),(30024,'Ivan Mcilhinney','123','Darlene Mcallister','abc','abc',929972,'abc_198'),(30215,'Rachel Lopez','123','Shirley Fackler','abc','abc',679166,'abc_60'),(30240,'Tony Short','123','Marilyn Quinn','abc','abc',887986,'abc_944'),(30512,'Gregory Kaufman','123','Charles Orahood','abc','abc',472026,'abc_320'),(30656,'Sophia Jones','123','Jennifer Guerra','abc','abc',245012,'abc_18'),(30852,'Dustin Hensel','123','Bradley Hale','abc','abc',656671,'abc_262'),(30872,'Margaret Houston','123','Traci Dodd','abc','abc',649189,'abc_369'),(30997,'Robert White','123','Winifred Williams','abc','abc',164265,'abc_537'),(31041,'May Miller','123','Cecilia Mcdougal','abc','abc',343936,'abc_430'),(31128,'Mary Holmes','123','Matthew Gentry','abc','abc',892078,'abc_594'),(31139,'Tawana Vick','123','Donald Howard','abc','abc',112596,'abc_170'),(31283,'Eugene Anderson','123','Richard Bouffard','abc','abc',997689,'abc_230'),(31331,'Ethan Montijo','123','David Deel','abc','abc',641572,'abc_310'),(31369,'Micheal Hanover','123','Marion Hastings','abc','abc',910858,'abc_449'),(31418,'Karen Hoefling','123','Paul Burger','abc','abc',784689,'abc_378'),(31471,'Salvador Rojas','123','Julie Bowler','abc','abc',998385,'abc_263'),(31644,'Carolyn Hudec','123','Malcolm Lockhart','abc','abc',986350,'abc_175'),(31819,'John Thomas','123','Helen King','abc','abc',102976,'abc_116'),(31945,'John Ferrera','123','Fred Norton','abc','abc',232630,'abc_221'),(32273,'Lucas Shiplett','123','Holly Kline','abc','abc',275887,'abc_384'),(32366,'Michael Pierson','123','Whitney Tison','abc','abc',794104,'abc_921'),(32431,'Stacy Hernandez','123','Daniel Lopez','abc','abc',901082,'abc_58'),(32463,'Janet Loe','123','Steve Edelman','abc','abc',898368,'abc_258'),(32648,'Ann Spires','123','Graciela Guptill','abc','abc',166705,'abc_377'),(32764,'Omar Morgan','123','Michelle Davis','abc','abc',270095,'abc_103'),(32782,'Timothy Lossett','123','William Mickens','abc','abc',969257,'abc_867'),(32946,'Francisca Elliott','123','Anthony Yengo','abc','abc',968711,'abc_706'),(33027,'Keith Johnson','123','Fernando Vires','abc','abc',810740,'abc_863'),(33111,'Sandra Wilson','123','Matthew Mattox','abc','abc',498072,'abc_47'),(33227,'Martin Patrylak','123','Aubrey Lockwood','abc','abc',622222,'abc_847'),(33234,'Clyde Hill','123','William King','abc','abc',633006,'abc_260'),(33338,'Maria Pishko','123','Derek Cary','abc','abc',104629,'abc_588'),(33429,'David Kennedy','123','Kelly Thomason','abc','abc',291835,'abc_517'),(33451,'Angela Coleman','123','Sharon Peterson','abc','abc',954587,'abc_51'),(33464,'Shannon Clay','123','Rick Galindo','abc','abc',563835,'abc_980'),(33496,'Lance Ford','123','Rosario Lennon','abc','abc',392978,'abc_485'),(33679,'Brian Daniels','123','Brittany Stafford','abc','abc',511131,'abc_795'),(33786,'Eugene Williams','123','Carlos Sykes','abc','abc',240050,'abc_557'),(33927,'Maria Chiu','123','John Lee','abc','abc',230764,'abc_873'),(34156,'Paul Brocker','123','Angela Cannon','abc','abc',925088,'abc_549'),(34323,'Arthur Hornbacher','123','Christopher Young','abc','abc',795379,'abc_861'),(34449,'Gail Weber','123','David Gray','abc','abc',270583,'abc_632'),(34452,'Sharlene Swims','123','Ali Harrison','abc','abc',425346,'abc_739'),(34556,'Lisa Richards','123','Sybil Candelario','abc','abc',941957,'abc_291'),(34819,'Shannan Paris','123','Ruth Davis','abc','abc',472018,'abc_438'),(34888,'Rick Stclair','123','Stacey Amos','abc','abc',276220,'abc_696'),(34990,'Mark Perez','123','Etta Winship','abc','abc',767054,'abc_631'),(35007,'Michael Walker','123','Doug Moses','abc','abc',342137,'abc_112'),(35110,'Donald Cartagena','123','Norberto Desimone','abc','abc',691519,'abc_319'),(35139,'Larry Schutz','123','Patricia Masciantonio','abc','abc',102743,'abc_599'),(35278,'Holly Hurd','123','Stan Mathis','abc','abc',877083,'abc_73'),(35409,'Salena Fallon','123','William Elrod','abc','abc',347631,'abc_870'),(35425,'Giovanna Wenthold','123','Evelyn Temple','abc','abc',370202,'abc_251'),(35502,'Patricia Dusseault','123','Jami Swan','abc','abc',344456,'abc_195'),(35504,'Gary Pacheco','123','Patricia Lopez','abc','abc',376797,'abc_612'),(35507,'Andrew Harris','123','Gordon Diggs','abc','abc',957506,'abc_194'),(35708,'Magda Kays','123','Willie Sapp','abc','abc',393670,'abc_334'),(35793,'Robert Bratton','123','Katherine Jackson','abc','abc',154931,'abc_203'),(35844,'Mary Farrington','123','Melinda Laird','abc','abc',714709,'abc_690'),(35846,'Shawn Shaffer','123','John Griego','abc','abc',911415,'abc_854'),(35861,'Paul Ferguson','123','Phillip Ellison','abc','abc',919309,'abc_154'),(35898,'Paul Weaver','123','Gail Bowden','abc','abc',379854,'abc_526'),(35908,'Glen Sinclair','123','William Nelson','abc','abc',651174,'abc_864'),(36254,'Morris Gaston','123','Anthony Tanner','abc','abc',679649,'abc_417'),(36322,'Santa Kolesnik','123','Frances Norman','abc','abc',638081,'abc_315'),(36348,'Robert Harris','123','Kathy Patten','abc','abc',888364,'abc_907'),(36379,'Marian Wilson','123','Shirley Soto','abc','abc',306633,'abc_899'),(36428,'Edward Muina','123','Robert Turnbull','abc','abc',667007,'abc_600'),(36444,'Michael Payne','123','Deborah Ruddell','abc','abc',614061,'abc_883'),(36556,'Jennifer Porter','123','James Croteau','abc','abc',302107,'abc_566'),(36677,'Jose Fiorello','123','Doris Malone','abc','abc',139704,'abc_952'),(36685,'Gerardo Montes','123','Jeff Indovina','abc','abc',140085,'abc_218'),(36715,'Julia Carbary','123','Devin Proffer','abc','abc',336526,'abc_751'),(36865,'Robert Porter','123','Henry Moody','abc','abc',163137,'abc_990'),(36875,'Jonathan Manuel','123','Darrell Sanchez','abc','abc',621412,'abc_766'),(36888,'Shirley Reyna','123','William Alston','abc','abc',969079,'abc_809'),(36912,'Wanda Racicot','123','Christopher Mckee','abc','abc',376021,'abc_780'),(36976,'Sally Menjivar','123','Debra Tanner','abc','abc',835059,'abc_278'),(37026,'James Robinson','123','William Mody','abc','abc',896000,'abc_412'),(37049,'Denise Hansen','123','Maureen Beebe','abc','abc',645533,'abc_498'),(37078,'Owen Korte','123','Josephine Close','abc','abc',248774,'abc_240'),(37127,'Carrie Giorgio','123','Dana Sandoval','abc','abc',381255,'abc_80'),(37166,'Vivian Sims','123','Linda Branson','abc','abc',909477,'abc_986'),(37232,'Samuel Kneser','123','Jennifer Zelinsky','abc','abc',679180,'abc_104'),(37370,'Kenneth Tomkins','123','Angela Donnell','abc','abc',987035,'abc_113'),(37375,'Marcia Arnold','123','Betty Plummer','abc','abc',775123,'abc_300'),(37574,'Billie Freedman','123','Karen Ledet','abc','abc',256727,'abc_674'),(37599,'Viola Kamphoefner','123','Mark Johnson','abc','abc',138828,'abc_505'),(37670,'Laura Romo','123','Michael Moser','abc','abc',564934,'abc_74'),(37688,'Jennifer Jones','123','Kenneth Nettles','abc','abc',595976,'abc_492'),(37712,'Jerry Smith','123','Jacinta Graham','abc','abc',896789,'abc_316'),(37843,'Daniel Cullen','123','Harvey Mack','abc','abc',247055,'abc_519'),(37968,'Sharon Everett','123','Greg Ahrens','abc','abc',378137,'abc_951'),(37993,'Helen Wimer','123','Theodore Wynn','abc','abc',562469,'abc_679'),(37999,'Elmer Carroll','123','Juan Dicker','abc','abc',856908,'abc_981'),(38036,'Alice Woodard','123','Kayla Dudenhoeffer','abc','abc',637596,'abc_541'),(38083,'Jane Kelly','123','Richard Pew','abc','abc',444750,'abc_314'),(38146,'James Jefferson','123','Edna Prattis','abc','abc',337417,'abc_332'),(38300,'Victoria Mendes','123','Arlene Chandler','abc','abc',527659,'abc_372'),(38445,'Justin Robinson','123','Ernesto Brokaw','abc','abc',476005,'abc_539'),(38843,'Wendy Brewster','123','Charles Walton','abc','abc',568619,'abc_523'),(39045,'Jessie Edmonds','123','John Martinez','abc','abc',656282,'abc_957'),(39070,'Phillip Williams','123','Sheila Morse','abc','abc',700123,'abc_6'),(39139,'Kenneth Wendling','123','Dorothy Berglund','abc','abc',467203,'abc_833'),(39155,'Donna Smith','123','Teresa Raymond','abc','abc',493408,'abc_54'),(39290,'William Jackson','123','Gary Brangers','abc','abc',827915,'abc_466'),(39304,'Marlon Massey','123','Heather Luker','abc','abc',953227,'abc_95'),(39309,'Kelly Mora','123','Jessie Stauber','abc','abc',478196,'abc_586'),(39472,'Sean Price','123','Carolyn Burnett','abc','abc',494452,'abc_909'),(39604,'Elizabeth Harman','123','Margaret Laramore','abc','abc',259814,'abc_436'),(39615,'Stephanie Lingo','123','Robert Piercy','abc','abc',482434,'abc_489'),(39639,'Dorothy Ratcliff','123','David Passmore','abc','abc',312533,'abc_829'),(39647,'Glenn Spicer','123','Mary Too','abc','abc',320044,'abc_506'),(39660,'Debra Elliott','123','Vicki Ruley','abc','abc',208755,'abc_874'),(39699,'Donna Columbus','123','Amy Crawford','abc','abc',724555,'abc_183'),(39796,'Harold Collins','123','Ashley Mccain','abc','abc',722902,'abc_848'),(39812,'Deborah Lefevre','123','Debbie Girard','abc','abc',142137,'abc_156'),(39815,'Marcus Kallin','123','Stuart Dolce','abc','abc',944620,'abc_621'),(39879,'Marie Bloom','123','Ernest Holter','abc','abc',467855,'abc_704'),(39957,'George Mingione','123','Cecelia Stewart','abc','abc',883910,'abc_325'),(40003,'Vanessa Vandestreek','123','Laila Valle','abc','abc',348956,'abc_312'),(40011,'Patrick Siegrist','123','Erin Peterson','abc','abc',425807,'abc_63'),(40092,'Elsie Brugger','123','Valerie Taylor','abc','abc',193400,'abc_365'),(40127,'Peggy Frank','123','Richard Folk','abc','abc',394366,'abc_405'),(40254,'Randy Edwards','123','Stacy Hill','abc','abc',894204,'abc_688'),(40366,'Laura Jones','123','Erin Riley','abc','abc',126067,'abc_391'),(40563,'Carl Kay','123','Susan Mccormick','abc','abc',987221,'abc_919'),(40580,'Steven Phomphithak','123','Dorothy Goodwin','abc','abc',277336,'abc_355'),(40593,'Mary Mcmullin','123','Debbie Morganti','abc','abc',409904,'abc_845'),(40680,'Christopher Carroll','123','Dorthea Devoll','abc','abc',809353,'abc_208'),(40688,'Henry Tranter','123','David Martinez','abc','abc',399616,'abc_2'),(40893,'Rick Kennedy','123','Thelma Johnson','abc','abc',877860,'abc_949'),(41157,'Harley Atkinson','123','Richard Emfinger','abc','abc',179432,'abc_422'),(41322,'Johnnie Bonham','123','Carson Harper','abc','abc',261996,'abc_39'),(41338,'Robert Albert','123','Manuel Hinton','abc','abc',180443,'abc_322'),(41347,'Timothy Thompson','123','George Blood','abc','abc',238059,'abc_575'),(41397,'Esta Srour','123','Shaunta Yockey','abc','abc',147716,'abc_710'),(41430,'Phillip Sim','123','Patrick Wise','abc','abc',453138,'abc_709'),(41463,'Mirella Cramer','123','Craig Jensen','abc','abc',375815,'abc_290'),(41493,'Mark Giordano','123','Fred Turk','abc','abc',931545,'abc_393'),(41667,'Virginia Pfau','123','Bernadette Hodge','abc','abc',618120,'abc_589'),(41700,'Janelle Galarza','123','Matthew Drewniak','abc','abc',542264,'abc_133'),(41789,'Ryan Mcdonald','123','Brandy Tamayo','abc','abc',812775,'abc_414'),(41877,'Patricia Salgado','123','John Brown','abc','abc',196750,'abc_9'),(41919,'Marie White','123','Gregory Fajardo','abc','abc',225214,'abc_165'),(41938,'Jacob Ates','123','Karen Weiner','abc','abc',469547,'abc_26'),(42061,'Emma Marshall','123','Leonard Blackburn','abc','abc',851992,'abc_577'),(42269,'Janette Tibbets','123','James Murphy','abc','abc',879080,'abc_349'),(42450,'Chantel King','123','Margaret Johnson','abc','abc',406365,'abc_43'),(42483,'Mamie Gartner','123','Jerri Evans','abc','abc',768266,'abc_425'),(42521,'John Obenshain','123','Gilberto Fitch','abc','abc',300597,'abc_346'),(42744,'Destiny Arterbury','123','Brandon Ventura','abc','abc',664631,'abc_298'),(42931,'Virginia Thornton','123','Alice Shortt','abc','abc',330339,'abc_838'),(42937,'Jack Coleman','123','Frank Goon','abc','abc',961588,'abc_274'),(43029,'Justin Evert','123','Jerry Oloughlin','abc','abc',696637,'abc_440'),(43055,'Doris Portwood','123','Glenda Romero','abc','abc',499699,'abc_86'),(43168,'Maria Chang','123','Steven Wood','abc','abc',782883,'abc_779'),(43393,'Peter Cuccia','123','Richard Adams','abc','abc',340042,'abc_403'),(43411,'Benjamin Martinez','123','Robert Maher','abc','abc',967485,'abc_271'),(43725,'Nancy Carswell','123','William Hardinger','abc','abc',793705,'abc_510'),(43826,'Joe Schoonover','123','Wilma Duplantis','abc','abc',552371,'abc_434'),(43849,'Ryan Bentley','123','Kenneth Ferrer','abc','abc',380126,'abc_31'),(43908,'Violet Folks','123','Phillip Vieira','abc','abc',123329,'abc_516'),(43929,'Ray Moser','123','Joseph Duncan','abc','abc',272980,'abc_220'),(44018,'Joseph Keel','123','Jamika Dreher','abc','abc',470696,'abc_604'),(44035,'Melissa Hodge','123','Lee Davis','abc','abc',458958,'abc_474'),(44038,'Stacey Hutson','123','Cassandra Kaiser','abc','abc',292637,'abc_458'),(44402,'Jamel Boham','123','Susan Scott','abc','abc',615007,'abc_718'),(44470,'Rosa Hass','123','Nicole Orr','abc','abc',697666,'abc_490'),(44521,'Dennis Mueller','123','James Millican','abc','abc',259883,'abc_777'),(44736,'Katrina Siano','123','Cesar Dudley','abc','abc',779578,'abc_216'),(44991,'Paula Caudle','123','Richard Lawson','abc','abc',678586,'abc_735'),(45026,'Chere Mays','123','Grace Alfred','abc','abc',642573,'abc_640'),(45115,'Andrew Glenn','123','Beverley Waldron','abc','abc',570741,'abc_484'),(45123,'Lisa Gonzales','123','Marlon Dondero','abc','abc',816981,'abc_910'),(45136,'Phyllis Kirk','123','Ashley Hyman','abc','abc',585046,'abc_564'),(45251,'James Mills','123','Randy Walker','abc','abc',504135,'abc_984'),(45291,'Richard Greenleaf','123','Rebecca Tripp','abc','abc',436595,'abc_668'),(45409,'Thomas Helm','123','Eddie Newman','abc','abc',321368,'abc_764'),(45460,'Barry Peppers','123','Florence Gillespie','abc','abc',299407,'abc_606'),(45507,'Faith Gardner','123','Joann Mejia','abc','abc',783454,'abc_347'),(45517,'Jessica Mick','123','Jenny Torres','abc','abc',938946,'abc_849'),(45595,'Megan Gamez','123','Jonathan Navarro','abc','abc',145436,'abc_453'),(45597,'Maxine Greer','123','Sunny Reese','abc','abc',442750,'abc_128'),(45685,'Thomas Foley','123','Sherry Butler','abc','abc',994275,'abc_694'),(45938,'Wilfred Simmering','123','Jessica Phillips','abc','abc',840985,'abc_868'),(45989,'Tammy Shepard','123','Richard Ealy','abc','abc',318282,'abc_101'),(46106,'David Crews','123','Andrew Cleaves','abc','abc',752133,'abc_831'),(46268,'Tiffany Augustine','123','Deborah Shoun','abc','abc',763266,'abc_115'),(46333,'Destiny Young','123','Patricia Delatorre','abc','abc',331910,'abc_52'),(46475,'Calvin Jones','123','Larry Vanauken','abc','abc',987341,'abc_605'),(46630,'Dale Osborne','123','Lillie Marsh','abc','abc',244157,'abc_164'),(46665,'Mary Martens','123','Leann Michel','abc','abc',423227,'abc_940'),(46839,'Frederick Greene','123','Jeffery Evans','abc','abc',793684,'abc_242'),(46949,'John Tooley','123','Robert Woodfin','abc','abc',868212,'abc_700'),(47117,'Thomas Mullins','123','Roosevelt Brock','abc','abc',795666,'abc_824'),(47205,'Ryan Skees','123','Theresa Ragland','abc','abc',527472,'abc_885'),(47328,'Keith Johnson','123','Shelley Koehler','abc','abc',599987,'abc_884'),(47346,'John Henry','123','Eric Williams','abc','abc',928976,'abc_808'),(47384,'Kristin Reliford','123','Jennifer Petrie','abc','abc',489058,'abc_174'),(47521,'Elizabeth Spitz','123','Shane Sturgeon','abc','abc',236800,'abc_719'),(47559,'Nancy Mudge','123','Joan Stoneback','abc','abc',283030,'abc_275'),(47565,'Jay Smart','123','Dorothy Winterbottom','abc','abc',198024,'abc_428'),(47629,'Sarah Xiong','123','Hector Sansone','abc','abc',621874,'abc_598'),(47730,'Trevor Dion','123','Peggy Sleeper','abc','abc',245976,'abc_653'),(47967,'Frances Graham','123','Hilda Hawkins','abc','abc',220960,'abc_158'),(48076,'Iris Williams','123','Richard Wyman','abc','abc',286793,'abc_327'),(48120,'David Stott','123','John Pillar','abc','abc',264312,'abc_159'),(48250,'David High','123','Melissa Corr','abc','abc',216646,'abc_741'),(48269,'George Bryan','123','Queenie Goodrow','abc','abc',457735,'abc_78'),(48307,'Rachel Balla','123','Jaime Neal','abc','abc',713296,'abc_32'),(48352,'Mary Brookshire','123','Frank Younglas','abc','abc',312105,'abc_701'),(48430,'Alicia Todd','123','Paul Schuelke','abc','abc',804525,'abc_30'),(48456,'Minnie Keh','123','Carolyn Kersey','abc','abc',874441,'abc_900'),(48618,'Lillie Smith','123','Frank Johnson','abc','abc',482908,'abc_176'),(48652,'Gina Pankratz','123','Terry Spriggs','abc','abc',354266,'abc_190'),(48685,'Amber Davis','123','Irene Parish','abc','abc',753924,'abc_88'),(48808,'Jack Baker','123','Mary Mckenzie','abc','abc',511024,'abc_819'),(48881,'Marie Mayoka','123','Veronica Bailey','abc','abc',357850,'abc_126'),(49070,'Sheila Lynch','123','Kevin Fekete','abc','abc',937619,'abc_721'),(49095,'Harry Jackson','123','Nancy Augustine','abc','abc',758732,'abc_792'),(49155,'William Asuncion','123','Charlie Benjamin','abc','abc',960301,'abc_554'),(49246,'Patsy Matheson','123','Brian Childs','abc','abc',251708,'abc_376'),(49441,'Jerry Jones','123','Carl Roy','abc','abc',107686,'abc_28'),(49496,'Barbara Mitchell','123','Kristy Heath','abc','abc',152689,'abc_284'),(49564,'Richard Lopez','123','Johnny Thompson','abc','abc',729886,'abc_638'),(49706,'Brian Pollmann','123','Glen Warner','abc','abc',505083,'abc_513'),(49872,'Angela Polk','123','Roberto Smith','abc','abc',806793,'abc_853'),(49916,'Bill Wendolski','123','Edward Gray','abc','abc',779348,'abc_120'),(49932,'Alfonso Cummings','123','John Thompson','abc','abc',747281,'abc_836'),(50096,'John Kennedy','123','Matthew Ivy','abc','abc',899058,'abc_891'),(50135,'Octavia Hitchcock','123','Mattie Laude','abc','abc',932308,'abc_107'),(50322,'Lois Griswold','123','Ronald Schuetz','abc','abc',172715,'abc_407'),(50647,'Ellen Epperson','123','Virginia Castrellon','abc','abc',597392,'abc_788'),(50741,'Elaine Harteau','123','Jared Campbell','abc','abc',707263,'abc_968'),(50779,'Louis Mace','123','Patricia Frazier','abc','abc',147448,'abc_926'),(50812,'Lucius Mace','123','Bessie Pasquino','abc','abc',178676,'abc_608'),(50833,'Tyler Hess','123','Mark Fisher','abc','abc',172915,'abc_373'),(50879,'Amanda Dejesus','123','Bryant Jones','abc','abc',597728,'abc_959'),(50933,'Kenneth Christensen','123','Claud Pino','abc','abc',337208,'abc_114'),(51003,'Lisa Montague','123','Patrick Newcomb','abc','abc',162836,'abc_367'),(51360,'Christina Beach','123','Marylyn Mckee','abc','abc',269618,'abc_386'),(51466,'John Johnson','123','Ashley Lusk','abc','abc',694404,'abc_806'),(51470,'Shelia Couts','123','David Avila','abc','abc',849662,'abc_162'),(51572,'Gary Falbo','123','Maria Heras','abc','abc',970692,'abc_279'),(51587,'James Cole','123','Robin Ellingwood','abc','abc',345038,'abc_92'),(51685,'Yolanda Poloskey','123','Jacqueline Ralph','abc','abc',335409,'abc_807'),(51690,'Molly Lester','123','Mitchell Mcconnell','abc','abc',632354,'abc_8'),(51708,'Julia Diaz','123','Vaughn Sanchez','abc','abc',286135,'abc_488'),(51732,'Adele Kelley','123','Michael Mckain','abc','abc',644083,'abc_224'),(51849,'Allison Johnson','123','Robert Tarin','abc','abc',595714,'abc_0'),(51867,'Ola Leathers','123','Yolanda Thompson','abc','abc',874874,'abc_560'),(51876,'Joe Negron','123','John Beasley','abc','abc',125912,'abc_130'),(51972,'Gregory Gale','123','Lois Defir','abc','abc',654592,'abc_125'),(52341,'Samuel Ashley','123','John Conboy','abc','abc',451575,'abc_816'),(52387,'Mira Moreno','123','Betty Smith','abc','abc',814543,'abc_337'),(52487,'James Campbell','123','Scott Stuzman','abc','abc',457623,'abc_770'),(52491,'Iris Bramlet','123','Margaret Winfrey','abc','abc',605975,'abc_659'),(52538,'Michelle Baumberger','123','Thomas Vaccaro','abc','abc',510866,'abc_387'),(52622,'Jimmie Adelson','123','Chester Peoples','abc','abc',128720,'abc_793'),(52641,'Donald Holmes','123','Glen Erwin','abc','abc',741735,'abc_595'),(52647,'Johnnie Ford','123','Charles Vargas','abc','abc',167085,'abc_210'),(52716,'Clint Donnelly','123','Angela Robbins','abc','abc',740302,'abc_996'),(53107,'Rose Morris','123','Caridad Hyatt','abc','abc',411864,'abc_840'),(53159,'Roger Cotter','123','Christina Bagley','abc','abc',584479,'abc_72'),(53305,'Victor Foltz','123','Lillian Bebee','abc','abc',994985,'abc_57'),(53366,'Ruby Trujillo','123','John Hester','abc','abc',753587,'abc_361'),(53409,'Sally Lofland','123','William Singleton','abc','abc',704780,'abc_12'),(53421,'Jerry Stevenson','123','Harry Smith','abc','abc',667468,'abc_410'),(53425,'Evan Wilson','123','Gale Marshall','abc','abc',751959,'abc_548'),(53521,'David Tara','123','Maria Wickham','abc','abc',766889,'abc_142'),(53554,'Judson Cochran','123','John Mayo','abc','abc',286695,'abc_639'),(53573,'Twyla Erwin','123','Hilda Enriquez','abc','abc',391162,'abc_636'),(53633,'Brittany Jenkins','123','Gene Peitz','abc','abc',941963,'abc_68'),(53660,'James Liddell','123','Frank White','abc','abc',756694,'abc_374'),(53674,'Teresa Bush','123','Kenneth Glassman','abc','abc',883076,'abc_896'),(53704,'Ernesto Klock','123','Patrick Johnson','abc','abc',177017,'abc_110'),(53765,'Kaitlyn Jones','123','Robert Rennels','abc','abc',853718,'abc_333'),(53866,'Frank King','123','Jason Budzynski','abc','abc',753807,'abc_35'),(53919,'Timothy Fabre','123','Jessica Strong','abc','abc',835490,'abc_215'),(53977,'Sylvia Anderson','123','Thomas Dugar','abc','abc',579572,'abc_478'),(54239,'Lucille Scott','123','Elizabeth Elam','abc','abc',687145,'abc_509'),(54311,'Dawn Mccormick','123','Jerry Higgins','abc','abc',423748,'abc_236'),(54382,'Amy Giordano','123','Courtney Walker','abc','abc',664827,'abc_36'),(54445,'Jennifer Kubinski','123','Rebecca Deaton','abc','abc',160306,'abc_238'),(54489,'Jonathan Donaldson','123','Joe Barnett','abc','abc',669097,'abc_654'),(54492,'Kimberly Hall','123','Jeffie Delaney','abc','abc',951571,'abc_268'),(54643,'Amy White','123','Anita Hughes','abc','abc',628953,'abc_184'),(54682,'Janelle Mercado','123','Sergio Steiner','abc','abc',246443,'abc_611'),(54716,'Cindi Benavidez','123','David Gottlieb','abc','abc',322880,'abc_572'),(55172,'Kathy Hernandez','123','Rhonda Huffman','abc','abc',603689,'abc_202'),(55234,'Joseph Johnson','123','Matthew Brannon','abc','abc',914440,'abc_501'),(55337,'Jeffrey Reynolds','123','Dolly Iacobelli','abc','abc',684277,'abc_975'),(56092,'Michael Greenawalt','123','Warren Woods','abc','abc',322508,'abc_34'),(56127,'Madeline Mosley','123','Sherry Reed','abc','abc',234173,'abc_468'),(56174,'Wendell Travers','123','Kenneth May','abc','abc',824175,'abc_152'),(56239,'Margaret Salvage','123','Mark Wilson','abc','abc',322195,'abc_763'),(56252,'Prince Okelley','123','Louis Bausch','abc','abc',587281,'abc_895'),(56664,'Mitchell Quarles','123','Lawrence Simons','abc','abc',585876,'abc_339'),(56855,'James Warmbier','123','Julie Becnel','abc','abc',491765,'abc_912'),(56972,'Larissa Sharp','123','James Otsuka','abc','abc',161229,'abc_41'),(56990,'Deborah Spencer','123','Christina Fisher','abc','abc',267711,'abc_872'),(57034,'Martin Petersen','123','Milton Cortes','abc','abc',544703,'abc_331'),(57051,'Virginia Mireles','123','Melissa Best','abc','abc',817315,'abc_941'),(57146,'Nathan Pastian','123','James Brooks','abc','abc',706308,'abc_520'),(57167,'Mirta Pierce','123','Kenneth Phillips','abc','abc',124729,'abc_643'),(57199,'Maribel Chatten','123','Theresa Heroman','abc','abc',269373,'abc_879'),(57231,'Lena Alvarez','123','Marcus Mcdougall','abc','abc',113065,'abc_157'),(57268,'Larry Vanscooter','123','Manuel Moss','abc','abc',182865,'abc_421'),(57308,'Laurence Scoggins','123','Cedric Balderama','abc','abc',929416,'abc_607'),(57407,'John Peacock','123','Bruce Wade','abc','abc',450601,'abc_117'),(57503,'Kelly Dantzler','123','John Frija','abc','abc',897610,'abc_832'),(57578,'James Kelly','123','Ana Rice','abc','abc',187925,'abc_750'),(57650,'Josephine Case','123','Raymon Hofer','abc','abc',342704,'abc_186'),(57711,'Latrice Griffith','123','David Teague','abc','abc',214139,'abc_761'),(57839,'Sarah Walker','123','Gary Mcquade','abc','abc',799194,'abc_465'),(57870,'Matthew Underdahl','123','Ian Kopacz','abc','abc',540805,'abc_197'),(57872,'Thomas Benton','123','Brandon Pearson','abc','abc',900668,'abc_725'),(57910,'Jeff Mangan','123','Edward Nieves','abc','abc',128578,'abc_102'),(58073,'Nora Bartus','123','John Anderson','abc','abc',660716,'abc_939'),(58112,'Willa Santiago','123','Janette Wraight','abc','abc',187995,'abc_911'),(58181,'John Rowley','123','Alice Kiley','abc','abc',393074,'abc_773'),(58462,'Lloyd Haymes','123','Jeffery Beale','abc','abc',608759,'abc_375'),(58842,'John Yoo','123','Mary Farr','abc','abc',349058,'abc_211'),(58861,'Robert Bryant','123','Neil Price','abc','abc',136542,'abc_987'),(59256,'Elena Garcia','123','Steven Houston','abc','abc',869149,'abc_622'),(59316,'Cheryl Maheu','123','Lisa Bilder','abc','abc',999651,'abc_811'),(59347,'Audrey Goodman','123','Nancy Cross','abc','abc',498495,'abc_615'),(59363,'Chad Dickerson','123','Isabella Coleman','abc','abc',300110,'abc_774'),(59393,'Michelle Garcia','123','Marianne Yarboro','abc','abc',695162,'abc_416'),(59396,'Maria Remo','123','Henry Ferguson','abc','abc',692293,'abc_343'),(59598,'Dean Goudreau','123','Richard Franklin','abc','abc',938403,'abc_460'),(59751,'Steve Herb','123','Wanda Williams','abc','abc',382210,'abc_111'),(59806,'Jennifer Finnefrock','123','Dennis Schauble','abc','abc',834819,'abc_311'),(60050,'Lowell Scott','123','Rhett Fuller','abc','abc',521902,'abc_188'),(60079,'Sandra Sanchez','123','James Branch','abc','abc',100541,'abc_994'),(60149,'Ralph Vasquez','123','Travis Liggins','abc','abc',743454,'abc_149'),(60256,'Pauline Enriguez','123','Randy Betancourt','abc','abc',306046,'abc_472'),(60274,'Jean Hutchings','123','Alton Pierce','abc','abc',591687,'abc_20'),(60303,'Jennifer Ferris','123','Britta Campbell','abc','abc',625923,'abc_370'),(60699,'Jennifer Hill','123','Gary Peeples','abc','abc',601988,'abc_261'),(60713,'Andy Stewart','123','Irene Mcneal','abc','abc',286354,'abc_136'),(60731,'Sarah Sapp','123','Nicole Lamke','abc','abc',695884,'abc_964'),(60848,'Jeffery Mcdowell','123','Mark Bennett','abc','abc',453802,'abc_100'),(60853,'Ursula Tiscareno','123','Anthony Nohel','abc','abc',962043,'abc_888'),(60880,'Thomas Evans','123','Zackary Ruiz','abc','abc',769402,'abc_775'),(60937,'Ryan Jordan','123','Carol Dailey','abc','abc',234017,'abc_213'),(61144,'John Albert','123','Elizabeth Petter','abc','abc',493487,'abc_846'),(61147,'Sean Thomson','123','Robert Nissen','abc','abc',860497,'abc_535'),(61202,'Charles Miller','123','Patricia Breunig','abc','abc',162949,'abc_14'),(61244,'Mavis Payan','123','Stephanie Cagle','abc','abc',893450,'abc_563'),(61400,'Richard Acosta','123','Muriel Shani','abc','abc',160005,'abc_447'),(61550,'Paul Keifer','123','Mary Hart','abc','abc',757759,'abc_614'),(61647,'Sondra Black','123','David Jett','abc','abc',909508,'abc_568'),(61823,'Bryan Hodge','123','Mary James','abc','abc',241253,'abc_529'),(61885,'David Brown','123','Myrtle Tipton','abc','abc',675876,'abc_494'),(62086,'Susan Mary','123','John Bryant','abc','abc',389726,'abc_267'),(62195,'Susan Hower','123','Dexter Zable','abc','abc',244574,'abc_592'),(62219,'Marion Duhl','123','Eric Lopez','abc','abc',683804,'abc_843'),(62513,'John Olson','123','Kelly Pocai','abc','abc',234203,'abc_454'),(62554,'Maria Roldan','123','Harold Campbell','abc','abc',819766,'abc_995'),(62673,'Harold Roop','123','Krystal Sexton','abc','abc',121246,'abc_727'),(62991,'Kristina Weaver','123','Paul Lyons','abc','abc',152349,'abc_713'),(63022,'Lenora Young','123','Ronnie Watson','abc','abc',446203,'abc_923'),(63206,'Gary Williams','123','Garrett Trice','abc','abc',318091,'abc_145'),(63277,'Charlie Mcwethy','123','William Abel','abc','abc',294900,'abc_916'),(63375,'Sonia Devins','123','Ronnie Robinson','abc','abc',590694,'abc_730'),(63452,'Eva Mcclellan','123','Heather Fullard','abc','abc',680595,'abc_499'),(63524,'Kristin Leyva','123','David Hargis','abc','abc',168213,'abc_85'),(63673,'Ruth Lee','123','Michael Whitehead','abc','abc',542515,'abc_928'),(63690,'David Ascencio','123','Raymond Gagnon','abc','abc',663837,'abc_442'),(63736,'Nicole Smith','123','Steve East','abc','abc',786824,'abc_637'),(63804,'Michael Seward','123','Richard Fernandez','abc','abc',867305,'abc_736'),(63815,'Michael Cyr','123','Arthur Thurston','abc','abc',881470,'abc_743'),(64033,'Katie Poore','123','Patricia Weinberger','abc','abc',343229,'abc_264'),(64075,'Chana Henderson','123','Danny Rosso','abc','abc',896991,'abc_252'),(64151,'Lynn Caldwell','123','Terry Tyner','abc','abc',426181,'abc_53'),(64225,'Vivian Baily','123','Ralph Booze','abc','abc',397080,'abc_755'),(64275,'Matthew Passarelli','123','Gay Henry','abc','abc',693333,'abc_455'),(64317,'Amanda Grant','123','Jacob Rhodes','abc','abc',249380,'abc_24'),(64454,'Jonathan Loving','123','Anthony Story','abc','abc',103989,'abc_536'),(64477,'Micheal Wildey','123','Reynaldo White','abc','abc',585986,'abc_109'),(64530,'Barbara Mcelwee','123','Linda Hansen','abc','abc',449541,'abc_352'),(64555,'Stella Montoro','123','Patrick Parsons','abc','abc',362231,'abc_800'),(64758,'Martha Boeck','123','David Joplin','abc','abc',567879,'abc_401'),(64924,'Penny Hicks','123','Jasmine Dolby','abc','abc',800879,'abc_79'),(65009,'William Washington','123','Robert Travis','abc','abc',523183,'abc_978'),(65019,'Robert Kess','123','Jane Alleyne','abc','abc',815391,'abc_93'),(65109,'Claudia Almonte','123','Paul Weber','abc','abc',222045,'abc_76'),(65344,'Frances Phillips','123','Rosa Willis','abc','abc',224167,'abc_583'),(65521,'Pamela Wilson','123','Joanne Boysen','abc','abc',526079,'abc_168'),(65542,'Janet Holloway','123','Jon Mccray','abc','abc',410488,'abc_963'),(65592,'Chuck Buchanan','123','Rosie Driver','abc','abc',575411,'abc_272'),(65628,'James Newman','123','Gwen Gosman','abc','abc',279350,'abc_42'),(65651,'Clyde Warden','123','Steven Curtis','abc','abc',115756,'abc_250'),(65747,'Eva Ashcraft','123','Craig Haynes','abc','abc',127715,'abc_550'),(65779,'Michelle Heckman','123','Chi Shatley','abc','abc',277410,'abc_380'),(65844,'Frank Nichols','123','Ruby Thompson','abc','abc',988609,'abc_619'),(65935,'Gary Williamson','123','Barbara Sofranko','abc','abc',180122,'abc_680'),(66007,'Melissa Mcclure','123','Tony Lykins','abc','abc',219829,'abc_556'),(66071,'Virginia Castellano','123','Christopher Chiarito','abc','abc',913109,'abc_463'),(66075,'Charles Burrell','123','Sherman Sparks','abc','abc',940404,'abc_94'),(66100,'Bradley Jones','123','Robert Elias','abc','abc',757558,'abc_886'),(66217,'Mary Calloway','123','Lonny Frank','abc','abc',718662,'abc_37'),(66349,'Elliott Lanier','123','Patricia Rourke','abc','abc',902488,'abc_345'),(66411,'Annette Parker','123','Laine Williams','abc','abc',918869,'abc_155'),(66510,'Lawrence Shively','123','Iris Federico','abc','abc',401204,'abc_234'),(66604,'Joyce Cusimano','123','Melvin Pope','abc','abc',680307,'abc_388'),(66898,'Gladys Roberts','123','Greg Gordon','abc','abc',123171,'abc_431'),(66948,'Misty Harris','123','Kevin Thompson','abc','abc',394036,'abc_542'),(67037,'Tina Field','123','Mary Ray','abc','abc',503182,'abc_229'),(67076,'Ann Cupp','123','Paul Jaji','abc','abc',149697,'abc_235'),(67092,'Therese Finn','123','Opal Morales','abc','abc',201671,'abc_915'),(67125,'Robert Dansereau','123','Rachel Pritchard','abc','abc',771328,'abc_38'),(67688,'John Frost','123','Mary Barber','abc','abc',570170,'abc_247'),(67701,'Anna Wolfe','123','Andrew Ostrander','abc','abc',100410,'abc_444'),(67775,'Anita Stephens','123','Joanna Dearborn','abc','abc',788706,'abc_420'),(67814,'Bettye Calleja','123','Willard Byrne','abc','abc',442534,'abc_160'),(67995,'Linda Smith','123','Chang Fincher','abc','abc',969779,'abc_340'),(68141,'Sam Mayville','123','Edward Amos','abc','abc',948075,'abc_752'),(68230,'Lori Stillman','123','David Bunker','abc','abc',863134,'abc_532'),(68309,'Cynthia Kruse','123','Ray Elliot','abc','abc',467013,'abc_475'),(68352,'Joe Wall','123','Larry James','abc','abc',602978,'abc_118'),(68422,'Kenneth Washington','123','Gregory Murach','abc','abc',401614,'abc_553'),(68607,'Kevin Genova','123','Thomas Stallings','abc','abc',584661,'abc_457'),(68649,'Estelle Sipple','123','Mary Owen','abc','abc',244675,'abc_983'),(68714,'Sarah Stanely','123','Andrew Williams','abc','abc',118517,'abc_189'),(68772,'Julio Munter','123','Scott Guthrie','abc','abc',168905,'abc_576'),(68796,'Charles Carlisle','123','Heather Burroughs','abc','abc',349863,'abc_437'),(69042,'Elsie Hunt','123','Joyce Ayala','abc','abc',150399,'abc_677'),(69045,'Neil Glover','123','Jean Mckinney','abc','abc',117864,'abc_791'),(69077,'Jennifer Hilyard','123','Andrew Rockhill','abc','abc',972397,'abc_675'),(69754,'Joan Plungy','123','David Ray','abc','abc',461044,'abc_693'),(69762,'Brooke Walker','123','Anthony Quarles','abc','abc',280771,'abc_935'),(69908,'Willie Lawson','123','Stephan Wilson','abc','abc',734581,'abc_803'),(70073,'Emily Beets','123','Derrick Mitchell','abc','abc',980922,'abc_288'),(70208,'Julia Cherry','123','Maureen Baker','abc','abc',678010,'abc_143'),(70215,'Michael Hanisch','123','Daniel Riley','abc','abc',655228,'abc_178'),(70286,'Neal Douglas','123','Nancy Martin','abc','abc',800186,'abc_822'),(70309,'James Chavez','123','Joyce Weeks','abc','abc',366828,'abc_169'),(70404,'Elwood Huffman','123','Kevin Williams','abc','abc',634014,'abc_714'),(70518,'Loida Robinson','123','Renee Poole','abc','abc',969808,'abc_153'),(70598,'Carmen Aita','123','Sheena Shoemake','abc','abc',496750,'abc_667'),(70675,'Jack Nunez','123','Patrick Martin','abc','abc',395829,'abc_757'),(70843,'Nancy Gaylord','123','Patricia Haddock','abc','abc',616027,'abc_546'),(70864,'Allison Dignan','123','Sidney Mcduffy','abc','abc',511796,'abc_756'),(70931,'Martha Rice','123','Mark Stull','abc','abc',758458,'abc_480'),(70940,'Matthew Wallace','123','Isabel Doherty','abc','abc',410253,'abc_851'),(70988,'Timothy Hill','123','Betty Schrom','abc','abc',740136,'abc_958'),(71117,'Rosa Boren','123','Thomasine Ellison','abc','abc',526109,'abc_462'),(71175,'Salvador Alicea','123','Margaret Pauley','abc','abc',379996,'abc_547'),(71296,'Deandre Weber','123','Gina Walters','abc','abc',603004,'abc_471'),(71428,'Annie Anderson','123','Yvette Hardin','abc','abc',959939,'abc_738'),(71611,'Steven Bohannon','123','Joshua Bruce','abc','abc',210251,'abc_338'),(71709,'Michelle Soto','123','William Robinson','abc','abc',930609,'abc_481'),(71810,'Silvia Black','123','Sylvester Walker','abc','abc',472023,'abc_482'),(72035,'Carolina Martin','123','Dave Hernandez','abc','abc',278139,'abc_214'),(72267,'Henry Hayes','123','Nancy Dove','abc','abc',116392,'abc_7'),(72389,'Brett Griffith','123','Christian Williams','abc','abc',114359,'abc_44'),(72399,'Mary Akers','123','Christina Stinson','abc','abc',303779,'abc_998'),(72421,'Karen Alexander','123','Mellissa Stinser','abc','abc',427178,'abc_281'),(72570,'Carl Carney','123','Jessica Obrien','abc','abc',612010,'abc_837'),(72616,'Sam Gray','123','John Bienkowski','abc','abc',236331,'abc_533'),(72740,'Willie Wilson','123','Robert Sewell','abc','abc',501236,'abc_578'),(72773,'Joseph Mcneill','123','Alphonse Earls','abc','abc',395356,'abc_359'),(72794,'Mike Flores','123','Amanda Karim','abc','abc',515939,'abc_682'),(72805,'Christopher Killian','123','Renee Zigler','abc','abc',529163,'abc_609'),(72865,'Gerald Carney','123','Andrew Borders','abc','abc',982635,'abc_452'),(72930,'Frank Martin','123','Winnifred Puleo','abc','abc',463216,'abc_358'),(73092,'Mattie Tate','123','Lydia Jorgenson','abc','abc',713152,'abc_624'),(73121,'Harry Lapuerta','123','Freddie James','abc','abc',114725,'abc_524'),(73416,'Evan Culbertson','123','Marvin Tate','abc','abc',526749,'abc_336'),(73442,'Edith Barker','123','Kristina Wells','abc','abc',448448,'abc_96'),(73735,'Christopher Wilkins','123','Clifford Griffin','abc','abc',215507,'abc_398'),(73838,'Charles Mcclenon','123','Naomi Ortiz','abc','abc',220240,'abc_433'),(73983,'Edmund Perotti','123','Mary Folden','abc','abc',762666,'abc_569'),(74006,'Cecelia Page','123','Richard Freedman','abc','abc',106741,'abc_179'),(74018,'Maureen Ortiz','123','Jessica Boyd','abc','abc',815166,'abc_351'),(74042,'Alicia Larson','123','Nancy Dooley','abc','abc',854824,'abc_307'),(74043,'Shirley Butler','123','Roxanne Hansel','abc','abc',922003,'abc_540'),(74060,'Fred Simpson','123','Pamela Sagers','abc','abc',214331,'abc_778'),(74086,'Leroy King','123','Catherine Kwiatkowski','abc','abc',232247,'abc_901'),(74167,'Lisa Smith','123','Perry Bayne','abc','abc',294479,'abc_217'),(74238,'Joe Myers','123','Corey Balling','abc','abc',879421,'abc_295'),(74329,'Ahmed Griffis','123','Mary Dunn','abc','abc',889751,'abc_108'),(74338,'Joshua Villa','123','Anthony True','abc','abc',184686,'abc_222'),(74404,'Susan Rogers','123','Debra Wilson','abc','abc',794177,'abc_625'),(74417,'Catherine Ralph','123','Brett Bentley','abc','abc',853547,'abc_392'),(74467,'Mark Sprague','123','Kevin Davis','abc','abc',108718,'abc_135'),(74610,'Michael Beaupre','123','Virginia Surdam','abc','abc',953759,'abc_962'),(74784,'Lowell Perez','123','James Fisher','abc','abc',871404,'abc_641'),(74874,'Elizabeth Funk','123','John Barakat','abc','abc',861859,'abc_45'),(75041,'Todd Harris','123','Barbara Mccoy','abc','abc',834456,'abc_676'),(75163,'Norman Ballard','123','Jack Moniz','abc','abc',363965,'abc_799'),(75336,'John Caminero','123','Joshua Mcclain','abc','abc',684103,'abc_671'),(75358,'Toby Bartlett','123','Patricia Fuller','abc','abc',676289,'abc_991'),(75581,'Anita Rabelo','123','Rubye Gross','abc','abc',728666,'abc_783'),(75589,'Maria Mcmullen','123','Dale Bess','abc','abc',167380,'abc_477'),(75736,'Nancy Reynolds','123','Joseph Roden','abc','abc',310107,'abc_219'),(75841,'Myrtle Viera','123','Betty Conti','abc','abc',952815,'abc_590'),(75858,'George Cole','123','Calvin Rasberry','abc','abc',971591,'abc_551'),(75926,'Manuel Watts','123','Antonio Knight','abc','abc',991803,'abc_992'),(75978,'Paul Ernst','123','Josephine Bier','abc','abc',545398,'abc_123'),(75984,'Susan Haigh','123','Helen Daniels','abc','abc',275987,'abc_801'),(76049,'Salvatore Park','123','Teresa Lopez','abc','abc',376867,'abc_616'),(76090,'Kevin Miller','123','Kenneth Slattery','abc','abc',232084,'abc_46'),(76114,'Larry Dill','123','Arline Smith','abc','abc',116681,'abc_649'),(76145,'Dennis Protain','123','Matthew Wright','abc','abc',778970,'abc_571'),(76266,'William Gumpert','123','Michelle Strong','abc','abc',707776,'abc_25'),(76283,'Deanna Green','123','Ethel Olson','abc','abc',349817,'abc_772'),(76460,'Chris Brumfield','123','Michelle Reyes','abc','abc',784623,'abc_266'),(76482,'Alice Turnbow','123','Sylvia Mcray','abc','abc',963599,'abc_205'),(76771,'Diane Shanker','123','Alfred Smith','abc','abc',136554,'abc_395'),(77023,'Bruce Cook','123','Cody Largent','abc','abc',107346,'abc_593'),(77091,'Henry Bible','123','Susan Allen','abc','abc',670074,'abc_40'),(77135,'Christian Adams','123','Candace Brown','abc','abc',629319,'abc_486'),(77246,'Ruth Kowalski','123','Michele Palmer','abc','abc',891883,'abc_286'),(77266,'Chester Gardner','123','Courtney Porter','abc','abc',103909,'abc_976'),(77534,'Jennifer Spencer','123','Gerald Glover','abc','abc',381498,'abc_629'),(77540,'Michael Carroll','123','Bruce Saccucci','abc','abc',504371,'abc_931'),(77878,'Roy Wilson','123','Irene Karim','abc','abc',353929,'abc_161'),(77900,'Stephen Miller','123','Vivian Brown','abc','abc',535257,'abc_545'),(77912,'Juan Palm','123','Gloria Beato','abc','abc',277544,'abc_97'),(78112,'Eric Gates','123','Catherine Nelson','abc','abc',172623,'abc_61'),(78233,'Annie Stroope','123','Felecia Sikes','abc','abc',630606,'abc_530'),(78290,'Eleanor Delarosa','123','Kevin Kerns','abc','abc',884055,'abc_16'),(78359,'Richard Pinner','123','Fred Carlin','abc','abc',753244,'abc_898'),(78448,'Adrian Healy','123','Patricia Lopez','abc','abc',957307,'abc_293'),(78548,'Thelma Mckeighan','123','Margaret Edwards','abc','abc',207588,'abc_942'),(78572,'Lindy Schneider','123','Louise Watkins','abc','abc',597530,'abc_729'),(78580,'Alex Smith','123','Michael Maldonado','abc','abc',720993,'abc_357'),(78688,'Paul Norman','123','Michael Langley','abc','abc',188133,'abc_446'),(78694,'Travis Rand','123','Jessie Murphree','abc','abc',480773,'abc_627'),(78739,'Rose Geary','123','Charlene Valentin','abc','abc',750050,'abc_280'),(78741,'William Duvall','123','Mary Bew','abc','abc',148162,'abc_869'),(78782,'Michael Truong','123','David Barren','abc','abc',332840,'abc_212'),(79105,'Tricia Fish','123','Shanell Calhoun','abc','abc',899806,'abc_982'),(79107,'Nancy Gardner','123','Larry Burnette','abc','abc',426641,'abc_841'),(79142,'Justine Mcgee','123','Kelly Greenwood','abc','abc',667909,'abc_259'),(79187,'Albert Fergus','123','Jordan Craig','abc','abc',124249,'abc_781'),(79208,'Carol Robeson','123','Barbara Berry','abc','abc',200805,'abc_84'),(79228,'James Lebeouf','123','Lisa Reynolds','abc','abc',484000,'abc_193'),(79334,'Alma Schmidt','123','Kevin Radley','abc','abc',380520,'abc_930'),(79571,'Richard Kintopp','123','Gerald Maze','abc','abc',145117,'abc_49'),(79580,'Maria Edwards','123','Wayne Stubbs','abc','abc',815804,'abc_705'),(79703,'Ned Ellis','123','Rudolph Cordeiro','abc','abc',736529,'abc_925'),(79769,'Marissa Curry','123','Eva Heiniger','abc','abc',859041,'abc_749'),(79922,'Jerry Merritt','123','Gerald Thompson','abc','abc',734939,'abc_364'),(80018,'Teri Okeefe','123','Albert Mahoney','abc','abc',528014,'abc_470'),(80025,'Emily Hart','123','Tyler May','abc','abc',684898,'abc_834'),(80146,'Clinton Ikeda','123','Terence Watts','abc','abc',510156,'abc_381'),(80173,'Daniel Dejong','123','Patricia Mckinney','abc','abc',861916,'abc_655'),(80185,'Robert Childs','123','Bert Young','abc','abc',883538,'abc_150'),(80206,'Scott Elston','123','Tony Davenport','abc','abc',847252,'abc_138'),(80217,'Brian Law','123','Jeannie Willey','abc','abc',127052,'abc_558'),(80293,'Linette Hahn','123','Willie Hines','abc','abc',424027,'abc_406'),(80471,'James Webb','123','Shantel Caspari','abc','abc',201584,'abc_645'),(80511,'Wanda Branch','123','Dane Campbell','abc','abc',213297,'abc_450'),(80534,'Melvin Golka','123','Helen Green','abc','abc',353317,'abc_860'),(80539,'Jose Simpson','123','Cheri Davies','abc','abc',449230,'abc_672'),(80731,'Linda Alexander','123','Derrick Betancourt','abc','abc',623569,'abc_23'),(80735,'Michael Winston','123','Richard Mcknight','abc','abc',495463,'abc_302'),(80877,'Della Grennan','123','Brenda Woolwine','abc','abc',148144,'abc_765'),(80918,'Dennis Sylvester','123','Diana Swisher','abc','abc',635186,'abc_207'),(80974,'Raymond Young','123','Christina Mcbride','abc','abc',282901,'abc_817'),(80980,'Betty Mathis','123','Reginald Rowley','abc','abc',662836,'abc_3'),(81040,'Robert Illich','123','Raul Chrisco','abc','abc',795880,'abc_656'),(81227,'Kimberly Meres','123','Juanita Flores','abc','abc',392211,'abc_289'),(81656,'Keith Cervantes','123','Kerrie Davis','abc','abc',322040,'abc_902'),(82167,'Chris Jacobs','123','Maureen Nunnenkamp','abc','abc',595404,'abc_630'),(82280,'Kecia Austin','123','Brenda Castillo','abc','abc',548409,'abc_461'),(82386,'Kyle Williams','123','Carol Parkman','abc','abc',689425,'abc_633'),(82406,'Keith Stotts','123','Debra Haines','abc','abc',987062,'abc_227'),(82679,'John Jenkins','123','Maurice Bobb','abc','abc',989210,'abc_148'),(82746,'Keila Owens','123','Bobbye Caro','abc','abc',599031,'abc_695'),(82821,'Alison Faulkner','123','Lorraine Cheesman','abc','abc',852610,'abc_82'),(82855,'Douglas Miron','123','Cheryl Jackson','abc','abc',455436,'abc_255'),(82979,'Patricia Cramer','123','Alicia Spencer','abc','abc',279284,'abc_684'),(82983,'Lorie Dubay','123','Mamie Rogers','abc','abc',835193,'abc_134'),(83181,'Brenda Smart','123','Jack Baldwin','abc','abc',201479,'abc_390'),(83244,'Pamela Edwards','123','Henry Stoneburner','abc','abc',335623,'abc_317'),(83449,'Jessica Dequattro','123','Hugh Branchaud','abc','abc',188219,'abc_936'),(83611,'Paul Anderson','123','Jennifer Mettler','abc','abc',695511,'abc_924'),(83651,'Chris Her','123','Tommie Bean','abc','abc',649007,'abc_918'),(83664,'Miguel May','123','Melissa Williams','abc','abc',784761,'abc_394'),(83682,'Jessica Davis','123','Larry Shoffner','abc','abc',579410,'abc_789'),(83788,'Larry Goupil','123','Ryan Domingo','abc','abc',424035,'abc_75'),(83914,'Megan Kettner','123','Laura Coy','abc','abc',988878,'abc_4'),(83975,'Jeffrey Wells','123','Joe Bianchi','abc','abc',182797,'abc_699'),(84065,'Lawrence Casey','123','Karen Dorsey','abc','abc',535190,'abc_920'),(84118,'Charles Riggs','123','Leonard Gregory','abc','abc',932709,'abc_409'),(84323,'Andrew Laso','123','Nancy Sheridan','abc','abc',356273,'abc_196'),(84410,'William Mudget','123','Harold Khan','abc','abc',674250,'abc_324'),(84605,'Suzanne Graves','123','Shirley Kent','abc','abc',456463,'abc_330'),(84638,'Brenda Burns','123','Kristin Defoor','abc','abc',783082,'abc_308'),(84790,'Patricia Williams','123','Todd Hill','abc','abc',750206,'abc_914'),(84886,'Travis Massey','123','Joyce Palumbo','abc','abc',956337,'abc_597'),(84965,'Francis Cline','123','Orpha Asberry','abc','abc',659199,'abc_955'),(85029,'Anthony Givens','123','Taylor Sholders','abc','abc',946960,'abc_562'),(85032,'Mike Rice','123','James Cone','abc','abc',745265,'abc_171'),(85059,'Rosalia Guerrero','123','Ginger Glazier','abc','abc',221413,'abc_623'),(85256,'John Luis','123','Krystal Wells','abc','abc',378727,'abc_511'),(85330,'Robert Moore','123','Henry Holton','abc','abc',599157,'abc_132'),(85331,'Joyce Shults','123','Oscar Ross','abc','abc',542936,'abc_905'),(85390,'Byron Roberson','123','Charlene Smith','abc','abc',463824,'abc_989'),(85479,'Derrick Anderson','123','Virginia Lipscomb','abc','abc',601245,'abc_321'),(85602,'Thomas Carter','123','Frances Stuble','abc','abc',740997,'abc_299'),(85632,'Brian Rich','123','James Mitchell','abc','abc',926155,'abc_66'),(85786,'Joseph Hengl','123','Rick Elston','abc','abc',895562,'abc_782'),(85809,'Melvin Meadows','123','Dianna Watson','abc','abc',143885,'abc_934'),(85831,'David Gehl','123','Barry Schwartz','abc','abc',723095,'abc_723'),(86026,'Mike Clerc','123','Lee Harms','abc','abc',209494,'abc_894'),(86036,'Saul Bishop','123','Marion White','abc','abc',691713,'abc_956'),(86044,'Donna Harris','123','Don Phillips','abc','abc',335368,'abc_459'),(86073,'Julie Garza','123','James Smothers','abc','abc',884958,'abc_839'),(86213,'Rodney Glymph','123','Matthew Benear','abc','abc',462971,'abc_716'),(86226,'Lorena Tyler','123','Brian Williams','abc','abc',773466,'abc_232'),(86365,'Betty Tallie','123','Sarah Bland','abc','abc',663123,'abc_147'),(86451,'Suzanne Boggs','123','Gail Roberts','abc','abc',225965,'abc_33'),(86484,'Karen Nieto','123','Jack Boyd','abc','abc',269313,'abc_287'),(86549,'Clay Munson','123','Wendy Woodard','abc','abc',870065,'abc_140'),(86606,'Frances Anderegg','123','Joann Blevins','abc','abc',355890,'abc_514'),(86780,'Ingrid Homer','123','Leola Ramirez','abc','abc',385181,'abc_794'),(86782,'Johnathan Barrows','123','Frances Oxendine','abc','abc',230050,'abc_305'),(86959,'Domingo Tucker','123','John Quinones','abc','abc',557605,'abc_282'),(87180,'Rosa Moore','123','Pamela Kuster','abc','abc',637492,'abc_954'),(87296,'Rosalie Schneider','123','Lucas Pegues','abc','abc',799809,'abc_768'),(87458,'Hannelore Bean','123','Classie Nelson','abc','abc',850838,'abc_602'),(87668,'Kathleen Thibodeaux','123','Grant Rohrs','abc','abc',769320,'abc_504'),(87673,'Brandie Reifsteck','123','April Ritter','abc','abc',374555,'abc_448'),(87861,'Paul Johnson','123','Jessica Howell','abc','abc',630022,'abc_648'),(88022,'Keith Precourt','123','Sandra Schroeder','abc','abc',781980,'abc_906'),(88114,'Fred Bain','123','George Towle','abc','abc',198929,'abc_294'),(88286,'Stephen Mulac','123','Jennifer Rutan','abc','abc',829896,'abc_922'),(88311,'Derrick Donelson','123','Martin Morrison','abc','abc',316462,'abc_686'),(88441,'Pam Roux','123','William Travers','abc','abc',510540,'abc_69'),(88596,'Joy Guthrie','123','Phyllis Merrill','abc','abc',517578,'abc_875'),(88625,'Bradford Polanco','123','Bobbi Ross','abc','abc',791335,'abc_591'),(88799,'Michael Bock','123','Roy Castillo','abc','abc',874329,'abc_360'),(88960,'Cody Mckinney','123','William Williams','abc','abc',889315,'abc_127'),(88983,'Mary Axelson','123','Paul Robertson','abc','abc',940496,'abc_732'),(88985,'Melissa Graham','123','Jason Thomason','abc','abc',317913,'abc_582'),(88988,'Andrew Hoffman','123','Roger Stanbaugh','abc','abc',781496,'abc_967'),(89121,'Patrick Wilson','123','Deborah Bell','abc','abc',928702,'abc_711'),(89126,'Lilian Turner','123','Tiffany Johnson','abc','abc',833851,'abc_181'),(89169,'Kenneth Diehl','123','John Vanhoose','abc','abc',165838,'abc_22'),(89184,'Heather Grett','123','Angelo Adams','abc','abc',366925,'abc_62'),(89203,'Kathleen Briggs','123','Janice Stewart','abc','abc',722807,'abc_759'),(89214,'Patricia Royer','123','Tobi Leto','abc','abc',322412,'abc_432'),(89292,'Norma Dunlap','123','Mary Miller','abc','abc',263530,'abc_228'),(89370,'Randy Harris','123','William House','abc','abc',353664,'abc_192'),(89438,'Jane Breazeale','123','Jacqueline Jackson','abc','abc',142997,'abc_1'),(89472,'Alan Austin','123','Robert Eicher','abc','abc',685911,'abc_473'),(89685,'Kenneth Hayden','123','Patty Mckenna','abc','abc',246002,'abc_531'),(89789,'Logan Llewellyn','123','Julie Wheeler','abc','abc',993902,'abc_415'),(89866,'Isabelle Jacome','123','Brittany Simons','abc','abc',489503,'abc_665'),(89944,'Myra Walthall','123','Nelson Tucker','abc','abc',641360,'abc_508'),(89985,'Alice Friend','123','Douglas Tienda','abc','abc',117070,'abc_119'),(90026,'Sheila Valentine','123','Steven Mavraganis','abc','abc',849258,'abc_552'),(90055,'Jessie Trantham','123','Earnest Johnson','abc','abc',794581,'abc_972'),(90103,'Antoinette Howard','123','Troy Smith','abc','abc',885977,'abc_881'),(90147,'Barbara Coore','123','Charles Johnson','abc','abc',455019,'abc_754'),(90255,'Rebecca Clayton','123','Matthew Fussell','abc','abc',565168,'abc_487'),(90331,'Jessie Shoemaker','123','Timothy Coleman','abc','abc',766636,'abc_880'),(90524,'Ray Crowley','123','Will Yang','abc','abc',749781,'abc_825'),(90576,'Valentin Hankins','123','Marie Yorke','abc','abc',609855,'abc_439'),(90599,'Marie King','123','Carlton Burlingame','abc','abc',490239,'abc_855'),(90686,'Nichole Olden','123','Robert Machado','abc','abc',428328,'abc_613'),(90829,'Sheryl Hill','123','John Knapp','abc','abc',329996,'abc_661'),(90934,'Thomas Fields','123','Guillermo Roper','abc','abc',436761,'abc_70'),(90993,'Alfonzo Link','123','David Olney','abc','abc',172887,'abc_862'),(91119,'Robert Clewis','123','Frank Gordon','abc','abc',396823,'abc_248'),(91122,'Grace Scott','123','David Dancy','abc','abc',778946,'abc_402'),(91165,'Sarah Torrez','123','Alice Hamm','abc','abc',123005,'abc_785'),(91268,'Donald Morales','123','Francis Olsen','abc','abc',537382,'abc_191'),(91295,'James Malave','123','Stanley Arevalo','abc','abc',840199,'abc_798'),(91410,'Edward Shepherd','123','Ted Black','abc','abc',790246,'abc_131'),(91503,'Scott Graham','123','Jeffrey Walker','abc','abc',876785,'abc_932'),(91611,'Bernadette Birks','123','Madeline Schenk','abc','abc',863106,'abc_71'),(91653,'Tamara Gillam','123','John Boggioni','abc','abc',490922,'abc_555'),(91660,'Andre Conover','123','Helene Litke','abc','abc',890057,'abc_703'),(91687,'John Pecoraino','123','Amanda Brewer','abc','abc',840684,'abc_787'),(91693,'Thomas Schmitz','123','Terrence Wong','abc','abc',457027,'abc_249'),(91700,'Hector Aguilar','123','Amy Mauldin','abc','abc',716778,'abc_404'),(91753,'James Evans','123','Mabel Anderson','abc','abc',696821,'abc_573'),(91794,'Russell Dickey','123','Tanya Moore','abc','abc',166395,'abc_427'),(91816,'Elva Contreras','123','Megan Payne','abc','abc',993493,'abc_55'),(91841,'Booker Hubbs','123','Monica Mayer','abc','abc',373450,'abc_742'),(91869,'Latricia Brown','123','Raul Kemp','abc','abc',797984,'abc_124'),(91875,'Michael Way','123','Douglas Sailors','abc','abc',616471,'abc_897'),(92023,'Martha Reinsch','123','Robert Paoli','abc','abc',887394,'abc_483'),(92083,'Don Yao','123','Ronald Hoyle','abc','abc',212664,'abc_445'),(92280,'Sharon Miller','123','Julie Barnes','abc','abc',696326,'abc_908'),(92365,'Bonnie Waldman','123','Robert Williamson','abc','abc',125852,'abc_383'),(92407,'Jack Galloway','123','Margaret Mcguire','abc','abc',498781,'abc_479'),(92471,'Holly Perez','123','Jerry Castro','abc','abc',311624,'abc_199'),(92900,'Timothy Trofholz','123','Donald Ballinger','abc','abc',704211,'abc_748'),(93223,'Kathy Howard','123','Elizabeth Oliver','abc','abc',245638,'abc_702'),(93415,'Gloria Pidgeon','123','Vivian Nunez','abc','abc',973305,'abc_270'),(93455,'Robert Chase','123','Charles Bruce','abc','abc',218309,'abc_495'),(93700,'Evelyn Bedell','123','Dewey Loveday','abc','abc',628975,'abc_927'),(93741,'Javier Peterson','123','Joseph Thomas','abc','abc',157816,'abc_65'),(93763,'Jon Radcliffe','123','Alicia Tucker','abc','abc',568426,'abc_708'),(93780,'Gloria Schwarz','123','Leo Young','abc','abc',936320,'abc_276'),(93815,'Benjamin Mosely','123','Anibal Sisneros','abc','abc',237817,'abc_303'),(93882,'Theodore Fuller','123','Kevin Gerula','abc','abc',650628,'abc_253'),(94078,'Janice Ashley','123','Cruz Erdmann','abc','abc',339019,'abc_753'),(94168,'Eric Scamehorn','123','Travis Stepp','abc','abc',520732,'abc_246'),(94183,'Carla Hourigan','123','Julie Black','abc','abc',754057,'abc_733'),(94234,'Mildred Lockhart','123','William Saxton','abc','abc',887073,'abc_254'),(94452,'Michael Ramsey','123','Ilana Brooks','abc','abc',725259,'abc_746'),(94497,'Christine Stahl','123','Jose Dolce','abc','abc',771892,'abc_521'),(94582,'Doreen Patterson','123','Janice Kelly','abc','abc',670302,'abc_961'),(94768,'Kelly Holmes','123','Kimberlee Hayward','abc','abc',535980,'abc_767'),(95004,'Shirley Milne','123','Carroll Smeltzer','abc','abc',867399,'abc_19'),(95050,'Maryann Graves','123','Mark Branch','abc','abc',336477,'abc_678'),(95096,'Patricia Cessor','123','Howard Bird','abc','abc',134640,'abc_389'),(95164,'Mary Smith','123','Eric Smith','abc','abc',570057,'abc_335'),(95326,'Nathaniel Gooch','123','George Charette','abc','abc',623161,'abc_226'),(95348,'Wanda Bruton','123','Winnie Long','abc','abc',666755,'abc_245'),(95371,'Marilyn Svendsen','123','Charles Gallegos','abc','abc',540093,'abc_993'),(95462,'Candace Boas','123','Molly Giddins','abc','abc',261847,'abc_644'),(95489,'Timothy Myers','123','Ryan Frazier','abc','abc',470054,'abc_745'),(95519,'Frieda Cox','123','Jason Lane','abc','abc',572151,'abc_237'),(95780,'Willie Hawkins','123','Anthony Lewis','abc','abc',330352,'abc_997'),(95825,'Kara Gunn','123','William Olson','abc','abc',624659,'abc_635'),(95922,'William Huse','123','Jaime Raymond','abc','abc',417521,'abc_724'),(96069,'Michael Kessler','123','Nona Mcnair','abc','abc',713230,'abc_747'),(96075,'Anne Badgett','123','Phyllis Whitfield','abc','abc',181823,'abc_913'),(96213,'Rebecca Wilson','123','Harry Boyer','abc','abc',775084,'abc_889'),(96214,'Nannie Edwards','123','Bryan Padilla','abc','abc',477153,'abc_559'),(96410,'Elwood Parker','123','Traci Boswell','abc','abc',994887,'abc_503'),(96463,'Mellie Lillian','123','Mildred Martin','abc','abc',624467,'abc_522'),(96523,'Steve Lyons','123','Joan Heagney','abc','abc',232786,'abc_467'),(96576,'Paula Garcia','123','Jessica Oliver','abc','abc',660955,'abc_538'),(96611,'Steven Fagnani','123','Allen Sarnicola','abc','abc',921030,'abc_544'),(96662,'William Ray','123','Mary Ing','abc','abc',300505,'abc_231'),(96689,'Brenda Butler','123','Stephanie Bedford','abc','abc',336877,'abc_59'),(96729,'Gerald Woodward','123','Janice Rothman','abc','abc',155030,'abc_830'),(96922,'Stanley Green','123','James Seibert','abc','abc',906534,'abc_570'),(96928,'Lena Tovar','123','Faith Griffin','abc','abc',918641,'abc_497'),(96957,'Bobby Liles','123','Lawrence Pickens','abc','abc',449507,'abc_318'),(97044,'Richard Lawson','123','Nicole Tipton','abc','abc',224307,'abc_244'),(97084,'Matthew Gable','123','Karen Hughes','abc','abc',491855,'abc_265'),(97150,'Lynda Martin','123','Lori Wolter','abc','abc',496587,'abc_691'),(97368,'Rodger Perez','123','Lucia Mcmorran','abc','abc',287761,'abc_98'),(97556,'Tanja Anderson','123','Shirley Davidson','abc','abc',399452,'abc_187'),(97557,'Dennis Fennimore','123','Alberta Ford','abc','abc',219815,'abc_971'),(97733,'Edward Lewis','123','Wesley Silberman','abc','abc',228460,'abc_301'),(97735,'Bonnie Hand','123','Melissa Dimartino','abc','abc',166721,'abc_328'),(97739,'Stephen Houseknecht','123','Hazel Macneil','abc','abc',932485,'abc_657'),(97778,'Harry Hall','123','Cari Harrison','abc','abc',192970,'abc_687'),(97984,'Juliette Duran','123','Lindsey Steinborn','abc','abc',446717,'abc_464'),(98011,'Brian Lofton','123','Brenda Galindo','abc','abc',395889,'abc_518'),(98199,'Rosario Altman','123','Mary Harris','abc','abc',550475,'abc_796'),(98364,'Lauren Mcwaters','123','Jessie Reid','abc','abc',816499,'abc_762'),(98366,'Juan Borg','123','Barry Nichols','abc','abc',150984,'abc_937'),(98517,'Doug Heard','123','Natalie Pel','abc','abc',887812,'abc_776'),(98582,'Erica Littlejohn','123','Thomas Moore','abc','abc',324898,'abc_269'),(98598,'Candace Price','123','Angela Peter','abc','abc',831334,'abc_999'),(98668,'Salvador Sifford','123','Arnita Page','abc','abc',384811,'abc_878'),(98760,'Elsa Akim','123','Scott Groner','abc','abc',218124,'abc_985'),(98772,'Kathleen Walker','123','Chad Bruns','abc','abc',157790,'abc_728'),(98917,'Joel Vasquez','123','Jerry Ford','abc','abc',419776,'abc_491'),(99136,'Jeffery Martin','123','Jim Hayes','abc','abc',294169,'abc_342'),(99184,'Scot Stargel','123','Justin Smith','abc','abc',435166,'abc_106'),(99221,'Tracy Echevarria','123','Elyse Romine','abc','abc',855338,'abc_698'),(99292,'Bryan Tshudy','123','Dane Grisby','abc','abc',691422,'abc_201'),(99379,'John Randolph','123','Winnie Rawlings','abc','abc',323382,'abc_64'),(99840,'James Brown','123','Maryann Grady','abc','abc',490224,'abc_435'),(99892,'Delores Nugent','123','Teresa Roberts','abc','abc',186927,'abc_673'),(99988,'May Thornton','123','Alejandro Claybrook','abc','abc',892127,'abc_835');
/*!40000 ALTER TABLE `publishers` ENABLE KEYS */;
UNLOCK TABLES;

--
-- Table structure for table `publishers_phone`
--

DROP TABLE IF EXISTS `publishers_phone`;
/*!40101 SET @saved_cs_client     = @@character_set_client */;
/*!50503 SET character_set_client = utf8mb4 */;
CREATE TABLE `publishers_phone` (
  `publisher_ID` int NOT NULL,
  `phone_number` varchar(45) NOT NULL,
  PRIMARY KEY (`publisher_ID`,`phone_number`),
  CONSTRAINT `publisher_ID_phone` FOREIGN KEY (`publisher_ID`) REFERENCES `publishers` (`publisher_ID`) ON DELETE CASCADE ON UPDATE CASCADE
) ENGINE=InnoDB DEFAULT CHARSET=utf8mb4 COLLATE=utf8mb4_0900_ai_ci;
/*!40101 SET character_set_client = @saved_cs_client */;

--
-- Dumping data for table `publishers_phone`
--

LOCK TABLES `publishers_phone` WRITE;
/*!40000 ALTER TABLE `publishers_phone` DISABLE KEYS */;
/*!40000 ALTER TABLE `publishers_phone` ENABLE KEYS */;
UNLOCK TABLES;

--
-- Table structure for table `purchase`
--

DROP TABLE IF EXISTS `purchase`;
/*!40101 SET @saved_cs_client     = @@character_set_client */;
/*!50503 SET character_set_client = utf8mb4 */;
CREATE TABLE `purchase` (
  `book_ID` int NOT NULL,
  `purchase_ID` int DEFAULT NULL,
  PRIMARY KEY (`book_ID`),
  KEY `purchase_ID_purchase_idx` (`purchase_ID`),
  CONSTRAINT `purchase_ID_book` FOREIGN KEY (`book_ID`) REFERENCES `books` (`book_ID`),
  CONSTRAINT `purchase_ID_purchase` FOREIGN KEY (`purchase_ID`) REFERENCES `books_purchase` (`purchase_ID`)
) ENGINE=InnoDB DEFAULT CHARSET=utf8mb4 COLLATE=utf8mb4_0900_ai_ci;
/*!40101 SET character_set_client = @saved_cs_client */;

--
-- Dumping data for table `purchase`
--

LOCK TABLES `purchase` WRITE;
/*!40000 ALTER TABLE `purchase` DISABLE KEYS */;
INSERT INTO `purchase` VALUES (101076,1),(104541,1),(115508,1),(116986,1),(121543,1),(124782,1),(136109,1),(137856,1),(138681,1),(144632,1),(152803,1),(155815,1),(161407,1),(169126,1),(169160,1),(170236,1),(171012,1),(172992,1),(174063,1),(177993,1),(179735,1),(181949,1),(195847,1),(210912,1),(219114,1),(224983,1),(226390,1),(227531,1),(238403,1),(239406,1),(240066,1),(246817,1),(247218,1),(250212,1),(256307,1),(259719,1),(260873,1),(264256,1),(265936,1),(267072,1),(269485,1),(273192,1),(278422,1),(307710,1),(310105,1),(310168,1),(310843,1),(313988,1),(315053,1),(317722,1),(331679,1),(333201,1),(343382,1),(355493,1),(357760,1),(358664,1),(360371,1),(361961,1),(365883,1),(376194,1),(377398,1),(378149,1),(380713,1),(381536,1),(385366,1),(390320,1),(391731,1),(405618,1),(408615,1),(414698,1),(419906,1),(420283,1),(423138,1),(424415,1),(429059,1),(432838,1),(441945,1),(442473,1),(447544,1),(452887,1),(453030,1),(466977,1),(467412,1),(475490,1),(476621,1),(479699,1),(487742,1),(487868,1),(489408,1),(491398,1),(492329,1),(492756,1),(492934,1),(494768,1),(496934,1),(499093,1),(499921,1),(503469,1),(504348,1),(509926,1),(511247,1),(511703,1),(512194,1),(512668,1),(519155,1),(532551,1),(536624,1),(541561,1),(542610,1),(551824,1),(557088,1),(557686,1),(560883,1),(566577,1),(570587,1),(574331,1),(575598,1),(577197,1),(579346,1),(579728,1),(582344,1),(584163,1),(586074,1),(587745,1),(598598,1),(600806,1),(600956,1),(601058,1),(604821,1),(610103,1),(610940,1),(613472,1),(613879,1),(615170,1),(616873,1),(637961,1),(641513,1),(642756,1),(646913,1),(647126,1),(647896,1),(651679,1),(653600,1),(656526,1),(657293,1),(659851,1),(669021,1),(674267,1),(677562,1),(678837,1),(683418,1),(683498,1),(686440,1),(690855,1),(693669,1),(713280,1),(714342,1),(715527,1),(716330,1),(716361,1),(718468,1),(731605,1),(732552,1),(735369,1),(736014,1),(747659,1),(748553,1),(755448,1),(764396,1),(778639,1),(778809,1),(781073,1),(786610,1),(793598,1),(800635,1),(806466,1),(810356,1),(813595,1),(814883,1),(816865,1),(818051,1),(834492,1),(840426,1),(844736,1),(844943,1),(850116,1),(853804,1),(857544,1),(861990,1),(863787,1),(878288,1),(884243,1),(889304,1),(897759,1),(913341,1),(918062,1),(927098,1),(930817,1),(934819,1),(941812,1),(948381,1),(949200,1),(949751,1),(956723,1),(962061,1),(968468,1),(970417,1),(970679,1),(981198,1),(988008,1),(992775,1),(994147,1),(999131,1),(114149,2),(118234,2),(118268,2),(123556,2),(127035,2),(129589,2),(134948,2),(144985,2),(148067,2),(157624,2),(158021,2),(164700,2),(166137,2),(167179,2),(168828,2),(170872,2),(176449,2),(177533,2),(178566,2),(182777,2),(193019,2),(195138,2),(198362,2),(204523,2),(209315,2),(218322,2),(218695,2),(218713,2),(219509,2),(224292,2),(224522,2),(226436,2),(232688,2),(233075,2),(238184,2),(240406,2),(241451,2),(251175,2),(252786,2),(253066,2),(253202,2),(254599,2),(259117,2),(259682,2),(260967,2),(262351,2),(268910,2),(269181,2),(271705,2),(272266,2),(277889,2),(279151,2),(290215,2),(291589,2),(294242,2),(295074,2),(297589,2),(305181,2),(308995,2),(309957,2),(311060,2),(312378,2),(314088,2),(316958,2),(328514,2),(331592,2),(343164,2),(350138,2),(354201,2),(362196,2),(374933,2),(385005,2),(385480,2),(387344,2),(390466,2),(391197,2),(402742,2),(402747,2),(410890,2),(412530,2),(420518,2),(427229,2),(429880,2),(430094,2),(434288,2),(435028,2),(438838,2),(443935,2),(446036,2),(460489,2),(464588,2),(468188,2),(468832,2),(470100,2),(471133,2),(479308,2),(487909,2),(487950,2),(492600,2),(496673,2),(499941,2),(505896,2),(514169,2),(516089,2),(521135,2),(524436,2),(525489,2),(526883,2),(529209,2),(530035,2),(533898,2),(535270,2),(540680,2),(552308,2),(562735,2),(566130,2),(569289,2),(569363,2),(573619,2),(576662,2),(577058,2),(579279,2),(589331,2),(603768,2),(604428,2),(614301,2),(618104,2),(619692,2),(621334,2),(632610,2),(637184,2),(638615,2),(649160,2),(655544,2),(664676,2),(665630,2),(670194,2),(670245,2),(674615,2),(674621,2),(674817,2),(675218,2),(682836,2),(689292,2),(694736,2),(697200,2),(708633,2),(714571,2),(724827,2),(726728,2),(728043,2),(731188,2),(733728,2),(743948,2),(745651,2),(752195,2),(762501,2),(763435,2),(770608,2),(771603,2),(777340,2),(779483,2),(784228,2),(787644,2),(794359,2),(795281,2),(811488,2),(812802,2),(823545,2),(833674,2),(833932,2),(846547,2),(847179,2),(848774,2),(850458,2),(857222,2),(859908,2),(863678,2),(865571,2),(866722,2),(868029,2),(879267,2),(880800,2),(886176,2),(891943,2),(893859,2),(894695,2),(914724,2),(918586,2),(923051,2),(924186,2),(925280,2),(925565,2),(931741,2),(932683,2),(933630,2),(936301,2),(938077,2),(939798,2),(940072,2),(940796,2),(946569,2),(949085,2),(949131,2),(949148,2),(964643,2),(969932,2),(975849,2),(981779,2),(984764,2),(988481,2),(995317,2),(100951,3),(104132,3),(104513,3),(109547,3),(116179,3),(142571,3),(143462,3),(144209,3),(146967,3),(151818,3),(152136,3),(156861,3),(166250,3),(166985,3),(169886,3),(171079,3),(180477,3),(186347,3),(191767,3),(204091,3),(209870,3),(221112,3),(232441,3),(236840,3),(241746,3),(260084,3),(261212,3),(266730,3),(273615,3),(276149,3),(281406,3),(290550,3),(291701,3),(300540,3),(309521,3),(309669,3),(310083,3),(319049,3),(323649,3),(325995,3),(334001,3),(340104,3),(341527,3),(345792,3),(347671,3),(364174,3),(371189,3),(377058,3),(380440,3),(381176,3),(385051,3),(387469,3),(391076,3),(404768,3),(406569,3),(408906,3),(416254,3),(420102,3),(422684,3),(428610,3),(432599,3),(434349,3),(440206,3),(442107,3),(450697,3),(452411,3),(456463,3),(464034,3),(465659,3),(468073,3),(469309,3),(473267,3),(476717,3),(477581,3),(479563,3),(483417,3),(496752,3),(497306,3),(498250,3),(498332,3),(504691,3),(506275,3),(509369,3),(510406,3),(514110,3),(515974,3),(529867,3),(531051,3),(540495,3),(548241,3),(556828,3),(562659,3),(567592,3),(579699,3),(590073,3),(598749,3),(599020,3),(600101,3),(600669,3),(602380,3),(603383,3),(608143,3),(613978,3),(614761,3),(618279,3),(626139,3),(626717,3),(627066,3),(636491,3),(637192,3),(638073,3),(639626,3),(654227,3),(662840,3),(663509,3),(665355,3),(668721,3),(669292,3),(670181,3),(671324,3),(673022,3),(675083,3),(679170,3),(683812,3),(696702,3),(697399,3),(700805,3),(705480,3),(717526,3),(717540,3),(721280,3),(723861,3),(727683,3),(729229,3),(742382,3),(760164,3),(764385,3),(767351,3),(768391,3),(768835,3),(777003,3),(778089,3),(783359,3),(784121,3),(785808,3),(786938,3),(789124,3),(811880,3),(814807,3),(815036,3),(817469,3),(819142,3),(819968,3),(829017,3),(834793,3),(835847,3),(838529,3),(852760,3),(855321,3),(856174,3),(859468,3),(863969,3),(866287,3),(869347,3),(870930,3),(871111,3),(873089,3),(882085,3),(884177,3),(885757,3),(895566,3),(897502,3),(899892,3),(904600,3),(906447,3),(911485,3),(924473,3),(927775,3),(936861,3),(946840,3),(951354,3),(954629,3),(960910,3),(961239,3),(972667,3),(982633,3),(986054,3),(986620,3),(992547,3),(992663,3),(103743,4),(105496,4),(111305,4),(137632,4),(138960,4),(147374,4),(154835,4),(165333,4),(168825,4),(174318,4),(180417,4),(183396,4),(188416,4),(194389,4),(199544,4),(217276,4),(233285,4),(237687,4),(245341,4),(255923,4),(257272,4),(258557,4),(261753,4),(267319,4),(270271,4),(272736,4),(272754,4),(277218,4),(280476,4),(280585,4),(289729,4),(291552,4),(297525,4),(303502,4),(311731,4),(322177,4),(331043,4),(331147,4),(343027,4),(345451,4),(345814,4),(347432,4),(354465,4),(355126,4),(356065,4),(358227,4),(360327,4),(360511,4),(378207,4),(378852,4),(384602,4),(393986,4),(397343,4),(400652,4),(410107,4),(412237,4),(413564,4),(415967,4),(432420,4),(440592,4),(446437,4),(455311,4),(457358,4),(473360,4),(490667,4),(495727,4),(498629,4),(499398,4),(499548,4),(513345,4),(515304,4),(515722,4),(516194,4),(516448,4),(520639,4),(523725,4),(524346,4),(529233,4),(530452,4),(536878,4),(538345,4),(544948,4),(549223,4),(549342,4),(551259,4),(553689,4),(556560,4),(560201,4),(561660,4),(563644,4),(568111,4),(569150,4),(576386,4),(580056,4),(582494,4),(582860,4),(583327,4),(584778,4),(588537,4),(594212,4),(595965,4),(603406,4),(604807,4),(607513,4),(610698,4),(620647,4),(626589,4),(633223,4),(638309,4),(639411,4),(651147,4),(651714,4),(651924,4),(654953,4),(655880,4),(660039,4),(662727,4),(683717,4),(690486,4),(691072,4),(703154,4),(704891,4),(717136,4),(723627,4),(726798,4),(730783,4),(733125,4),(733367,4),(739328,4),(742304,4),(755676,4),(765671,4),(772164,4),(781780,4),(782661,4),(783932,4),(796438,4),(801797,4),(803425,4),(805021,4),(805118,4),(809149,4),(811524,4),(813549,4),(823708,4),(824932,4),(831699,4),(832251,4),(833232,4),(853928,4),(859423,4),(861868,4),(862184,4),(882629,4),(886459,4),(891414,4),(893514,4),(895073,4),(902251,4),(911036,4),(913449,4),(916248,4),(923417,4),(925234,4),(929101,4),(930439,4),(934542,4),(937659,4),(940800,4),(946064,4),(951949,4),(954650,4),(956206,4),(957479,4),(961847,4),(969407,4),(978583,4),(989196,4),(996569,4),(112423,5),(131713,5),(131926,5),(142661,5),(144785,5),(156627,5),(157917,5),(167041,5),(167358,5),(169121,5),(171845,5),(173203,5),(180182,5),(183022,5),(183240,5),(183817,5),(189839,5),(190330,5),(191650,5),(196542,5),(197967,5),(209621,5),(211706,5),(214017,5),(219133,5),(224208,5),(235695,5),(240414,5),(248390,5),(248875,5),(267083,5),(267741,5),(272508,5),(275408,5),(276167,5),(276917,5),(278587,5),(281896,5),(282278,5),(286195,5),(287811,5),(290334,5),(295953,5),(306747,5),(319805,5),(321210,5),(331379,5),(331501,5),(335552,5),(335714,5),(343251,5),(343392,5),(345386,5),(349361,5),(352448,5),(357263,5),(361415,5),(366784,5),(375623,5),(377138,5),(378233,5),(381948,5),(393272,5),(398959,5),(406086,5),(407609,5),(409989,5),(410709,5),(412782,5),(412879,5),(417580,5),(434724,5),(442653,5),(452319,5),(455919,5),(455951,5),(456259,5),(456990,5),(457521,5),(462009,5),(465809,5),(468048,5),(485792,5),(485889,5),(486718,5),(488525,5),(490670,5),(497647,5),(507853,5),(508154,5),(514352,5),(519264,5),(520739,5),(524025,5),(528050,5),(536314,5),(539433,5),(541188,5),(542457,5),(546079,5),(552316,5),(555543,5),(561469,5),(569411,5),(576501,5),(583521,5),(586249,5),(594246,5),(594327,5),(594641,5),(595419,5),(600861,5),(601942,5),(603411,5),(609063,5),(627824,5),(628459,5),(631271,5),(634336,5),(636609,5),(638155,5),(647550,5),(660079,5),(670634,5),(672260,5),(672572,5),(676635,5),(676998,5),(681319,5),(685109,5),(701293,5),(701838,5),(712966,5),(717271,5),(725012,5),(727181,5),(729280,5),(729390,5),(730080,5),(731445,5),(739560,5),(740193,5),(741553,5),(753088,5),(756060,5),(769535,5),(773627,5),(775779,5),(781346,5),(783740,5),(788219,5),(789627,5),(800063,5),(802006,5),(805649,5),(809868,5),(811771,5),(816851,5),(818751,5),(819091,5),(821137,5),(823339,5),(825972,5),(827161,5),(828622,5),(836819,5),(837326,5),(838457,5),(842251,5),(843137,5),(845481,5),(846578,5),(847383,5),(851528,5),(868511,5),(869119,5),(870841,5),(881360,5),(881458,5),(885243,5),(889334,5),(890219,5),(890615,5),(891803,5),(892196,5),(897433,5),(901776,5),(908600,5),(923428,5),(924935,5),(929187,5),(940549,5),(943417,5),(945009,5),(951611,5),(960100,5),(960170,5),(961192,5),(963060,5),(968784,5),(972071,5),(972413,5),(974335,5),(975840,5),(980991,5),(989191,5);
/*!40000 ALTER TABLE `purchase` ENABLE KEYS */;
UNLOCK TABLES;

--
-- Table structure for table `staff`
--

DROP TABLE IF EXISTS `staff`;
/*!40101 SET @saved_cs_client     = @@character_set_client */;
/*!50503 SET character_set_client = utf8mb4 */;
CREATE TABLE `staff` (
  `user_ID` int NOT NULL,
  `job_profile` varchar(45) DEFAULT NULL,
  PRIMARY KEY (`user_ID`),
  CONSTRAINT `user_ID_staff` FOREIGN KEY (`user_ID`) REFERENCES `users` (`user_ID`) ON DELETE CASCADE ON UPDATE CASCADE
) ENGINE=InnoDB DEFAULT CHARSET=utf8mb4 COLLATE=utf8mb4_0900_ai_ci;
/*!40101 SET character_set_client = @saved_cs_client */;

--
-- Dumping data for table `staff`
--

LOCK TABLES `staff` WRITE;
/*!40000 ALTER TABLE `staff` DISABLE KEYS */;
INSERT INTO `staff` VALUES (1002,'Library Worker'),(1004,'Library Technician'),(1005,'Library Technician'),(1011,'Library Worker'),(1020,'Library Watchman'),(1021,'Library Front-end technician'),(1024,'Library Technician'),(1035,'Library Entry Superviser'),(1041,'Library General incharge'),(1044,'Library Manager'),(1058,'Library Front-end technician'),(1071,'Library Worker'),(1076,'Library Technician'),(1078,'Library Entry Superviser'),(1083,'Library General incharge'),(1088,'Library Worker'),(1101,'Library Worker'),(1102,'Library General incharge'),(1112,'Library General incharge'),(1116,'Library Worker'),(1118,'Library Worker'),(1123,'Library Manager'),(1130,'Library Watchman'),(1134,'Library Manager'),(1139,'Library Front-end technician'),(1147,'Library Entry Superviser'),(1153,'Library Front-end technician'),(1155,'Library Manager'),(1156,'Library Books sequence manager'),(1157,'Library General incharge'),(1161,'Library Technician'),(1162,'Library Technician'),(1167,'Library Worker'),(1170,'Library Entry Superviser'),(1171,'Library Technician'),(1175,'Library Manager'),(1183,'Library Books sequence manager'),(1190,'Library Worker'),(1195,'Library Worker'),(1201,'Library Entry Superviser'),(1203,'Library General incharge'),(1208,'Library Watchman'),(1211,'Library Worker'),(1214,'Library General incharge'),(1217,'Library Worker'),(1221,'Library Front-end technician'),(1226,'Library Manager'),(1231,'Library Worker'),(1234,'Library Worker'),(1239,'Library Technician'),(1241,'Library Entry Superviser'),(1242,'Library Worker'),(1245,'Library Entry Superviser'),(1254,'Library Watchman'),(1258,'Library Technician'),(1259,'Library Manager'),(1266,'Library Manager'),(1269,'Library Books sequence manager'),(1276,'Library General incharge'),(1280,'Library Worker'),(1283,'Library Technician'),(1287,'Library General incharge'),(1293,'Library Manager'),(1295,'Library Front-end technician'),(1299,'Library General incharge'),(1300,'Library Entry Superviser'),(1302,'Library Books sequence manager'),(1312,'Library Manager'),(1325,'Library Watchman'),(1328,'Library Worker'),(1340,'Library Entry Superviser'),(1349,'Library Entry Superviser'),(1356,'Library Worker'),(1358,'Library Books sequence manager'),(1363,'Library General incharge'),(1366,'Library Books sequence manager'),(1377,'Library Books sequence manager'),(1382,'Library Worker'),(1384,'Library Worker'),(1390,'Library Watchman'),(1393,'Library Watchman'),(1399,'Library Worker'),(1405,'Library Worker'),(1410,'Library Books sequence manager'),(1417,'Library Books sequence manager'),(1425,'Library Technician'),(1428,'Library Worker'),(1429,'Library Entry Superviser'),(1434,'Library General incharge'),(1436,'Library Technician'),(1438,'Library Worker'),(1442,'Library General incharge'),(1445,'Library General incharge'),(1461,'Library Books sequence manager'),(1464,'Library Books sequence manager'),(1467,'Library General incharge'),(1470,'Library Front-end technician'),(1473,'Library General incharge'),(1475,'Library Worker'),(1477,'Library Manager'),(1481,'Library Manager'),(1489,'Library Technician'),(1490,'Library Watchman'),(1495,'Library General incharge'),(1497,'Library Worker'),(1503,'Library Manager'),(1509,'Library Front-end technician'),(1523,'Library Technician'),(1524,'Library Entry Superviser'),(1525,'Library Front-end technician'),(1526,'Library Worker'),(1533,'Library Watchman'),(1540,'Library Worker'),(1543,'Library Entry Superviser'),(1550,'Library Manager'),(1551,'Library Manager'),(1566,'Library Technician'),(1572,'Library Entry Superviser'),(1573,'Library Worker'),(1574,'Library Worker'),(1575,'Library Worker'),(1576,'Library Books sequence manager'),(1584,'Library Manager'),(1586,'Library Technician'),(1595,'Library Manager'),(1597,'Library General incharge'),(1598,'Library Watchman'),(1600,'Library Front-end technician'),(1602,'Library Technician'),(1608,'Library Manager'),(1612,'Library Books sequence manager'),(1614,'Library Books sequence manager'),(1616,'Library Books sequence manager'),(1627,'Library Watchman'),(1632,'Library Worker'),(1633,'Library Books sequence manager'),(1634,'Library Watchman'),(1646,'Library Worker'),(1647,'Library Front-end technician'),(1655,'Library Worker'),(1656,'Library General incharge'),(1666,'Library Worker'),(1669,'Library Technician'),(1670,'Library Worker'),(1671,'Library General incharge'),(1675,'Library Technician'),(1678,'Library General incharge'),(1684,'Library Watchman'),(1686,'Library Front-end technician'),(1688,'Library Worker'),(1695,'Library Front-end technician'),(1700,'Library Worker'),(1709,'Library Entry Superviser'),(1715,'Library Technician'),(1716,'Library Watchman'),(1717,'Library General incharge'),(1718,'Library Books sequence manager'),(1723,'Library Entry Superviser'),(1733,'Library Manager'),(1744,'Library Worker'),(1746,'Library Front-end technician'),(1751,'Library Technician'),(1759,'Library Worker'),(1761,'Library Worker'),(1765,'Library General incharge'),(1767,'Library General incharge'),(1769,'Library Books sequence manager'),(1772,'Library Watchman'),(1773,'Library Watchman'),(1778,'Library Books sequence manager'),(1782,'Library Books sequence manager'),(1783,'Library Watchman'),(1787,'Library Worker'),(1789,'Library Watchman'),(1798,'Library Worker'),(1802,'Library Watchman'),(1804,'Library Worker'),(1806,'Library Worker'),(1811,'Library Technician'),(1814,'Library Watchman'),(1818,'Library Front-end technician'),(1829,'Library General incharge'),(1841,'Library Technician'),(1847,'Library Books sequence manager'),(1849,'Library Technician'),(1854,'Library Front-end technician'),(1858,'Library Technician'),(1863,'Library Manager'),(1866,'Library Entry Superviser'),(1867,'Library Front-end technician'),(1875,'Library Technician'),(1883,'Library Front-end technician'),(1884,'Library Entry Superviser'),(1885,'Library Worker'),(1886,'Library Technician'),(1891,'Library Front-end technician'),(1896,'Library Front-end technician'),(1897,'Library Worker'),(1907,'Library Technician'),(1908,'Library General incharge'),(1913,'Library Worker'),(1916,'Library Front-end technician'),(1919,'Library Front-end technician'),(1922,'Library Entry Superviser'),(1929,'Library Entry Superviser'),(1933,'Library Entry Superviser'),(1937,'Library Worker'),(1943,'Library General incharge'),(1944,'Library Watchman'),(1947,'Library Watchman'),(1948,'Library Technician'),(1950,'Library Technician'),(1953,'Library Worker'),(1960,'Library Manager'),(1963,'Library Watchman'),(1964,'Library Watchman'),(1965,'Library Books sequence manager'),(1971,'Library Manager'),(1972,'Library Front-end technician'),(1982,'Library Worker'),(1985,'Library Technician'),(1987,'Library Worker'),(1991,'Library Manager'),(1992,'Library Worker'),(1998,'Library Watchman'),(2000,'Library Worker'),(2005,'Library Entry Superviser'),(2009,'Library Front-end technician'),(2010,'Library Watchman'),(2013,'Library Books sequence manager'),(2016,'Library Technician'),(2026,'Library General incharge'),(2039,'Library General incharge'),(2041,'Library Worker'),(2046,'Library Technician'),(2051,'Library Watchman'),(2052,'Library Front-end technician'),(2055,'Library General incharge'),(2056,'Library Watchman'),(2059,'Library Worker'),(2071,'Library General incharge'),(2074,'Library Worker'),(2075,'Library Books sequence manager'),(2081,'Library Worker'),(2082,'Library Worker'),(2088,'Library Front-end technician'),(2090,'Library Manager'),(2092,'Library Books sequence manager'),(2097,'Library Technician'),(2098,'Library Front-end technician'),(2105,'Library Worker'),(2111,'Library Entry Superviser'),(2122,'Library Worker'),(2126,'Library Entry Superviser'),(2139,'Library Technician'),(2147,'Library Manager'),(2151,'Library Front-end technician'),(2168,'Library Worker'),(2177,'Library Technician'),(2179,'Library General incharge'),(2186,'Library General incharge'),(2188,'Library General incharge'),(2195,'Library Front-end technician'),(2201,'Library General incharge'),(2203,'Library Worker'),(2213,'Library Front-end technician'),(2220,'Library Manager'),(2224,'Library General incharge'),(2231,'Library Worker'),(2234,'Library Entry Superviser'),(2237,'Library Entry Superviser'),(2239,'Library Manager'),(2240,'Library Watchman'),(2245,'Library Manager'),(2252,'Library Technician'),(2258,'Library Manager'),(2279,'Library Entry Superviser'),(2282,'Library Entry Superviser'),(2286,'Library Books sequence manager'),(2290,'Library Front-end technician'),(2296,'Library Watchman'),(2299,'Library Entry Superviser'),(2300,'Library Front-end technician'),(2306,'Library Books sequence manager'),(2309,'Library General incharge'),(2310,'Library Entry Superviser'),(2313,'Library Front-end technician'),(2317,'Library Front-end technician'),(2320,'Library Worker'),(2321,'Library Manager'),(2322,'Library Technician'),(2323,'Library Manager'),(2329,'Library Watchman'),(2331,'Library Entry Superviser'),(2333,'Library Books sequence manager'),(2335,'Library Technician'),(2340,'Library Watchman'),(2345,'Library Front-end technician'),(2353,'Library Worker'),(2356,'Library Watchman'),(2357,'Library Books sequence manager'),(2365,'Library Books sequence manager'),(2369,'Library Worker'),(2370,'Library Worker'),(2384,'Library Worker'),(2386,'Library General incharge'),(2387,'Library Worker'),(2390,'Library Worker'),(2392,'Library Watchman'),(2394,'Library Entry Superviser'),(2396,'Library Worker'),(2404,'Library Books sequence manager'),(2407,'Library Front-end technician'),(2412,'Library Front-end technician'),(2423,'Library General incharge'),(2425,'Library Front-end technician'),(2432,'Library Worker'),(2434,'Library Worker'),(2436,'Library Books sequence manager'),(2440,'Library Worker'),(2442,'Library Watchman'),(2447,'Library Entry Superviser'),(2448,'Library Worker'),(2449,'Library Manager'),(2450,'Library Front-end technician'),(2453,'Library General incharge'),(2460,'Library Watchman'),(2462,'Library General incharge'),(2465,'Library Entry Superviser'),(2466,'Library Watchman'),(2468,'Library Technician'),(2485,'Library General incharge'),(2491,'Library General incharge'),(2496,'Library Books sequence manager'),(2499,'Library Books sequence manager'),(2500,'Library Entry Superviser'),(2501,'Library Technician'),(2504,'Library General incharge'),(2507,'Library Front-end technician'),(2513,'Library Worker'),(2526,'Library Watchman'),(2541,'Library Entry Superviser'),(2542,'Library Technician'),(2545,'Library Manager'),(2547,'Library Worker'),(2548,'Library Technician'),(2549,'Library General incharge'),(2554,'Library Worker'),(2556,'Library Worker'),(2560,'Library Worker'),(2570,'Library Front-end technician'),(2580,'Library Watchman'),(2583,'Library Front-end technician'),(2587,'Library Books sequence manager'),(2596,'Library Worker'),(2598,'Library Books sequence manager'),(2601,'Library Worker'),(2609,'Library Watchman'),(2610,'Library Worker'),(2617,'Library Worker'),(2622,'Library Books sequence manager'),(2629,'Library Technician'),(2636,'Library Worker'),(2638,'Library Watchman'),(2646,'Library Books sequence manager'),(2647,'Library General incharge'),(2648,'Library General incharge'),(2649,'Library Worker'),(2653,'Library Books sequence manager'),(2655,'Library Manager'),(2656,'Library Worker'),(2662,'Library Entry Superviser'),(2664,'Library Manager'),(2665,'Library General incharge'),(2671,'Library Watchman'),(2676,'Library Entry Superviser'),(2680,'Library Technician'),(2682,'Library Manager'),(2685,'Library Worker'),(2690,'Library Watchman'),(2692,'Library Technician'),(2695,'Library Technician'),(2696,'Library Front-end technician'),(2702,'Library Manager'),(2703,'Library Front-end technician'),(2705,'Library Entry Superviser'),(2706,'Library Watchman'),(2707,'Library Watchman'),(2711,'Library Technician'),(2713,'Library Worker'),(2715,'Library Books sequence manager'),(2717,'Library Worker'),(2722,'Library Worker'),(2723,'Library Worker'),(2739,'Library Worker'),(2740,'Library Manager'),(2742,'Library Technician'),(2766,'Library Watchman'),(2770,'Library Watchman'),(2775,'Library Manager'),(2776,'Library Entry Superviser'),(2781,'Library Books sequence manager'),(2783,'Library Books sequence manager'),(2787,'Library Worker'),(2791,'Library Technician'),(2796,'Library Books sequence manager'),(2807,'Library General incharge'),(2811,'Library Entry Superviser'),(2812,'Library Front-end technician'),(2813,'Library General incharge'),(2814,'Library Watchman'),(2820,'Library Books sequence manager'),(2823,'Library Watchman'),(2824,'Library Worker'),(2832,'Library Technician'),(2834,'Library Front-end technician'),(2842,'Library Front-end technician'),(2844,'Library Front-end technician'),(2851,'Library Books sequence manager'),(2852,'Library Technician'),(2859,'Library Watchman'),(2863,'Library General incharge'),(2887,'Library Worker'),(2891,'Library Entry Superviser'),(2895,'Library Entry Superviser'),(2896,'Library Worker'),(2898,'Library Watchman'),(2900,'Library General incharge'),(2901,'Library Watchman'),(2902,'Library Books sequence manager'),(2906,'Library Books sequence manager'),(2912,'Library Worker'),(2915,'Library General incharge'),(2925,'Library Worker'),(2928,'Library Entry Superviser'),(2931,'Library Watchman'),(2940,'Library Entry Superviser'),(2942,'Library Watchman'),(2946,'Library General incharge'),(2947,'Library Front-end technician'),(2949,'Library Books sequence manager'),(2955,'Library Watchman'),(2962,'Library Worker'),(2989,'Library Books sequence manager'),(2992,'Library Worker'),(2994,'Library Worker'),(2999,'Library Worker'),(3000,'Library General incharge'),(3002,'Library Front-end technician'),(3005,'Library General incharge'),(3008,'Library Books sequence manager'),(3014,'Library General incharge'),(3022,'Library Worker'),(3025,'Library Worker'),(3030,'Library Watchman'),(3035,'Library Worker'),(3040,'Library Front-end technician'),(3047,'Library Manager'),(3048,'Library General incharge'),(3052,'Library Front-end technician'),(3055,'Library Front-end technician'),(3059,'Library Books sequence manager'),(3062,'Library Entry Superviser'),(3064,'Library Entry Superviser'),(3067,'Library Worker'),(3069,'Library Books sequence manager'),(3073,'Library Worker'),(3074,'Library Worker'),(3075,'Library Entry Superviser'),(3080,'Library General incharge'),(3087,'Library Technician'),(3093,'Library Books sequence manager'),(3094,'Library General incharge'),(3104,'Library Books sequence manager'),(3112,'Library Front-end technician'),(3117,'Library Entry Superviser'),(3120,'Library Manager'),(3128,'Library Books sequence manager'),(3131,'Library Worker'),(3136,'Library Worker'),(3141,'Library Watchman'),(3154,'Library Watchman'),(3157,'Library Worker'),(3161,'Library Worker'),(3162,'Library Manager'),(3164,'Library Books sequence manager'),(3166,'Library Worker'),(3176,'Library Worker'),(3197,'Library Entry Superviser'),(3200,'Library Worker'),(3205,'Library General incharge'),(3206,'Library Technician'),(3209,'Library Front-end technician'),(3210,'Library General incharge'),(3216,'Library Books sequence manager'),(3218,'Library Worker'),(3230,'Library Technician'),(3231,'Library Worker'),(3232,'Library Books sequence manager'),(3234,'Library General incharge'),(3239,'Library Worker'),(3241,'Library General incharge'),(3242,'Library Front-end technician'),(3243,'Library Worker'),(3245,'Library Manager'),(3246,'Library Front-end technician'),(3251,'Library Manager'),(3252,'Library Books sequence manager'),(3255,'Library General incharge'),(3259,'Library Watchman'),(3264,'Library Worker'),(3265,'Library General incharge'),(3276,'Library Watchman'),(3277,'Library Technician'),(3286,'Library General incharge'),(3290,'Library Watchman'),(3295,'Library Watchman'),(3296,'Library Watchman'),(3298,'Library Books sequence manager'),(3307,'Library Front-end technician'),(3309,'Library Watchman'),(3310,'Library General incharge'),(3314,'Library Worker'),(3330,'Library Worker'),(3333,'Library Books sequence manager'),(3338,'Library Books sequence manager'),(3345,'Library General incharge'),(3358,'Library Front-end technician'),(3359,'Library Worker'),(3364,'Library General incharge'),(3368,'Library Books sequence manager'),(3371,'Library Entry Superviser'),(3376,'Library Manager'),(3377,'Library General incharge'),(3383,'Library Worker'),(3384,'Library Front-end technician'),(3386,'Library Manager'),(3390,'Library Entry Superviser'),(3394,'Library Watchman'),(3398,'Library General incharge'),(3401,'Library Manager'),(3402,'Library Manager'),(3404,'Library Watchman'),(3410,'Library Technician'),(3420,'Library Front-end technician'),(3426,'Library Books sequence manager'),(3427,'Library General incharge'),(3431,'Library General incharge'),(3435,'Library Manager'),(3438,'Library Manager'),(3443,'Library Technician'),(3455,'Library Manager'),(3461,'Library Entry Superviser'),(3468,'Library Manager'),(3475,'Library Worker'),(3476,'Library Manager'),(3479,'Library Worker'),(3481,'Library Front-end technician'),(3487,'Library Manager'),(3492,'Library Books sequence manager'),(3495,'Library Entry Superviser'),(3499,'Library Manager'),(3500,'Library Front-end technician'),(3501,'Library Worker'),(3503,'Library Watchman'),(3506,'Library General incharge'),(3509,'Library Worker'),(3512,'Library Entry Superviser'),(3515,'Library Worker'),(3516,'Library Manager'),(3518,'Library Worker'),(3520,'Library Entry Superviser'),(3521,'Library Worker'),(3524,'Library Technician'),(3527,'Library Books sequence manager'),(3529,'Library Watchman'),(3535,'Library Worker'),(3536,'Library Worker'),(3537,'Library Manager'),(3538,'Library Front-end technician'),(3540,'Library Books sequence manager'),(3542,'Library Worker'),(3543,'Library Entry Superviser'),(3553,'Library Manager'),(3557,'Library Technician'),(3558,'Library Technician'),(3559,'Library Manager'),(3564,'Library Manager'),(3566,'Library Technician'),(3568,'Library General incharge'),(3571,'Library Worker'),(3574,'Library Technician'),(3576,'Library Manager'),(3578,'Library Worker'),(3580,'Library Watchman'),(3591,'Library Entry Superviser'),(3596,'Library Books sequence manager'),(3597,'Library Worker'),(3598,'Library Entry Superviser'),(3601,'Library Books sequence manager'),(3602,'Library Manager'),(3603,'Library General incharge'),(3613,'Library Worker'),(3614,'Library Entry Superviser'),(3616,'Library Manager'),(3617,'Library Books sequence manager'),(3619,'Library General incharge'),(3636,'Library Worker'),(3638,'Library Worker'),(3651,'Library Worker'),(3652,'Library General incharge'),(3657,'Library Entry Superviser'),(3677,'Library General incharge'),(3680,'Library Worker'),(3682,'Library Manager'),(3683,'Library Entry Superviser'),(3689,'Library Technician'),(3696,'Library Worker'),(3711,'Library General incharge'),(3726,'Library Entry Superviser'),(3727,'Library Books sequence manager'),(3731,'Library Worker'),(3741,'Library Entry Superviser'),(3745,'Library Worker'),(3746,'Library Worker'),(3748,'Library Front-end technician'),(3749,'Library Watchman'),(3759,'Library General incharge'),(3764,'Library Entry Superviser'),(3767,'Library Front-end technician'),(3770,'Library General incharge'),(3775,'Library General incharge'),(3778,'Library Worker'),(3782,'Library Watchman'),(3783,'Library Watchman'),(3785,'Library Books sequence manager'),(3788,'Library Worker'),(3792,'Library General incharge'),(3793,'Library Technician'),(3794,'Library Watchman'),(3795,'Library General incharge'),(3798,'Library Front-end technician'),(3817,'Library Entry Superviser'),(3818,'Library Technician'),(3829,'Library Front-end technician'),(3830,'Library General incharge'),(3844,'Library Worker'),(3852,'Library Worker'),(3853,'Library Worker'),(3857,'Library Books sequence manager'),(3865,'Library Worker'),(3870,'Library Worker'),(3876,'Library General incharge'),(3899,'Library Technician'),(3901,'Library Entry Superviser'),(3903,'Library General incharge'),(3904,'Library Worker'),(3906,'Library Technician'),(3912,'Library General incharge'),(3919,'Library Books sequence manager'),(3926,'Library Watchman'),(3937,'Library Entry Superviser'),(3943,'Library Watchman'),(3944,'Library General incharge'),(3947,'Library Worker'),(3948,'Library Technician'),(3961,'Library Entry Superviser'),(3964,'Library Front-end technician'),(3965,'Library General incharge'),(3967,'Library Technician'),(3969,'Library Entry Superviser'),(3970,'Library Manager'),(3976,'Library Technician'),(3980,'Library Worker'),(3982,'Library Books sequence manager'),(3995,'Library Manager'),(4000,'Library Technician'),(4001,'Library Books sequence manager'),(4003,'Library Entry Superviser'),(4014,'Library Manager'),(4015,'Library Technician'),(4016,'Library Entry Superviser'),(4019,'Library Worker'),(4033,'Library Worker'),(4042,'Library Worker'),(4043,'Library Books sequence manager'),(4047,'Library Worker'),(4066,'Library General incharge'),(4067,'Library Worker'),(4072,'Library Technician'),(4073,'Library Worker'),(4083,'Library Watchman'),(4086,'Library Worker'),(4087,'Library Worker'),(4090,'Library Watchman'),(4091,'Library Books sequence manager'),(4093,'Library General incharge'),(4099,'Library Entry Superviser'),(4100,'Library Books sequence manager'),(4105,'Library Books sequence manager'),(4107,'Library Books sequence manager'),(4112,'Library General incharge'),(4118,'Library Technician'),(4119,'Library Worker'),(4123,'Library Entry Superviser'),(4125,'Library Books sequence manager'),(4126,'Library Worker'),(4129,'Library Technician'),(4163,'Library Books sequence manager'),(4170,'Library General incharge'),(4175,'Library General incharge'),(4176,'Library Front-end technician'),(4186,'Library Worker'),(4190,'Library Books sequence manager'),(4195,'Library General incharge'),(4197,'Library Entry Superviser'),(4198,'Library General incharge'),(4199,'Library Entry Superviser'),(4200,'Library Manager'),(4202,'Library Technician'),(4209,'Library Entry Superviser'),(4212,'Library Watchman'),(4213,'Library Manager'),(4216,'Library Watchman'),(4219,'Library Worker'),(4220,'Library General incharge'),(4223,'Library Watchman'),(4226,'Library Entry Superviser'),(4228,'Library Worker'),(4236,'Library Entry Superviser'),(4247,'Library Worker'),(4251,'Library Manager'),(4254,'Library Front-end technician'),(4260,'Library Front-end technician'),(4266,'Library General incharge'),(4270,'Library Watchman'),(4273,'Library Front-end technician'),(4275,'Library Entry Superviser'),(4276,'Library Watchman'),(4279,'Library Watchman'),(4284,'Library Worker'),(4294,'Library Entry Superviser'),(4301,'Library Technician'),(4303,'Library General incharge'),(4308,'Library Entry Superviser'),(4313,'Library Worker'),(4316,'Library Technician'),(4320,'Library Entry Superviser'),(4322,'Library General incharge'),(4325,'Library Manager'),(4326,'Library Books sequence manager'),(4332,'Library Front-end technician'),(4334,'Library General incharge'),(4336,'Library Entry Superviser'),(4339,'Library Manager'),(4343,'Library Worker'),(4345,'Library Manager'),(4355,'Library Front-end technician'),(4366,'Library Manager'),(4367,'Library Technician'),(4368,'Library Worker'),(4382,'Library Manager'),(4388,'Library Manager'),(4395,'Library Technician'),(4398,'Library Entry Superviser'),(4404,'Library General incharge'),(4408,'Library Entry Superviser'),(4411,'Library General incharge'),(4414,'Library Technician'),(4422,'Library Manager'),(4429,'Library Entry Superviser'),(4431,'Library Manager'),(4432,'Library Watchman'),(4437,'Library Entry Superviser'),(4443,'Library Front-end technician'),(4445,'Library Manager'),(4451,'Library Books sequence manager'),(4459,'Library General incharge'),(4468,'Library Front-end technician'),(4469,'Library General incharge'),(4470,'Library General incharge'),(4490,'Library Watchman'),(4497,'Library Watchman'),(4503,'Library Worker'),(4504,'Library Worker'),(4508,'Library General incharge'),(4510,'Library Technician'),(4516,'Library Worker'),(4517,'Library Books sequence manager'),(4523,'Library Technician'),(4527,'Library Worker'),(4529,'Library General incharge'),(4531,'Library Front-end technician'),(4532,'Library Watchman'),(4536,'Library Technician'),(4538,'Library Front-end technician'),(4540,'Library Entry Superviser'),(4542,'Library Watchman'),(4548,'Library Worker'),(4552,'Library Worker'),(4554,'Library Front-end technician'),(4558,'Library Books sequence manager'),(4560,'Library Entry Superviser'),(4561,'Library Technician'),(4566,'Library Entry Superviser'),(4567,'Library Front-end technician'),(4569,'Library General incharge'),(4572,'Library Worker'),(4577,'Library Entry Superviser'),(4583,'Library Entry Superviser'),(4585,'Library General incharge'),(4588,'Library Books sequence manager'),(4590,'Library Entry Superviser'),(4591,'Library Technician'),(4594,'Library Technician'),(4597,'Library Worker'),(4600,'Library General incharge'),(4617,'Library Front-end technician'),(4619,'Library Manager'),(4623,'Library Worker'),(4628,'Library Watchman'),(4632,'Library Manager'),(4636,'Library Worker'),(4641,'Library Worker'),(4642,'Library Worker'),(4647,'Library Books sequence manager'),(4648,'Library General incharge'),(4650,'Library Front-end technician'),(4652,'Library Entry Superviser'),(4657,'Library Entry Superviser'),(4671,'Library Watchman'),(4677,'Library Watchman'),(4686,'Library Worker'),(4689,'Library General incharge'),(4691,'Library Worker'),(4694,'Library Entry Superviser'),(4702,'Library General incharge'),(4704,'Library Technician'),(4707,'Library Watchman'),(4710,'Library Manager'),(4716,'Library Front-end technician'),(4717,'Library General incharge'),(4720,'Library Watchman'),(4727,'Library Technician'),(4729,'Library Worker'),(4733,'Library Books sequence manager'),(4735,'Library Worker'),(4737,'Library Watchman'),(4738,'Library General incharge'),(4741,'Library Technician'),(4743,'Library Front-end technician'),(4750,'Library General incharge'),(4751,'Library General incharge'),(4752,'Library Technician'),(4753,'Library Books sequence manager'),(4754,'Library Technician'),(4756,'Library General incharge'),(4760,'Library Front-end technician'),(4770,'Library Entry Superviser'),(4771,'Library Front-end technician'),(4776,'Library General incharge'),(4780,'Library Books sequence manager'),(4789,'Library Worker'),(4791,'Library General incharge'),(4793,'Library Manager'),(4798,'Library Worker'),(4803,'Library Worker'),(4805,'Library Entry Superviser'),(4816,'Library Watchman'),(4824,'Library General incharge'),(4825,'Library Technician'),(4827,'Library Entry Superviser'),(4828,'Library Watchman'),(4831,'Library Worker'),(4834,'Library General incharge'),(4837,'Library General incharge'),(4842,'Library Books sequence manager'),(4845,'Library Worker'),(4848,'Library General incharge'),(4856,'Library Front-end technician'),(4858,'Library Manager'),(4859,'Library Books sequence manager'),(4860,'Library Front-end technician'),(4866,'Library Technician'),(4870,'Library Manager'),(4884,'Library Manager'),(4886,'Library Technician'),(4899,'Library Watchman'),(4907,'Library Front-end technician'),(4910,'Library Front-end technician'),(4919,'Library Watchman'),(4922,'Library Manager'),(4924,'Library Worker'),(4925,'Library Watchman'),(4937,'Library Worker'),(4949,'Library Manager'),(4953,'Library Books sequence manager'),(4955,'Library Manager'),(4956,'Library Watchman'),(4963,'Library General incharge'),(4966,'Library Manager'),(4972,'Library Worker'),(4992,'Library General incharge'),(4993,'Library Entry Superviser'),(4994,'Library General incharge'),(4996,'Library Worker'),(5001,'Library General incharge'),(5007,'Library Worker'),(5009,'Library Front-end technician'),(5015,'Library Front-end technician'),(5021,'Library Front-end technician'),(5033,'Library Technician'),(5034,'Library General incharge'),(5043,'Library Worker'),(5046,'Library Manager'),(5057,'Library Worker'),(5058,'Library General incharge'),(5060,'Library Technician'),(5061,'Library Worker'),(5063,'Library Watchman'),(5067,'Library Worker'),(5069,'Library Watchman'),(5081,'Library Manager'),(5085,'Library Technician'),(5090,'Library General incharge'),(5091,'Library Entry Superviser'),(5093,'Library General incharge'),(5096,'Library Watchman'),(5110,'Library Front-end technician'),(5113,'Library Worker'),(5117,'Library Worker'),(5126,'Library Worker'),(5129,'Library Manager'),(5147,'Library Manager'),(5148,'Library General incharge'),(5150,'Library General incharge'),(5151,'Library Worker'),(5155,'Library Books sequence manager'),(5158,'Library Technician'),(5159,'Library Watchman'),(5162,'Library General incharge'),(5171,'Library Watchman'),(5174,'Library General incharge'),(5182,'Library Watchman'),(5183,'Library Books sequence manager'),(5185,'Library Worker'),(5188,'Library Worker'),(5190,'Library Books sequence manager'),(5204,'Library Technician'),(5208,'Library Watchman'),(5212,'Library Worker'),(5216,'Library Watchman'),(5220,'Library Books sequence manager'),(5221,'Library Technician'),(5228,'Library Watchman'),(5233,'Library Entry Superviser'),(5240,'Library Manager'),(5243,'Library Manager'),(5246,'Library Manager'),(5248,'Library Technician'),(5252,'Library Books sequence manager'),(5267,'Library Manager'),(5272,'Library Entry Superviser'),(5278,'Library Entry Superviser'),(5285,'Library Manager'),(5286,'Library Worker'),(5307,'Library Watchman'),(5313,'Library Worker'),(5316,'Library Front-end technician'),(5322,'Library Technician'),(5332,'Library General incharge'),(5336,'Library Worker'),(5340,'Library Books sequence manager'),(5342,'Library Manager'),(5351,'Library Manager'),(5355,'Library Manager'),(5356,'Library Books sequence manager'),(5357,'Library Manager'),(5358,'Library Technician'),(5365,'Library Watchman'),(5368,'Library Books sequence manager'),(5372,'Library Worker'),(5378,'Library Manager'),(5380,'Library Front-end technician'),(5389,'Library Worker'),(5390,'Library Watchman'),(5395,'Library Technician'),(5396,'Library Watchman'),(5407,'Library Front-end technician'),(5409,'Library General incharge'),(5410,'Library Manager'),(5419,'Library General incharge'),(5422,'Library General incharge'),(5424,'Library Technician'),(5426,'Library Watchman'),(5431,'Library Technician'),(5441,'Library Worker'),(5443,'Library Worker'),(5447,'Library Worker'),(5448,'Library General incharge'),(5450,'Library Front-end technician'),(5451,'Library Entry Superviser'),(5453,'Library Books sequence manager'),(5458,'Library Watchman'),(5470,'Library Books sequence manager'),(5474,'Library Technician'),(5476,'Library Manager'),(5486,'Library Books sequence manager'),(5487,'Library Manager'),(5489,'Library General incharge'),(5490,'Library Worker'),(5496,'Library General incharge'),(5502,'Library Manager'),(5507,'Library Front-end technician'),(5514,'Library Watchman'),(5522,'Library General incharge'),(5543,'Watchman'),(5545,'Finance Accountant'),(5553,'Election Commissioner'),(5565,'Watchman'),(5578,'Watchman'),(5579,'General Technician'),(5580,'Finance Accountant'),(5583,'SA Officer'),(5589,'SA Officer'),(5593,'Finance Accountant'),(5594,'Finance Accountant'),(5610,'Watchman'),(5612,'Hostel Manager'),(5615,'Hostel Manager'),(5618,'Hostel Incharge'),(5620,'Election Commissioner'),(5626,'Caretaker'),(5629,'Watchman'),(5640,'Caretaker'),(5649,'Caretaker'),(5650,'Query Office incharge'),(5653,'General Technician'),(5654,'General Technician'),(5655,'Query Office incharge'),(5659,'Watchman'),(5664,'Watchman'),(5671,'Election Commissioner'),(5674,'Election Commissioner'),(5676,'SA Officer'),(5677,'General Technician'),(5678,'Hostel Manager'),(5681,'Election Commissioner'),(5682,'General Technician'),(5689,'Watchman'),(5698,'Election Commissioner'),(5703,'Watchman'),(5715,'Caretaker'),(5718,'Caretaker'),(5720,'Hostel Incharge'),(5724,'SA Officer'),(5739,'Query Office incharge'),(5747,'Election Commissioner'),(5753,'Finance Accountant'),(5754,'Finance Accountant'),(5755,'General Technician'),(5756,'Watchman'),(5762,'Watchman'),(5770,'Hostel Incharge'),(5772,'Query Office incharge'),(5775,'Watchman'),(5784,'General Technician'),(5788,'Query Office incharge'),(5789,'General Technician'),(5790,'Watchman'),(5796,'Election Commissioner'),(5797,'Query Office incharge'),(5798,'Watchman'),(5801,'Hostel Manager'),(5805,'General Technician'),(5807,'Caretaker'),(5808,'Finance Accountant'),(5811,'Election Commissioner'),(5821,'Finance Accountant'),(5822,'Caretaker'),(5823,'Hostel Incharge'),(5827,'Election Commissioner'),(5848,'Query Office incharge'),(5850,'Hostel Manager'),(5852,'Caretaker'),(5860,'SA Officer'),(5863,'General Technician'),(5867,'Query Office incharge'),(5869,'Election Commissioner'),(5872,'Hostel Manager'),(5874,'Caretaker'),(5876,'Query Office incharge'),(5883,'Caretaker'),(5884,'Election Commissioner'),(5887,'Election Commissioner'),(5894,'Hostel Incharge'),(5896,'Hostel Incharge'),(5897,'Election Commissioner'),(5900,'Query Office incharge'),(5906,'Finance Accountant'),(5911,'General Technician'),(5917,'Finance Accountant'),(5919,'Finance Accountant'),(5930,'Watchman'),(5931,'Hostel Incharge'),(5938,'Query Office incharge'),(5942,'Caretaker'),(5947,'General Technician'),(5957,'Finance Accountant'),(5960,'General Technician'),(5963,'General Technician'),(5973,'Election Commissioner'),(5978,'General Technician'),(5983,'General Technician'),(6006,'General Technician'),(6011,'Election Commissioner'),(6012,'Hostel Incharge'),(6016,'Watchman'),(6020,'Election Commissioner'),(6023,'Hostel Manager'),(6024,'Query Office incharge'),(6035,'SA Officer'),(6037,'Hostel Incharge'),(6041,'SA Officer'),(6042,'Query Office incharge'),(6043,'Query Office incharge'),(6048,'Election Commissioner'),(6053,'Caretaker'),(6058,'Query Office incharge'),(6063,'Query Office incharge'),(6067,'Hostel Incharge'),(6073,'General Technician'),(6074,'Hostel Incharge'),(6075,'Query Office incharge'),(6083,'Election Commissioner'),(6088,'Caretaker'),(6092,'Finance Accountant'),(6095,'Query Office incharge'),(6099,'Query Office incharge'),(6115,'Finance Accountant'),(6132,'Hostel Incharge'),(6133,'SA Officer'),(6134,'General Technician'),(6141,'Election Commissioner'),(6142,'Hostel Incharge'),(6151,'Hostel Incharge'),(6152,'Caretaker'),(6157,'Query Office incharge'),(6159,'Caretaker'),(6168,'Election Commissioner'),(6169,'Query Office incharge'),(6176,'Caretaker'),(6188,'General Technician'),(6193,'Hostel Manager'),(6198,'SA Officer'),(6200,'General Technician'),(6204,'General Technician'),(6206,'Election Commissioner'),(6214,'SA Officer'),(6216,'Watchman'),(6220,'SA Officer'),(6229,'Finance Accountant'),(6232,'Query Office incharge'),(6239,'Finance Accountant'),(6244,'Hostel Incharge'),(6249,'Hostel Incharge'),(6253,'SA Officer'),(6257,'Hostel Manager'),(6261,'Hostel Incharge'),(6267,'Watchman'),(6270,'Finance Accountant'),(6271,'Caretaker'),(6277,'Finance Accountant'),(6280,'Watchman'),(6292,'Election Commissioner'),(6293,'Hostel Incharge'),(6295,'Hostel Manager'),(6303,'Caretaker'),(6309,'Hostel Manager'),(6313,'Caretaker'),(6315,'Election Commissioner'),(6322,'Hostel Manager'),(6327,'Finance Accountant'),(6329,'Finance Accountant'),(6335,'Finance Accountant'),(6338,'General Technician'),(6356,'Hostel Manager'),(6364,'Hostel Manager'),(6365,'SA Officer'),(6383,'Hostel Incharge'),(6385,'Query Office incharge'),(6395,'Hostel Incharge'),(6396,'Election Commissioner'),(6401,'Query Office incharge'),(6402,'Hostel Manager'),(6410,'Election Commissioner'),(6411,'Hostel Manager'),(6416,'General Technician'),(6419,'Hostel Incharge'),(6420,'Hostel Manager'),(6428,'Hostel Manager'),(6429,'Hostel Incharge'),(6431,'Hostel Manager'),(6436,'SA Officer'),(6452,'Caretaker'),(6461,'Query Office incharge'),(6465,'Election Commissioner'),(6466,'Watchman'),(6471,'Caretaker'),(6473,'Election Commissioner'),(6478,'Watchman'),(6479,'Hostel Incharge'),(6481,'Hostel Manager'),(6486,'General Technician'),(6493,'Hostel Incharge'),(6501,'Caretaker'),(6503,'Hostel Manager'),(6504,'Caretaker'),(6522,'Finance Accountant'),(6527,'Finance Accountant'),(6529,'Watchman'),(6534,'Hostel Manager'),(6536,'Query Office incharge'),(6540,'Caretaker'),(6547,'Caretaker'),(6549,'Hostel Manager'),(6552,'General Technician'),(6560,'General Technician'),(6562,'Caretaker'),(6569,'Watchman'),(6571,'Election Commissioner'),(6576,'Hostel Incharge'),(6579,'Election Commissioner'),(6582,'Hostel Manager'),(6589,'Hostel Incharge'),(6590,'Watchman'),(6599,'Hostel Manager'),(6600,'Watchman'),(6606,'Hostel Incharge'),(6608,'General Technician'),(6612,'Hostel Incharge'),(6621,'Caretaker'),(6622,'SA Officer'),(6625,'Watchman'),(6626,'Hostel Manager'),(6630,'Election Commissioner'),(6637,'SA Officer'),(6641,'Election Commissioner'),(6644,'General Technician'),(6660,'Caretaker'),(6664,'Election Commissioner'),(6669,'Finance Accountant'),(6673,'SA Officer'),(6674,'Election Commissioner'),(6685,'Hostel Manager'),(6687,'Caretaker'),(6694,'Watchman'),(6699,'Hostel Incharge'),(6704,'Hostel Incharge'),(6709,'SA Officer'),(6711,'Election Commissioner'),(6726,'Query Office incharge'),(6729,'Election Commissioner'),(6731,'Election Commissioner'),(6735,'Caretaker'),(6736,'Query Office incharge'),(6739,'Finance Accountant'),(6743,'Query Office incharge'),(6746,'Watchman'),(6752,'SA Officer'),(6754,'Watchman'),(6756,'Election Commissioner'),(6766,'SA Officer'),(6773,'Finance Accountant'),(6774,'SA Officer'),(6777,'SA Officer'),(6780,'General Technician'),(6782,'Query Office incharge'),(6784,'Caretaker'),(6789,'Hostel Incharge'),(6792,'Watchman'),(6793,'Query Office incharge'),(6794,'Hostel Manager'),(6796,'General Technician'),(6801,'Caretaker'),(6804,'Election Commissioner'),(6808,'Watchman'),(6814,'Election Commissioner'),(6821,'Election Commissioner'),(6826,'General Technician'),(6828,'Query Office incharge'),(6831,'General Technician'),(6838,'SA Officer'),(6853,'Hostel Incharge'),(6854,'Caretaker'),(6857,'Hostel Manager'),(6859,'General Technician'),(6866,'SA Officer'),(6869,'Election Commissioner'),(6871,'General Technician'),(6873,'General Technician'),(6874,'General Technician'),(6876,'Caretaker'),(6880,'General Technician'),(6881,'General Technician'),(6884,'Finance Accountant'),(6892,'SA Officer'),(6895,'Election Commissioner'),(6898,'General Technician'),(6911,'Election Commissioner'),(6919,'Finance Accountant'),(6923,'Election Commissioner'),(6926,'Watchman'),(6932,'Election Commissioner'),(6935,'Query Office incharge'),(6936,'Watchman'),(6937,'Caretaker'),(6938,'Hostel Incharge'),(6940,'Election Commissioner'),(6951,'Watchman'),(6954,'Finance Accountant'),(6961,'Watchman'),(6973,'Hostel Manager'),(6974,'Query Office incharge'),(6982,'Hostel Incharge'),(6984,'General Technician'),(6990,'Caretaker'),(6992,'SA Officer'),(6995,'Hostel Manager'),(6998,'Hostel Manager'),(7001,'Watchman'),(7002,'General Technician'),(7003,'Hostel Manager'),(7004,'Hostel Manager'),(7013,'Query Office incharge'),(7014,'Finance Accountant'),(7015,'Query Office incharge'),(7019,'Election Commissioner'),(7032,'Hostel Manager'),(7033,'Hostel Manager'),(7037,'Query Office incharge'),(7042,'Watchman'),(7054,'Election Commissioner'),(7056,'Hostel Incharge'),(7057,'Election Commissioner'),(7058,'SA Officer'),(7060,'Watchman'),(7075,'SA Officer'),(7078,'Election Commissioner'),(7079,'Election Commissioner'),(7080,'Query Office incharge'),(7084,'Caretaker'),(7087,'Query Office incharge'),(7089,'Watchman'),(7098,'Election Commissioner'),(7101,'SA Officer'),(7102,'Caretaker'),(7120,'Query Office incharge'),(7125,'SA Officer'),(7138,'Hostel Incharge'),(7140,'SA Officer'),(7142,'Caretaker'),(7144,'Hostel Manager'),(7152,'Election Commissioner'),(7160,'General Technician'),(7164,'Election Commissioner'),(7165,'Watchman'),(7173,'Watchman'),(7175,'Caretaker'),(7180,'General Technician'),(7183,'Election Commissioner'),(7189,'General Technician'),(7190,'Hostel Incharge'),(7194,'Query Office incharge'),(7197,'Watchman'),(7202,'Hostel Manager'),(7205,'Finance Accountant'),(7209,'Election Commissioner'),(7211,'SA Officer'),(7221,'Hostel Manager'),(7223,'Hostel Manager'),(7224,'Hostel Incharge'),(7231,'Hostel Manager'),(7250,'General Technician'),(7256,'SA Officer'),(7261,'General Technician'),(7263,'Caretaker'),(7264,'General Technician'),(7269,'General Technician'),(7286,'SA Officer'),(7288,'Caretaker'),(7291,'Hostel Incharge'),(7297,'Query Office incharge'),(7298,'Election Commissioner'),(7308,'General Technician'),(7315,'SA Officer'),(7318,'Query Office incharge'),(7319,'Query Office incharge'),(7322,'Query Office incharge'),(7324,'Query Office incharge'),(7325,'Hostel Incharge'),(7330,'Hostel Incharge'),(7331,'Watchman'),(7339,'General Technician'),(7345,'Hostel Incharge'),(7352,'Caretaker'),(7357,'Watchman'),(7361,'Watchman'),(7362,'Hostel Incharge'),(7363,'SA Officer'),(7364,'Caretaker'),(7365,'Query Office incharge'),(7366,'General Technician'),(7367,'General Technician'),(7375,'Hostel Manager'),(7387,'Query Office incharge'),(7397,'Election Commissioner'),(7401,'Hostel Incharge'),(7409,'Caretaker'),(7418,'SA Officer'),(7421,'SA Officer'),(7425,'Election Commissioner'),(7430,'Caretaker'),(7432,'Caretaker'),(7436,'Watchman'),(7449,'Finance Accountant'),(7451,'SA Officer'),(7452,'Hostel Incharge'),(7454,'Caretaker'),(7456,'SA Officer'),(7458,'Query Office incharge'),(7465,'General Technician'),(7469,'General Technician'),(7470,'Finance Accountant'),(7473,'SA Officer'),(7476,'Hostel Incharge'),(7477,'Hostel Incharge'),(7483,'Hostel Incharge'),(7484,'Hostel Manager'),(7495,'Election Commissioner'),(7496,'SA Officer'),(7506,'Finance Accountant'),(7510,'Hostel Incharge'),(7511,'Watchman'),(7514,'Election Commissioner'),(7518,'Finance Accountant'),(7519,'Hostel Incharge'),(7521,'Caretaker'),(7528,'Finance Accountant'),(7529,'Finance Accountant'),(7540,'Finance Accountant'),(7541,'Caretaker'),(7547,'Hostel Incharge'),(7548,'General Technician'),(7554,'Hostel Incharge'),(7556,'General Technician'),(7567,'Election Commissioner'),(7570,'SA Officer'),(7574,'Watchman'),(7583,'Hostel Incharge'),(7585,'Caretaker'),(7587,'Election Commissioner'),(7591,'Hostel Incharge'),(7597,'Hostel Incharge'),(7600,'Caretaker'),(7603,'SA Officer'),(7608,'Finance Accountant'),(7612,'General Technician'),(7616,'Finance Accountant'),(7618,'Finance Accountant'),(7621,'Finance Accountant'),(7622,'Caretaker'),(7627,'Election Commissioner'),(7632,'SA Officer'),(7633,'Election Commissioner'),(7634,'SA Officer'),(7635,'Election Commissioner'),(7636,'Hostel Manager'),(7637,'Caretaker'),(7643,'Watchman'),(7650,'Query Office incharge'),(7651,'Watchman'),(7672,'Election Commissioner'),(7673,'Watchman'),(7684,'Watchman'),(7685,'SA Officer'),(7688,'Finance Accountant'),(7696,'SA Officer'),(7699,'Finance Accountant'),(7701,'General Technician'),(7702,'Query Office incharge'),(7703,'General Technician'),(7708,'Election Commissioner'),(7714,'SA Officer'),(7715,'Election Commissioner'),(7718,'Finance Accountant'),(7720,'General Technician'),(7725,'Query Office incharge'),(7727,'Hostel Manager'),(7729,'Query Office incharge'),(7732,'General Technician'),(7749,'Finance Accountant'),(7750,'Watchman'),(7753,'Query Office incharge'),(7754,'Hostel Manager'),(7756,'SA Officer'),(7765,'Hostel Incharge'),(7768,'Watchman'),(7769,'SA Officer'),(7772,'Hostel Incharge'),(7773,'Watchman'),(7780,'Watchman'),(7783,'Caretaker'),(7784,'Finance Accountant'),(7788,'Hostel Manager'),(7791,'Query Office incharge'),(7796,'Watchman'),(7798,'SA Officer'),(7802,'General Technician'),(7804,'Watchman'),(7808,'Hostel Manager'),(7811,'SA Officer'),(7815,'Watchman'),(7816,'Watchman'),(7823,'Finance Accountant'),(7824,'Query Office incharge'),(7826,'SA Officer'),(7828,'Caretaker'),(7835,'Watchman'),(7847,'Caretaker'),(7849,'Election Commissioner'),(7852,'Hostel Manager'),(7858,'General Technician'),(7859,'SA Officer'),(7860,'Finance Accountant'),(7867,'Query Office incharge'),(7874,'General Technician'),(7886,'Hostel Incharge'),(7895,'Watchman'),(7899,'Caretaker'),(7905,'Caretaker'),(7917,'General Technician'),(7932,'Hostel Incharge'),(7935,'Hostel Incharge'),(7949,'General Technician'),(7950,'Finance Accountant'),(7955,'Watchman'),(7958,'SA Officer'),(7962,'Caretaker'),(7970,'Hostel Manager'),(7972,'Watchman'),(7979,'General Technician'),(7982,'Hostel Incharge'),(7984,'Query Office incharge'),(7985,'Hostel Incharge'),(7986,'Hostel Manager'),(7992,'Query Office incharge'),(7993,'SA Officer'),(8002,'Hostel Manager'),(8004,'Election Commissioner'),(8012,'Hostel Manager'),(8013,'Election Commissioner'),(8016,'General Technician'),(8017,'Election Commissioner'),(8021,'Election Commissioner'),(8023,'Watchman'),(8026,'Watchman'),(8046,'Hostel Incharge'),(8053,'Watchman'),(8054,'Query Office incharge'),(8059,'Finance Accountant'),(8069,'Finance Accountant'),(8070,'General Technician'),(8072,'Hostel Incharge'),(8083,'Hostel Incharge'),(8087,'Caretaker'),(8088,'Caretaker'),(8089,'SA Officer'),(8090,'Hostel Manager'),(8093,'SA Officer'),(8096,'Hostel Manager'),(8097,'Election Commissioner'),(8104,'Hostel Manager'),(8105,'Hostel Manager'),(8107,'Watchman'),(8113,'General Technician'),(8117,'SA Officer'),(8118,'Hostel Manager'),(8120,'Query Office incharge'),(8122,'Hostel Manager'),(8123,'Watchman'),(8128,'Finance Accountant'),(8133,'Election Commissioner'),(8140,'Watchman'),(8147,'Election Commissioner'),(8148,'Watchman'),(8149,'SA Officer'),(8151,'Hostel Incharge'),(8154,'General Technician'),(8159,'SA Officer'),(8163,'SA Officer'),(8164,'SA Officer'),(8166,'Caretaker'),(8170,'Query Office incharge'),(8180,'Election Commissioner'),(8183,'Election Commissioner'),(8184,'Hostel Manager'),(8187,'Hostel Incharge'),(8201,'Caretaker'),(8202,'Hostel Manager'),(8207,'Query Office incharge'),(8210,'General Technician'),(8215,'Finance Accountant'),(8228,'Caretaker'),(8232,'Election Commissioner'),(8233,'General Technician'),(8235,'Hostel Incharge'),(8246,'Caretaker'),(8251,'General Technician'),(8254,'Query Office incharge'),(8256,'General Technician'),(8274,'Hostel Manager'),(8275,'General Technician'),(8276,'Election Commissioner'),(8284,'Hostel Incharge'),(8286,'Caretaker'),(8287,'SA Officer'),(8288,'SA Officer'),(8290,'SA Officer'),(8291,'Hostel Manager'),(8294,'Election Commissioner'),(8298,'Caretaker'),(8303,'Query Office incharge'),(8306,'General Technician'),(8309,'Query Office incharge'),(8311,'Election Commissioner'),(8312,'Query Office incharge'),(8317,'Hostel Incharge'),(8323,'Election Commissioner'),(8326,'Hostel Incharge'),(8330,'General Technician'),(8334,'General Technician'),(8336,'Hostel Incharge'),(8342,'SA Officer'),(8344,'Hostel Manager'),(8355,'Finance Accountant'),(8362,'SA Officer'),(8363,'Caretaker'),(8366,'Election Commissioner'),(8384,'SA Officer'),(8387,'Hostel Manager'),(8396,'Caretaker'),(8397,'Query Office incharge'),(8404,'Hostel Incharge'),(8405,'Finance Accountant'),(8416,'Finance Accountant'),(8417,'General Technician'),(8419,'SA Officer'),(8420,'Watchman'),(8438,'Hostel Incharge'),(8440,'Finance Accountant'),(8446,'Watchman'),(8448,'General Technician'),(8457,'Finance Accountant'),(8458,'Caretaker'),(8463,'Election Commissioner'),(8464,'Query Office incharge'),(8465,'SA Officer'),(8479,'Finance Accountant'),(8487,'Caretaker'),(8490,'Election Commissioner'),(8491,'Query Office incharge'),(8494,'Hostel Manager'),(8500,'SA Officer'),(8501,'SA Officer'),(8503,'Hostel Incharge'),(8504,'Query Office incharge'),(8514,'Election Commissioner'),(8516,'Query Office incharge'),(8522,'General Technician'),(8529,'Watchman'),(8530,'Hostel Manager'),(8531,'Hostel Incharge'),(8538,'Query Office incharge'),(8541,'Election Commissioner'),(8542,'Hostel Manager'),(8560,'SA Officer'),(8561,'Election Commissioner'),(8562,'Finance Accountant'),(8564,'SA Officer'),(8569,'Query Office incharge'),(8574,'Hostel Manager'),(8576,'Election Commissioner'),(8583,'Caretaker'),(8584,'Hostel Incharge'),(8585,'Query Office incharge'),(8588,'Watchman'),(8591,'Query Office incharge'),(8594,'SA Officer'),(8596,'SA Officer'),(8598,'Finance Accountant'),(8600,'Election Commissioner'),(8601,'SA Officer'),(8603,'Hostel Incharge'),(8611,'General Technician'),(8614,'Query Office incharge'),(8617,'Watchman'),(8621,'Hostel Incharge'),(8622,'SA Officer'),(8630,'General Technician'),(8637,'SA Officer'),(8640,'Finance Accountant'),(8648,'Hostel Incharge'),(8652,'General Technician'),(8665,'Query Office incharge'),(8671,'Watchman'),(8673,'Finance Accountant'),(8677,'Watchman'),(8686,'Watchman'),(8687,'Hostel Manager'),(8696,'SA Officer'),(8699,'Hostel Manager'),(8704,'SA Officer'),(8706,'Finance Accountant'),(8708,'Finance Accountant'),(8715,'Caretaker'),(8716,'Hostel Incharge'),(8717,'SA Officer'),(8720,'Election Commissioner'),(8721,'SA Officer'),(8724,'Hostel Manager'),(8728,'General Technician'),(8733,'Finance Accountant'),(8737,'Watchman'),(8740,'General Technician'),(8746,'Finance Accountant'),(8755,'Watchman'),(8762,'Hostel Incharge'),(8768,'SA Officer'),(8771,'General Technician'),(8774,'Hostel Manager'),(8776,'Finance Accountant'),(8779,'Hostel Manager'),(8787,'Hostel Manager'),(8808,'Hostel Manager'),(8824,'Finance Accountant'),(8825,'Caretaker'),(8826,'Finance Accountant'),(8827,'Watchman'),(8828,'Hostel Incharge'),(8839,'General Technician'),(8855,'Election Commissioner'),(8862,'Hostel Manager'),(8864,'General Technician'),(8865,'Hostel Incharge'),(8867,'Finance Accountant'),(8868,'Watchman'),(8876,'Finance Accountant'),(8877,'Caretaker'),(8880,'General Technician'),(8881,'SA Officer'),(8910,'Hostel Incharge'),(8920,'Caretaker'),(8946,'SA Officer'),(8947,'Hostel Incharge'),(8948,'Query Office incharge'),(8956,'Finance Accountant'),(8969,'Watchman'),(8975,'Finance Accountant'),(8978,'General Technician'),(8984,'Hostel Incharge'),(8986,'Hostel Incharge'),(8992,'Hostel Manager'),(9004,'Watchman'),(9006,'Query Office incharge'),(9007,'Query Office incharge'),(9017,'Watchman'),(9032,'Caretaker'),(9034,'Query Office incharge'),(9035,'General Technician'),(9036,'Watchman'),(9039,'Query Office incharge'),(9047,'Watchman'),(9048,'Hostel Incharge'),(9063,'Finance Accountant'),(9065,'Election Commissioner'),(9069,'Hostel Manager'),(9074,'General Technician'),(9075,'Hostel Manager'),(9076,'Hostel Manager'),(9089,'General Technician'),(9090,'Hostel Incharge'),(9095,'Election Commissioner'),(9097,'Watchman'),(9101,'Election Commissioner'),(9117,'SA Officer'),(9119,'Finance Accountant'),(9123,'Finance Accountant'),(9130,'Query Office incharge'),(9138,'General Technician'),(9142,'Hostel Incharge'),(9150,'Hostel Incharge'),(9155,'Caretaker'),(9158,'Finance Accountant'),(9159,'SA Officer'),(9163,'Hostel Manager'),(9170,'SA Officer'),(9174,'Finance Accountant'),(9178,'Query Office incharge'),(9179,'Watchman'),(9183,'Query Office incharge'),(9190,'Hostel Incharge'),(9192,'Hostel Incharge'),(9193,'Hostel Incharge'),(9197,'Election Commissioner'),(9205,'Hostel Manager'),(9208,'Hostel Incharge'),(9209,'General Technician'),(9212,'Hostel Incharge'),(9218,'Election Commissioner'),(9219,'Hostel Manager'),(9223,'General Technician'),(9225,'Hostel Incharge'),(9235,'Hostel Manager'),(9237,'SA Officer'),(9254,'Watchman'),(9259,'Hostel Incharge'),(9267,'SA Officer'),(9281,'Hostel Manager'),(9285,'SA Officer'),(9290,'Query Office incharge'),(9293,'Finance Accountant'),(9294,'Watchman'),(9300,'Finance Accountant'),(9306,'Finance Accountant'),(9311,'Election Commissioner'),(9313,'SA Officer'),(9316,'General Technician'),(9317,'Finance Accountant'),(9323,'Query Office incharge'),(9325,'Hostel Manager'),(9328,'Watchman'),(9332,'Caretaker'),(9333,'General Technician'),(9334,'Watchman'),(9337,'Election Commissioner'),(9340,'Hostel Incharge'),(9349,'Election Commissioner'),(9351,'Watchman'),(9356,'Election Commissioner'),(9361,'Hostel Incharge'),(9362,'Query Office incharge'),(9368,'Finance Accountant'),(9375,'Query Office incharge'),(9379,'Caretaker'),(9386,'Hostel Incharge'),(9392,'Finance Accountant'),(9396,'Caretaker'),(9401,'Election Commissioner'),(9404,'Hostel Incharge'),(9407,'Finance Accountant'),(9413,'Hostel Manager'),(9422,'SA Officer'),(9425,'Watchman'),(9428,'Caretaker'),(9433,'Hostel Incharge'),(9436,'Hostel Manager'),(9440,'Hostel Manager'),(9444,'Caretaker'),(9447,'Caretaker'),(9448,'Caretaker'),(9458,'Watchman'),(9459,'Caretaker'),(9460,'Query Office incharge'),(9462,'Hostel Manager'),(9465,'Hostel Incharge'),(9467,'Caretaker'),(9473,'Caretaker'),(9482,'Hostel Incharge'),(9489,'Query Office incharge'),(9495,'Watchman'),(9496,'Election Commissioner'),(9497,'Hostel Manager'),(9498,'Hostel Manager'),(9502,'Hostel Manager'),(9504,'General Technician'),(9507,'Hostel Incharge'),(9512,'Hostel Manager'),(9515,'Finance Accountant'),(9516,'Caretaker'),(9517,'Query Office incharge'),(9520,'Query Office incharge'),(9521,'Watchman'),(9524,'Finance Accountant'),(9525,'Query Office incharge'),(9527,'Caretaker'),(9528,'Hostel Manager'),(9529,'Query Office incharge'),(9530,'Hostel Incharge'),(9532,'General Technician'),(9536,'Finance Accountant'),(9538,'Finance Accountant'),(9541,'SA Officer'),(9551,'Finance Accountant'),(9555,'Hostel Manager'),(9564,'Caretaker'),(9566,'Hostel Incharge'),(9570,'Caretaker'),(9575,'Hostel Manager'),(9580,'Watchman'),(9589,'SA Officer'),(9596,'General Technician'),(9598,'SA Officer'),(9602,'Finance Accountant'),(9605,'Query Office incharge'),(9608,'General Technician'),(9612,'General Technician'),(9613,'Caretaker'),(9627,'Watchman'),(9631,'Watchman'),(9636,'General Technician'),(9645,'SA Officer'),(9647,'SA Officer'),(9649,'SA Officer'),(9653,'Finance Accountant'),(9658,'Hostel Incharge'),(9659,'Caretaker'),(9662,'SA Officer'),(9664,'General Technician'),(9679,'SA Officer'),(9680,'General Technician'),(9682,'Query Office incharge'),(9684,'Election Commissioner'),(9685,'Hostel Manager'),(9691,'SA Officer'),(9694,'Caretaker'),(9700,'Hostel Manager'),(9702,'Election Commissioner'),(9706,'SA Officer'),(9707,'Hostel Incharge'),(9716,'Hostel Incharge'),(9717,'Watchman'),(9718,'Finance Accountant'),(9724,'Hostel Incharge'),(9725,'Caretaker'),(9728,'Query Office incharge'),(9733,'SA Officer'),(9735,'Finance Accountant'),(9737,'Finance Accountant'),(9738,'Watchman'),(9746,'Query Office incharge'),(9748,'Finance Accountant'),(9749,'Election Commissioner'),(9751,'Caretaker'),(9757,'Caretaker'),(9760,'Finance Accountant'),(9789,'Finance Accountant'),(9793,'Hostel Incharge'),(9795,'Election Commissioner'),(9802,'Caretaker'),(9813,'Election Commissioner'),(9818,'Election Commissioner'),(9839,'Watchman'),(9842,'Hostel Manager'),(9843,'Watchman'),(9851,'SA Officer'),(9855,'SA Officer'),(9857,'Caretaker'),(9858,'Election Commissioner'),(9861,'Finance Accountant'),(9862,'Hostel Incharge'),(9879,'General Technician'),(9881,'Hostel Manager'),(9888,'Hostel Incharge'),(9889,'Finance Accountant'),(9892,'Election Commissioner'),(9896,'Caretaker'),(9898,'Watchman'),(9903,'Query Office incharge'),(9905,'Finance Accountant'),(9921,'General Technician'),(9926,'General Technician'),(9937,'Query Office incharge'),(9939,'Watchman'),(9944,'General Technician'),(9947,'Query Office incharge'),(9952,'Election Commissioner'),(9957,'Election Commissioner'),(9961,'General Technician'),(9962,'Hostel Incharge'),(9965,'Election Commissioner'),(9969,'SA Officer'),(9973,'Caretaker'),(9975,'Query Office incharge'),(9977,'Query Office incharge'),(9978,'Caretaker'),(9987,'Query Office incharge'),(9988,'Hostel Incharge'),(9993,'General Technician'),(9996,'Watchman');
/*!40000 ALTER TABLE `staff` ENABLE KEYS */;
UNLOCK TABLES;

--
-- Table structure for table `strike`
--

DROP TABLE IF EXISTS `strike`;
/*!40101 SET @saved_cs_client     = @@character_set_client */;
/*!50503 SET character_set_client = utf8mb4 */;
CREATE TABLE `strike` (
  `fee_receipt_ID` int NOT NULL,
  `transaction_ID` int NOT NULL,
  `days` int NOT NULL,
  `fee_paid` int NOT NULL,
  PRIMARY KEY (`fee_receipt_ID`),
  UNIQUE KEY `transaction_ID_UNIQUE` (`transaction_ID`),
  KEY `strike_trans_ID_idx` (`transaction_ID`),
  CONSTRAINT `strike_receipt_ID` FOREIGN KEY (`fee_receipt_ID`) REFERENCES `penalties` (`fee_receipt_ID`),
  CONSTRAINT `strike_trans_ID` FOREIGN KEY (`transaction_ID`) REFERENCES `transaction` (`transaction_ID`),
  CONSTRAINT `strike_chk_1` CHECK ((`days` > 0)),
  CONSTRAINT `strike_chk_2` CHECK ((`fee_paid` > 0))
) ENGINE=InnoDB DEFAULT CHARSET=utf8mb4 COLLATE=utf8mb4_0900_ai_ci;
/*!40101 SET character_set_client = @saved_cs_client */;

--
-- Dumping data for table `strike`
--

LOCK TABLES `strike` WRITE;
/*!40000 ALTER TABLE `strike` DISABLE KEYS */;
INSERT INTO `strike` VALUES (368882,1018,1,100),(455525,1021,2,200),(455526,1024,3,300),(768131,1030,5,500),(888284,1033,6,600),(930558,1027,4,400),(955515,1036,7,700);
/*!40000 ALTER TABLE `strike` ENABLE KEYS */;
UNLOCK TABLES;

--
-- Table structure for table `student`
--

DROP TABLE IF EXISTS `student`;
/*!40101 SET @saved_cs_client     = @@character_set_client */;
/*!50503 SET character_set_client = utf8mb4 */;
CREATE TABLE `student` (
  `user_ID` int NOT NULL,
  `programme` varchar(60) DEFAULT NULL,
  PRIMARY KEY (`user_ID`)
) ENGINE=InnoDB DEFAULT CHARSET=utf8mb4 COLLATE=utf8mb4_0900_ai_ci;
/*!40101 SET character_set_client = @saved_cs_client */;

--
-- Dumping data for table `student`
--

LOCK TABLES `student` WRITE;
/*!40000 ALTER TABLE `student` DISABLE KEYS */;
INSERT INTO `student` VALUES (1001334,'Batch: BTech Discipline: Mechanical Year: 2021'),(1019451,'Batch: Msc Discipline: Civil Year: 2018'),(1020764,'Batch: BTech Discipline: CSE Year: 2020'),(1031842,'Batch: BTech Discipline: Civil Year: 2019'),(1032746,'Batch: Masters Discipline: Civil Year: 2017'),(1053202,'Batch: Masters Discipline: MSE Year: 2017'),(1090316,'Batch: Masters Discipline: Electrical Year: 2018'),(1097332,'Batch: Masters Discipline: CSE Year: 2017'),(1103869,'Batch: Mtech Discipline: Chemical Year: 2016'),(1105875,'Batch: PhD Discipline: Chemical Year: 2021'),(1107163,'Batch: Masters Discipline: Chemical Year: 2020'),(1118149,'Batch: Mtech Discipline: MSE Year: 2018'),(1131289,'Batch: Msc Discipline: Civil Year: 2018'),(1147316,'Batch: Msc Discipline: Civil Year: 2019'),(1157075,'Batch: PhD Discipline: Civil Year: 2020'),(1161467,'Batch: BTech Discipline: Civil Year: 2016'),(1163906,'Batch: Masters Discipline: Electrical Year: 2021'),(1166188,'Batch: BTech Discipline: Civil Year: 2021'),(1168927,'Batch: Masters Discipline: Electrical Year: 2016'),(1171796,'Batch: Masters Discipline: Electrical Year: 2016'),(1176305,'Batch: PhD Discipline: Mechanical Year: 2016'),(1181201,'Batch: BTech Discipline: MSE Year: 2018'),(1216593,'Batch: PhD Discipline: Civil Year: 2016'),(1230390,'Batch: BTech Discipline: Civil Year: 2020'),(1236751,'Batch: Masters Discipline: CSE Year: 2020'),(1248971,'Batch: Masters Discipline: CSE Year: 2020'),(1252600,'Batch: Msc Discipline: Mechanical Year: 2020'),(1253703,'Batch: PhD Discipline: MSE Year: 2020'),(1268313,'Batch: PhD Discipline: Chemical Year: 2021'),(1269879,'Batch: Msc Discipline: MSE Year: 2018'),(1270368,'Batch: BTech Discipline: Chemical Year: 2021'),(1280406,'Batch: Msc Discipline: Mechanical Year: 2016'),(1281104,'Batch: Msc Discipline: Electrical Year: 2016'),(1303154,'Batch: Mtech Discipline: Mechanical Year: 2019'),(1323902,'Batch: BTech Discipline: MSE Year: 2020'),(1338759,'Batch: Masters Discipline: Mechanical Year: 2017'),(1352307,'Batch: BTech Discipline: Chemical Year: 2021'),(1364100,'Batch: Masters Discipline: Chemical Year: 2021'),(1377824,'Batch: Msc Discipline: Electrical Year: 2016'),(1380256,'Batch: Masters Discipline: Electrical Year: 2017'),(1383257,'Batch: BTech Discipline: Mechanical Year: 2021'),(1401822,'Batch: BTech Discipline: CSE Year: 2018'),(1401887,'Batch: PhD Discipline: CSE Year: 2016'),(1409685,'Batch: Mtech Discipline: MSE Year: 2017'),(1412318,'Batch: Msc Discipline: Chemical Year: 2020'),(1415840,'Batch: Mtech Discipline: Mechanical Year: 2019'),(1423501,'Batch: Mtech Discipline: Chemical Year: 2020'),(1426535,'Batch: BTech Discipline: Civil Year: 2018'),(1428658,'Batch: Mtech Discipline: Civil Year: 2017'),(1449922,'Batch: Msc Discipline: MSE Year: 2016'),(1475338,'Batch: Masters Discipline: Electrical Year: 2016'),(1493114,'Batch: Masters Discipline: Mechanical Year: 2020'),(1518504,'Batch: Msc Discipline: Chemical Year: 2018'),(1527019,'Batch: Msc Discipline: CSE Year: 2019'),(1533002,'Batch: Msc Discipline: Mechanical Year: 2019'),(1534045,'Batch: Mtech Discipline: Civil Year: 2019'),(1534487,'Batch: BTech Discipline: Electrical Year: 2016'),(1552177,'Batch: Masters Discipline: Mechanical Year: 2016'),(1553352,'Batch: Mtech Discipline: MSE Year: 2018'),(1593494,'Batch: Msc Discipline: Chemical Year: 2020'),(1616011,'Batch: Masters Discipline: CSE Year: 2018'),(1626276,'Batch: PhD Discipline: MSE Year: 2016'),(1628573,'Batch: PhD Discipline: Electrical Year: 2018'),(1629694,'Batch: Mtech Discipline: Civil Year: 2019'),(1655693,'Batch: Mtech Discipline: Chemical Year: 2018'),(1670180,'Batch: Msc Discipline: MSE Year: 2019'),(1673315,'Batch: Msc Discipline: Electrical Year: 2020'),(1675636,'Batch: Masters Discipline: Civil Year: 2019'),(1677713,'Batch: Msc Discipline: Civil Year: 2021'),(1682902,'Batch: Msc Discipline: CSE Year: 2019'),(1701177,'Batch: Masters Discipline: Civil Year: 2021'),(1706270,'Batch: BTech Discipline: Mechanical Year: 2016'),(1744716,'Batch: Mtech Discipline: MSE Year: 2016'),(1752668,'Batch: Masters Discipline: Electrical Year: 2021'),(1760723,'Batch: Msc Discipline: CSE Year: 2017'),(1767991,'Batch: Masters Discipline: Civil Year: 2021'),(1775958,'Batch: BTech Discipline: Mechanical Year: 2021'),(1777148,'Batch: Msc Discipline: MSE Year: 2021'),(1813228,'Batch: Msc Discipline: MSE Year: 2018'),(1820111,'Batch: Msc Discipline: Electrical Year: 2016'),(1822686,'Batch: Msc Discipline: CSE Year: 2017'),(1823435,'Batch: PhD Discipline: Chemical Year: 2020'),(1825425,'Batch: PhD Discipline: Electrical Year: 2019'),(1831944,'Batch: BTech Discipline: Mechanical Year: 2017'),(1845095,'Batch: Msc Discipline: CSE Year: 2016'),(1846839,'Batch: Mtech Discipline: Mechanical Year: 2021'),(1848648,'Batch: Msc Discipline: Electrical Year: 2017'),(1849775,'Batch: Mtech Discipline: Civil Year: 2017'),(1856840,'Batch: Msc Discipline: MSE Year: 2017'),(1858300,'Batch: Mtech Discipline: Electrical Year: 2019'),(1861354,'Batch: BTech Discipline: CSE Year: 2018'),(1870206,'Batch: PhD Discipline: Electrical Year: 2019'),(1886964,'Batch: Masters Discipline: Chemical Year: 2016'),(1897170,'Batch: BTech Discipline: Civil Year: 2019'),(1898043,'Batch: Masters Discipline: MSE Year: 2016'),(1903639,'Batch: Msc Discipline: MSE Year: 2016'),(1905825,'Batch: Masters Discipline: Electrical Year: 2019'),(1911095,'Batch: Masters Discipline: MSE Year: 2017'),(1922827,'Batch: PhD Discipline: CSE Year: 2021'),(1932368,'Batch: Mtech Discipline: Chemical Year: 2020'),(1940446,'Batch: BTech Discipline: Electrical Year: 2019'),(1951064,'Batch: Msc Discipline: CSE Year: 2016'),(1962440,'Batch: BTech Discipline: Mechanical Year: 2016'),(1964250,'Batch: PhD Discipline: MSE Year: 2021'),(1976671,'Batch: PhD Discipline: Electrical Year: 2020'),(1985547,'Batch: Mtech Discipline: CSE Year: 2017'),(1997063,'Batch: PhD Discipline: CSE Year: 2016'),(2010776,'Batch: Msc Discipline: CSE Year: 2021'),(2011418,'Batch: Msc Discipline: MSE Year: 2018'),(2018380,'Batch: PhD Discipline: Mechanical Year: 2019'),(2025077,'Batch: Masters Discipline: Electrical Year: 2021'),(2027727,'Batch: Msc Discipline: Electrical Year: 2019'),(2032380,'Batch: BTech Discipline: CSE Year: 2016'),(2035089,'Batch: BTech Discipline: Civil Year: 2018'),(2037831,'Batch: Mtech Discipline: Chemical Year: 2019'),(2046774,'Batch: PhD Discipline: Civil Year: 2020'),(2066844,'Batch: PhD Discipline: Chemical Year: 2018'),(2066917,'Batch: PhD Discipline: MSE Year: 2019'),(2066980,'Batch: BTech Discipline: MSE Year: 2018'),(2068163,'Batch: PhD Discipline: Chemical Year: 2017'),(2079779,'Batch: BTech Discipline: CSE Year: 2021'),(2090630,'Batch: BTech Discipline: MSE Year: 2017'),(2093749,'Batch: PhD Discipline: Chemical Year: 2020'),(2137853,'Batch: Msc Discipline: Mechanical Year: 2017'),(2146421,'Batch: PhD Discipline: MSE Year: 2020'),(2169966,'Batch: Mtech Discipline: Chemical Year: 2020'),(2174300,'Batch: Mtech Discipline: Mechanical Year: 2021'),(2185000,'Batch: Mtech Discipline: CSE Year: 2020'),(2197939,'Batch: PhD Discipline: Chemical Year: 2021'),(2206119,'Batch: BTech Discipline: MSE Year: 2021'),(2232261,'Batch: Mtech Discipline: Chemical Year: 2016'),(2234053,'Batch: PhD Discipline: Electrical Year: 2016'),(2241435,'Batch: Mtech Discipline: Chemical Year: 2020'),(2242352,'Batch: Mtech Discipline: MSE Year: 2019'),(2242812,'Batch: Msc Discipline: Electrical Year: 2018'),(2245906,'Batch: Msc Discipline: Electrical Year: 2016'),(2274478,'Batch: PhD Discipline: MSE Year: 2016'),(2280905,'Batch: Mtech Discipline: CSE Year: 2021'),(2288669,'Batch: PhD Discipline: Electrical Year: 2016'),(2293017,'Batch: Mtech Discipline: CSE Year: 2021'),(2305488,'Batch: Masters Discipline: CSE Year: 2018'),(2324660,'Batch: Mtech Discipline: MSE Year: 2021'),(2326890,'Batch: BTech Discipline: MSE Year: 2016'),(2329606,'Batch: BTech Discipline: Electrical Year: 2020'),(2335429,'Batch: Masters Discipline: CSE Year: 2017'),(2347454,'Batch: Mtech Discipline: MSE Year: 2021'),(2353080,'Batch: Masters Discipline: Mechanical Year: 2021'),(2358084,'Batch: Mtech Discipline: Chemical Year: 2019'),(2374913,'Batch: Mtech Discipline: Mechanical Year: 2020'),(2378912,'Batch: Mtech Discipline: Chemical Year: 2019'),(2388566,'Batch: Msc Discipline: Electrical Year: 2020'),(2396149,'Batch: Msc Discipline: CSE Year: 2021'),(2400194,'Batch: Masters Discipline: Chemical Year: 2020'),(2402117,'Batch: PhD Discipline: Electrical Year: 2018'),(2420917,'Batch: Masters Discipline: Electrical Year: 2019'),(2431922,'Batch: Msc Discipline: Mechanical Year: 2018'),(2435970,'Batch: Msc Discipline: CSE Year: 2017'),(2442501,'Batch: BTech Discipline: Electrical Year: 2017'),(2457552,'Batch: Msc Discipline: Electrical Year: 2021'),(2460645,'Batch: BTech Discipline: Chemical Year: 2019'),(2462840,'Batch: PhD Discipline: Chemical Year: 2021'),(2480879,'Batch: BTech Discipline: Mechanical Year: 2021'),(2484992,'Batch: BTech Discipline: Chemical Year: 2017'),(2493388,'Batch: Masters Discipline: Civil Year: 2020'),(2503081,'Batch: Mtech Discipline: CSE Year: 2021'),(2515312,'Batch: PhD Discipline: Electrical Year: 2019'),(2529560,'Batch: Msc Discipline: CSE Year: 2020'),(2558367,'Batch: Masters Discipline: Mechanical Year: 2021'),(2569370,'Batch: Msc Discipline: MSE Year: 2018'),(2569908,'Batch: Mtech Discipline: Civil Year: 2017'),(2619027,'Batch: Masters Discipline: Mechanical Year: 2018'),(2623054,'Batch: Masters Discipline: MSE Year: 2019'),(2626597,'Batch: Msc Discipline: Electrical Year: 2019'),(2636183,'Batch: Mtech Discipline: Civil Year: 2021'),(2651046,'Batch: Mtech Discipline: Chemical Year: 2020'),(2657109,'Batch: Masters Discipline: Mechanical Year: 2020'),(2664693,'Batch: Mtech Discipline: CSE Year: 2016'),(2669540,'Batch: Masters Discipline: Mechanical Year: 2020'),(2672961,'Batch: Masters Discipline: Mechanical Year: 2020'),(2675274,'Batch: PhD Discipline: Mechanical Year: 2018'),(2684106,'Batch: Msc Discipline: MSE Year: 2019'),(2694081,'Batch: Mtech Discipline: Mechanical Year: 2019'),(2695054,'Batch: Mtech Discipline: Mechanical Year: 2019'),(2697968,'Batch: BTech Discipline: Electrical Year: 2017'),(2700603,'Batch: BTech Discipline: Chemical Year: 2018'),(2711470,'Batch: PhD Discipline: CSE Year: 2021'),(2714272,'Batch: Masters Discipline: Mechanical Year: 2018'),(2716819,'Batch: Msc Discipline: CSE Year: 2021'),(2722974,'Batch: BTech Discipline: Electrical Year: 2016'),(2724226,'Batch: Masters Discipline: Chemical Year: 2018'),(2725645,'Batch: Msc Discipline: Mechanical Year: 2018'),(2728547,'Batch: Mtech Discipline: Mechanical Year: 2016'),(2732783,'Batch: Mtech Discipline: Electrical Year: 2021'),(2741335,'Batch: Mtech Discipline: Civil Year: 2018'),(2744466,'Batch: BTech Discipline: CSE Year: 2016'),(2751721,'Batch: Masters Discipline: CSE Year: 2019'),(2755270,'Batch: BTech Discipline: MSE Year: 2017'),(2770900,'Batch: Msc Discipline: Chemical Year: 2021'),(2785186,'Batch: PhD Discipline: CSE Year: 2016'),(2787688,'Batch: Masters Discipline: Civil Year: 2021'),(2804675,'Batch: Masters Discipline: MSE Year: 2018'),(2812975,'Batch: Msc Discipline: CSE Year: 2018'),(2813228,'Batch: Mtech Discipline: Chemical Year: 2018'),(2819752,'Batch: BTech Discipline: Chemical Year: 2020'),(2848058,'Batch: Masters Discipline: Chemical Year: 2020'),(2869192,'Batch: Mtech Discipline: Electrical Year: 2020'),(2869967,'Batch: PhD Discipline: CSE Year: 2018'),(2877081,'Batch: PhD Discipline: Civil Year: 2016'),(2878770,'Batch: PhD Discipline: Civil Year: 2016'),(2893987,'Batch: Masters Discipline: MSE Year: 2018'),(2895803,'Batch: Masters Discipline: Electrical Year: 2020'),(2917416,'Batch: Mtech Discipline: Mechanical Year: 2016'),(2930871,'Batch: Masters Discipline: CSE Year: 2021'),(2933659,'Batch: Msc Discipline: Civil Year: 2018'),(2937636,'Batch: Masters Discipline: Mechanical Year: 2016'),(2938150,'Batch: Msc Discipline: MSE Year: 2020'),(2953824,'Batch: PhD Discipline: CSE Year: 2018'),(2959011,'Batch: Masters Discipline: Chemical Year: 2018'),(2966492,'Batch: BTech Discipline: Civil Year: 2019'),(2977045,'Batch: Mtech Discipline: Mechanical Year: 2016'),(2988275,'Batch: Msc Discipline: MSE Year: 2021'),(3007990,'Batch: PhD Discipline: MSE Year: 2018'),(3055102,'Batch: Mtech Discipline: Mechanical Year: 2021'),(3072230,'Batch: PhD Discipline: Mechanical Year: 2016'),(3080505,'Batch: Msc Discipline: CSE Year: 2020'),(3108647,'Batch: PhD Discipline: Electrical Year: 2021'),(3113938,'Batch: Msc Discipline: Mechanical Year: 2020'),(3121796,'Batch: Mtech Discipline: Mechanical Year: 2020'),(3123761,'Batch: BTech Discipline: MSE Year: 2019'),(3138216,'Batch: BTech Discipline: Electrical Year: 2017'),(3141429,'Batch: PhD Discipline: Chemical Year: 2016'),(3146837,'Batch: Mtech Discipline: Chemical Year: 2016'),(3147765,'Batch: Msc Discipline: Chemical Year: 2017'),(3169273,'Batch: Masters Discipline: Electrical Year: 2019'),(3170828,'Batch: Msc Discipline: Electrical Year: 2018'),(3197785,'Batch: Msc Discipline: Mechanical Year: 2017'),(3223902,'Batch: PhD Discipline: MSE Year: 2018'),(3224455,'Batch: Mtech Discipline: CSE Year: 2018'),(3230492,'Batch: Masters Discipline: CSE Year: 2021'),(3246877,'Batch: Mtech Discipline: Mechanical Year: 2017'),(3252044,'Batch: BTech Discipline: Civil Year: 2018'),(3264583,'Batch: Mtech Discipline: Electrical Year: 2017'),(3268941,'Batch: PhD Discipline: Civil Year: 2017'),(3269073,'Batch: PhD Discipline: CSE Year: 2021'),(3270992,'Batch: BTech Discipline: Electrical Year: 2018'),(3276570,'Batch: Msc Discipline: Chemical Year: 2020'),(3277728,'Batch: Msc Discipline: Electrical Year: 2017'),(3278943,'Batch: Masters Discipline: Mechanical Year: 2021'),(3286595,'Batch: Mtech Discipline: Mechanical Year: 2018'),(3312303,'Batch: PhD Discipline: Chemical Year: 2018'),(3317533,'Batch: BTech Discipline: MSE Year: 2020'),(3333191,'Batch: Mtech Discipline: Electrical Year: 2019'),(3340949,'Batch: PhD Discipline: Mechanical Year: 2017'),(3348329,'Batch: BTech Discipline: Civil Year: 2020'),(3349919,'Batch: Msc Discipline: MSE Year: 2020'),(3353627,'Batch: PhD Discipline: Electrical Year: 2018'),(3368678,'Batch: Mtech Discipline: CSE Year: 2019'),(3374957,'Batch: Msc Discipline: Civil Year: 2021'),(3375808,'Batch: Mtech Discipline: CSE Year: 2019'),(3381402,'Batch: Masters Discipline: Chemical Year: 2016'),(3385223,'Batch: Msc Discipline: MSE Year: 2019'),(3385889,'Batch: Masters Discipline: MSE Year: 2018'),(3395057,'Batch: Mtech Discipline: MSE Year: 2018'),(3403609,'Batch: Msc Discipline: Chemical Year: 2016'),(3405287,'Batch: Masters Discipline: CSE Year: 2017'),(3407201,'Batch: Masters Discipline: CSE Year: 2017'),(3416182,'Batch: Masters Discipline: MSE Year: 2021'),(3448865,'Batch: PhD Discipline: CSE Year: 2020'),(3450013,'Batch: BTech Discipline: Chemical Year: 2018'),(3466643,'Batch: BTech Discipline: Civil Year: 2018'),(3499958,'Batch: Mtech Discipline: MSE Year: 2019'),(3507372,'Batch: Masters Discipline: Electrical Year: 2017'),(3514978,'Batch: Msc Discipline: Chemical Year: 2020'),(3522380,'Batch: PhD Discipline: Civil Year: 2019'),(3529908,'Batch: Mtech Discipline: MSE Year: 2017'),(3530014,'Batch: Mtech Discipline: Electrical Year: 2016'),(3547322,'Batch: Mtech Discipline: CSE Year: 2017'),(3554244,'Batch: Mtech Discipline: Civil Year: 2019'),(3554742,'Batch: BTech Discipline: Chemical Year: 2019'),(3557926,'Batch: BTech Discipline: CSE Year: 2017'),(3574000,'Batch: Msc Discipline: Chemical Year: 2020'),(3575184,'Batch: Masters Discipline: CSE Year: 2021'),(3590054,'Batch: PhD Discipline: Electrical Year: 2019'),(3599840,'Batch: Msc Discipline: Mechanical Year: 2016'),(3606808,'Batch: BTech Discipline: Chemical Year: 2018'),(3629557,'Batch: BTech Discipline: Electrical Year: 2017'),(3644435,'Batch: PhD Discipline: MSE Year: 2018'),(3646466,'Batch: Msc Discipline: Electrical Year: 2020'),(3647153,'Batch: Msc Discipline: MSE Year: 2017'),(3665358,'Batch: Masters Discipline: Mechanical Year: 2021'),(3673150,'Batch: BTech Discipline: Civil Year: 2021'),(3673815,'Batch: PhD Discipline: Mechanical Year: 2017'),(3683598,'Batch: BTech Discipline: Electrical Year: 2016'),(3692109,'Batch: Masters Discipline: Mechanical Year: 2018'),(3692903,'Batch: Masters Discipline: MSE Year: 2017'),(3694821,'Batch: Mtech Discipline: Electrical Year: 2021'),(3695988,'Batch: Msc Discipline: Civil Year: 2019'),(3695991,'Batch: BTech Discipline: Mechanical Year: 2020'),(3729266,'Batch: PhD Discipline: CSE Year: 2016'),(3740373,'Batch: Masters Discipline: CSE Year: 2020'),(3747582,'Batch: PhD Discipline: Chemical Year: 2021'),(3747697,'Batch: Msc Discipline: MSE Year: 2020'),(3750068,'Batch: BTech Discipline: MSE Year: 2021'),(3758626,'Batch: Mtech Discipline: Electrical Year: 2018'),(3773733,'Batch: Masters Discipline: Civil Year: 2019'),(3794742,'Batch: BTech Discipline: CSE Year: 2021'),(3810409,'Batch: Msc Discipline: Mechanical Year: 2021'),(3813231,'Batch: Masters Discipline: MSE Year: 2016'),(3815969,'Batch: BTech Discipline: Electrical Year: 2018'),(3817732,'Batch: Msc Discipline: Mechanical Year: 2020'),(3824069,'Batch: BTech Discipline: MSE Year: 2018'),(3828528,'Batch: Msc Discipline: Chemical Year: 2016'),(3844329,'Batch: Msc Discipline: Mechanical Year: 2020'),(3852618,'Batch: Msc Discipline: MSE Year: 2017'),(3856362,'Batch: BTech Discipline: Electrical Year: 2016'),(3856843,'Batch: PhD Discipline: CSE Year: 2020'),(3860361,'Batch: Masters Discipline: CSE Year: 2020'),(3865527,'Batch: Masters Discipline: Chemical Year: 2016'),(3869557,'Batch: Mtech Discipline: MSE Year: 2017'),(3871589,'Batch: Msc Discipline: CSE Year: 2021'),(3873150,'Batch: BTech Discipline: Chemical Year: 2019'),(3876114,'Batch: BTech Discipline: CSE Year: 2019'),(3894937,'Batch: Msc Discipline: MSE Year: 2016'),(3909700,'Batch: Masters Discipline: MSE Year: 2020'),(3916952,'Batch: BTech Discipline: CSE Year: 2016'),(3928607,'Batch: Mtech Discipline: MSE Year: 2019'),(3931815,'Batch: PhD Discipline: MSE Year: 2017'),(3938478,'Batch: Mtech Discipline: CSE Year: 2017'),(3962086,'Batch: PhD Discipline: CSE Year: 2016'),(3990309,'Batch: Mtech Discipline: CSE Year: 2020'),(4005456,'Batch: BTech Discipline: Electrical Year: 2020'),(4026180,'Batch: Msc Discipline: Chemical Year: 2017'),(4053276,'Batch: BTech Discipline: Chemical Year: 2021'),(4072816,'Batch: Masters Discipline: Chemical Year: 2021'),(4078490,'Batch: Mtech Discipline: CSE Year: 2020'),(4078783,'Batch: PhD Discipline: Electrical Year: 2016'),(4086600,'Batch: Masters Discipline: Mechanical Year: 2020'),(4099888,'Batch: Masters Discipline: MSE Year: 2019'),(4104769,'Batch: BTech Discipline: MSE Year: 2018'),(4107191,'Batch: BTech Discipline: Mechanical Year: 2020'),(4116106,'Batch: Mtech Discipline: Electrical Year: 2021'),(4121334,'Batch: Mtech Discipline: MSE Year: 2021'),(4125363,'Batch: Mtech Discipline: Civil Year: 2018'),(4138241,'Batch: Masters Discipline: Chemical Year: 2021'),(4155483,'Batch: Mtech Discipline: MSE Year: 2017'),(4159919,'Batch: Masters Discipline: Mechanical Year: 2017'),(4165622,'Batch: PhD Discipline: Chemical Year: 2016'),(4194371,'Batch: Masters Discipline: CSE Year: 2019'),(4207770,'Batch: PhD Discipline: Mechanical Year: 2019'),(4228603,'Batch: Msc Discipline: Mechanical Year: 2017'),(4257584,'Batch: Masters Discipline: Mechanical Year: 2016'),(4266567,'Batch: PhD Discipline: Chemical Year: 2019'),(4288248,'Batch: BTech Discipline: CSE Year: 2020'),(4293480,'Batch: Msc Discipline: Civil Year: 2017'),(4293924,'Batch: Mtech Discipline: Mechanical Year: 2017'),(4296914,'Batch: PhD Discipline: Electrical Year: 2020'),(4302630,'Batch: Msc Discipline: CSE Year: 2021'),(4308831,'Batch: Msc Discipline: Civil Year: 2017'),(4317622,'Batch: PhD Discipline: CSE Year: 2021'),(4318455,'Batch: Mtech Discipline: Electrical Year: 2016'),(4341578,'Batch: Mtech Discipline: Chemical Year: 2021'),(4348504,'Batch: Masters Discipline: Mechanical Year: 2017'),(4358071,'Batch: BTech Discipline: Electrical Year: 2021'),(4358231,'Batch: Msc Discipline: Civil Year: 2017'),(4374522,'Batch: BTech Discipline: Electrical Year: 2018'),(4382087,'Batch: Masters Discipline: CSE Year: 2018'),(4387878,'Batch: PhD Discipline: CSE Year: 2017'),(4391517,'Batch: PhD Discipline: Electrical Year: 2020'),(4402940,'Batch: Msc Discipline: Civil Year: 2016'),(4405920,'Batch: Masters Discipline: Civil Year: 2017'),(4409024,'Batch: PhD Discipline: Chemical Year: 2016'),(4421163,'Batch: Masters Discipline: CSE Year: 2019'),(4424947,'Batch: BTech Discipline: Chemical Year: 2018'),(4442075,'Batch: Masters Discipline: Mechanical Year: 2018'),(4452025,'Batch: PhD Discipline: CSE Year: 2020'),(4454806,'Batch: Msc Discipline: MSE Year: 2017'),(4464633,'Batch: Mtech Discipline: Electrical Year: 2018'),(4472473,'Batch: Mtech Discipline: Civil Year: 2016'),(4481390,'Batch: Masters Discipline: Chemical Year: 2017'),(4482584,'Batch: BTech Discipline: CSE Year: 2019'),(4486939,'Batch: Msc Discipline: Electrical Year: 2021'),(4487385,'Batch: Mtech Discipline: CSE Year: 2020'),(4505526,'Batch: PhD Discipline: Chemical Year: 2018'),(4507593,'Batch: Masters Discipline: Electrical Year: 2018'),(4508922,'Batch: Mtech Discipline: CSE Year: 2017'),(4517874,'Batch: Mtech Discipline: Mechanical Year: 2020'),(4520697,'Batch: BTech Discipline: CSE Year: 2020'),(4579357,'Batch: PhD Discipline: Chemical Year: 2017'),(4581154,'Batch: BTech Discipline: Chemical Year: 2019'),(4593561,'Batch: Masters Discipline: MSE Year: 2019'),(4596528,'Batch: Masters Discipline: Mechanical Year: 2021'),(4603900,'Batch: BTech Discipline: Electrical Year: 2019'),(4609385,'Batch: PhD Discipline: Electrical Year: 2016'),(4625594,'Batch: BTech Discipline: Civil Year: 2016'),(4627601,'Batch: Masters Discipline: Civil Year: 2017'),(4648584,'Batch: BTech Discipline: CSE Year: 2021'),(4651764,'Batch: Mtech Discipline: Civil Year: 2021'),(4652217,'Batch: Msc Discipline: Electrical Year: 2020'),(4679946,'Batch: Mtech Discipline: Electrical Year: 2016'),(4680785,'Batch: PhD Discipline: Chemical Year: 2019'),(4688652,'Batch: PhD Discipline: CSE Year: 2021'),(4703813,'Batch: BTech Discipline: Mechanical Year: 2018'),(4723753,'Batch: Msc Discipline: Mechanical Year: 2016'),(4726795,'Batch: Masters Discipline: Electrical Year: 2018'),(4727552,'Batch: PhD Discipline: Civil Year: 2016'),(4730507,'Batch: PhD Discipline: CSE Year: 2019'),(4736267,'Batch: BTech Discipline: Chemical Year: 2017'),(4751368,'Batch: Msc Discipline: Electrical Year: 2018'),(4756621,'Batch: Mtech Discipline: MSE Year: 2016'),(4758206,'Batch: BTech Discipline: Mechanical Year: 2021'),(4759702,'Batch: Masters Discipline: Chemical Year: 2019'),(4781229,'Batch: PhD Discipline: Chemical Year: 2020'),(4791420,'Batch: Msc Discipline: Electrical Year: 2018'),(4791974,'Batch: PhD Discipline: MSE Year: 2020'),(4799375,'Batch: BTech Discipline: Chemical Year: 2021'),(4807963,'Batch: BTech Discipline: CSE Year: 2016'),(4810483,'Batch: BTech Discipline: Chemical Year: 2021'),(4831029,'Batch: Mtech Discipline: Mechanical Year: 2019'),(4838149,'Batch: BTech Discipline: MSE Year: 2020'),(4841010,'Batch: Masters Discipline: CSE Year: 2020'),(4846082,'Batch: Masters Discipline: Chemical Year: 2020'),(4855994,'Batch: BTech Discipline: Electrical Year: 2017'),(4869125,'Batch: BTech Discipline: Electrical Year: 2019'),(4871987,'Batch: Masters Discipline: Electrical Year: 2020'),(4873617,'Batch: Mtech Discipline: Electrical Year: 2019'),(4898006,'Batch: BTech Discipline: Mechanical Year: 2020'),(4910236,'Batch: Mtech Discipline: MSE Year: 2021'),(4919518,'Batch: BTech Discipline: MSE Year: 2019'),(4923228,'Batch: Mtech Discipline: CSE Year: 2019'),(4931984,'Batch: PhD Discipline: Mechanical Year: 2016'),(4947517,'Batch: Mtech Discipline: CSE Year: 2016'),(4949030,'Batch: BTech Discipline: MSE Year: 2017'),(4967589,'Batch: Masters Discipline: Electrical Year: 2021'),(4981779,'Batch: Masters Discipline: CSE Year: 2021'),(4987001,'Batch: Mtech Discipline: Civil Year: 2016'),(4987263,'Batch: PhD Discipline: Mechanical Year: 2017'),(5007286,'Batch: PhD Discipline: MSE Year: 2016'),(5009490,'Batch: BTech Discipline: Chemical Year: 2016'),(5010683,'Batch: PhD Discipline: Chemical Year: 2020'),(5028755,'Batch: BTech Discipline: Electrical Year: 2016'),(5044109,'Batch: BTech Discipline: Civil Year: 2019'),(5045606,'Batch: PhD Discipline: Electrical Year: 2021'),(5049465,'Batch: Masters Discipline: CSE Year: 2018'),(5055808,'Batch: Msc Discipline: Civil Year: 2017'),(5056934,'Batch: BTech Discipline: Mechanical Year: 2017'),(5065891,'Batch: Mtech Discipline: Mechanical Year: 2017'),(5081487,'Batch: Msc Discipline: CSE Year: 2018'),(5103064,'Batch: PhD Discipline: Mechanical Year: 2017'),(5106942,'Batch: Mtech Discipline: Mechanical Year: 2018'),(5131839,'Batch: Masters Discipline: Mechanical Year: 2018'),(5137341,'Batch: PhD Discipline: CSE Year: 2017'),(5149956,'Batch: Msc Discipline: Chemical Year: 2020'),(5157183,'Batch: PhD Discipline: Civil Year: 2021'),(5158174,'Batch: Msc Discipline: MSE Year: 2020'),(5164827,'Batch: Mtech Discipline: MSE Year: 2021'),(5179142,'Batch: Mtech Discipline: Mechanical Year: 2017'),(5202932,'Batch: Masters Discipline: Civil Year: 2016'),(5206051,'Batch: PhD Discipline: Electrical Year: 2016'),(5223743,'Batch: PhD Discipline: MSE Year: 2019'),(5224897,'Batch: Msc Discipline: Electrical Year: 2020'),(5242781,'Batch: PhD Discipline: Mechanical Year: 2019'),(5244233,'Batch: PhD Discipline: Civil Year: 2018'),(5256265,'Batch: Mtech Discipline: Civil Year: 2018'),(5264438,'Batch: Msc Discipline: Civil Year: 2016'),(5287492,'Batch: PhD Discipline: Chemical Year: 2021'),(5309297,'Batch: Mtech Discipline: MSE Year: 2017'),(5311461,'Batch: Mtech Discipline: Chemical Year: 2020'),(5323820,'Batch: PhD Discipline: Mechanical Year: 2016'),(5343576,'Batch: Msc Discipline: Civil Year: 2016'),(5351666,'Batch: Masters Discipline: MSE Year: 2018'),(5359435,'Batch: PhD Discipline: Civil Year: 2019'),(5365152,'Batch: BTech Discipline: Chemical Year: 2016'),(5375101,'Batch: Masters Discipline: MSE Year: 2018'),(5431323,'Batch: Msc Discipline: CSE Year: 2019'),(5463297,'Batch: PhD Discipline: Mechanical Year: 2021'),(5467144,'Batch: Msc Discipline: Chemical Year: 2021'),(5475797,'Batch: PhD Discipline: Chemical Year: 2016'),(5483855,'Batch: Msc Discipline: Mechanical Year: 2021'),(5493080,'Batch: BTech Discipline: Chemical Year: 2019'),(5493831,'Batch: Mtech Discipline: Chemical Year: 2017'),(5513802,'Batch: Masters Discipline: Electrical Year: 2020'),(5523217,'Batch: Mtech Discipline: Civil Year: 2016'),(5530103,'Batch: Mtech Discipline: Electrical Year: 2016'),(5542108,'Batch: BTech Discipline: Mechanical Year: 2021'),(5553832,'Batch: Msc Discipline: Chemical Year: 2018'),(5581635,'Batch: Masters Discipline: Civil Year: 2021'),(5590857,'Batch: BTech Discipline: Chemical Year: 2020'),(5593626,'Batch: PhD Discipline: MSE Year: 2019'),(5595814,'Batch: PhD Discipline: Civil Year: 2018'),(5596784,'Batch: BTech Discipline: Civil Year: 2017'),(5597210,'Batch: Msc Discipline: Chemical Year: 2021'),(5597792,'Batch: PhD Discipline: Civil Year: 2021'),(5601564,'Batch: Msc Discipline: Electrical Year: 2017'),(5606474,'Batch: Mtech Discipline: Civil Year: 2020'),(5607222,'Batch: PhD Discipline: Electrical Year: 2017'),(5609886,'Batch: PhD Discipline: MSE Year: 2017'),(5612671,'Batch: Msc Discipline: Electrical Year: 2020'),(5619558,'Batch: BTech Discipline: Chemical Year: 2018'),(5627691,'Batch: Masters Discipline: CSE Year: 2020'),(5634079,'Batch: PhD Discipline: Mechanical Year: 2021'),(5637041,'Batch: BTech Discipline: Mechanical Year: 2019'),(5643694,'Batch: BTech Discipline: Electrical Year: 2019'),(5649538,'Batch: BTech Discipline: MSE Year: 2020'),(5651294,'Batch: Mtech Discipline: Mechanical Year: 2018'),(5660061,'Batch: BTech Discipline: Mechanical Year: 2020'),(5677604,'Batch: Masters Discipline: MSE Year: 2018'),(5690633,'Batch: PhD Discipline: Civil Year: 2017'),(5690848,'Batch: Mtech Discipline: MSE Year: 2021'),(5693340,'Batch: Msc Discipline: MSE Year: 2017'),(5693727,'Batch: Msc Discipline: Chemical Year: 2019'),(5698150,'Batch: BTech Discipline: Chemical Year: 2016'),(5700644,'Batch: Msc Discipline: Mechanical Year: 2019'),(5711169,'Batch: PhD Discipline: Mechanical Year: 2021'),(5711539,'Batch: Mtech Discipline: Chemical Year: 2017'),(5715639,'Batch: Masters Discipline: Mechanical Year: 2021'),(5715904,'Batch: PhD Discipline: Mechanical Year: 2016'),(5726910,'Batch: BTech Discipline: Civil Year: 2016'),(5727639,'Batch: Mtech Discipline: Civil Year: 2017'),(5740302,'Batch: Masters Discipline: Chemical Year: 2017'),(5752294,'Batch: PhD Discipline: MSE Year: 2016'),(5774382,'Batch: Masters Discipline: Chemical Year: 2018'),(5784509,'Batch: Mtech Discipline: Civil Year: 2021'),(5790038,'Batch: Masters Discipline: MSE Year: 2019'),(5808796,'Batch: PhD Discipline: Chemical Year: 2017'),(5814798,'Batch: Masters Discipline: Civil Year: 2019'),(5830299,'Batch: Masters Discipline: MSE Year: 2017'),(5838513,'Batch: Msc Discipline: Electrical Year: 2019'),(5851034,'Batch: Msc Discipline: MSE Year: 2020'),(5858629,'Batch: Mtech Discipline: CSE Year: 2019'),(5861811,'Batch: Mtech Discipline: Electrical Year: 2017'),(5872510,'Batch: PhD Discipline: Mechanical Year: 2016'),(5875462,'Batch: Masters Discipline: Mechanical Year: 2018'),(5888564,'Batch: Mtech Discipline: Civil Year: 2020'),(5911012,'Batch: Mtech Discipline: MSE Year: 2018'),(5914162,'Batch: Mtech Discipline: CSE Year: 2016'),(5929193,'Batch: Masters Discipline: Chemical Year: 2019'),(5932716,'Batch: Msc Discipline: CSE Year: 2020'),(5948946,'Batch: BTech Discipline: Chemical Year: 2019'),(5951646,'Batch: Mtech Discipline: Civil Year: 2021'),(5983689,'Batch: Masters Discipline: MSE Year: 2019'),(5985148,'Batch: Masters Discipline: CSE Year: 2020'),(5996240,'Batch: Msc Discipline: Chemical Year: 2017'),(6025209,'Batch: BTech Discipline: Civil Year: 2017'),(6028483,'Batch: Mtech Discipline: Chemical Year: 2017'),(6031115,'Batch: Msc Discipline: CSE Year: 2019'),(6034281,'Batch: Mtech Discipline: CSE Year: 2017'),(6098497,'Batch: BTech Discipline: Chemical Year: 2020'),(6109563,'Batch: Msc Discipline: MSE Year: 2019'),(6114984,'Batch: Mtech Discipline: Civil Year: 2018'),(6125460,'Batch: BTech Discipline: Civil Year: 2018'),(6128931,'Batch: BTech Discipline: Chemical Year: 2019'),(6138757,'Batch: Msc Discipline: Electrical Year: 2017'),(6143503,'Batch: Masters Discipline: Civil Year: 2017'),(6182516,'Batch: Masters Discipline: CSE Year: 2017'),(6193601,'Batch: Msc Discipline: CSE Year: 2020'),(6197886,'Batch: BTech Discipline: MSE Year: 2020'),(6199090,'Batch: BTech Discipline: CSE Year: 2021'),(6204809,'Batch: BTech Discipline: Mechanical Year: 2021'),(6222069,'Batch: PhD Discipline: Mechanical Year: 2017'),(6225690,'Batch: BTech Discipline: CSE Year: 2018'),(6230615,'Batch: Msc Discipline: Mechanical Year: 2019'),(6255814,'Batch: Mtech Discipline: CSE Year: 2020'),(6258310,'Batch: Masters Discipline: Electrical Year: 2020'),(6277440,'Batch: Msc Discipline: Civil Year: 2021'),(6284455,'Batch: Msc Discipline: Chemical Year: 2020'),(6287409,'Batch: PhD Discipline: MSE Year: 2016'),(6292160,'Batch: Msc Discipline: MSE Year: 2016'),(6292619,'Batch: PhD Discipline: Chemical Year: 2017'),(6295776,'Batch: BTech Discipline: Electrical Year: 2021'),(6309390,'Batch: Msc Discipline: MSE Year: 2018'),(6316380,'Batch: BTech Discipline: Electrical Year: 2016'),(6321385,'Batch: Mtech Discipline: Mechanical Year: 2018'),(6322497,'Batch: PhD Discipline: Civil Year: 2018'),(6352963,'Batch: Msc Discipline: Mechanical Year: 2018'),(6354528,'Batch: PhD Discipline: CSE Year: 2016'),(6358169,'Batch: PhD Discipline: Chemical Year: 2019'),(6372949,'Batch: Masters Discipline: Civil Year: 2019'),(6376527,'Batch: PhD Discipline: MSE Year: 2019'),(6377840,'Batch: Mtech Discipline: Electrical Year: 2017'),(6397280,'Batch: Mtech Discipline: Civil Year: 2021'),(6398190,'Batch: BTech Discipline: Chemical Year: 2019'),(6405412,'Batch: PhD Discipline: Chemical Year: 2020'),(6417881,'Batch: Mtech Discipline: Civil Year: 2021'),(6451739,'Batch: Mtech Discipline: Mechanical Year: 2019'),(6469161,'Batch: Masters Discipline: Civil Year: 2021'),(6477281,'Batch: Masters Discipline: Electrical Year: 2019'),(6500135,'Batch: Mtech Discipline: Electrical Year: 2018'),(6500633,'Batch: PhD Discipline: Civil Year: 2019'),(6519740,'Batch: PhD Discipline: Electrical Year: 2021'),(6537510,'Batch: BTech Discipline: Chemical Year: 2017'),(6541326,'Batch: Masters Discipline: Mechanical Year: 2018'),(6550820,'Batch: Mtech Discipline: Electrical Year: 2021'),(6564975,'Batch: BTech Discipline: MSE Year: 2017'),(6573071,'Batch: PhD Discipline: Mechanical Year: 2016'),(6588174,'Batch: Mtech Discipline: Chemical Year: 2019'),(6593276,'Batch: Msc Discipline: Chemical Year: 2019'),(6594063,'Batch: Msc Discipline: MSE Year: 2016'),(6613056,'Batch: Mtech Discipline: Mechanical Year: 2016'),(6616813,'Batch: PhD Discipline: Electrical Year: 2019'),(6618776,'Batch: Msc Discipline: Mechanical Year: 2018'),(6619098,'Batch: Msc Discipline: Chemical Year: 2021'),(6621029,'Batch: BTech Discipline: MSE Year: 2017'),(6626331,'Batch: PhD Discipline: CSE Year: 2021'),(6637111,'Batch: PhD Discipline: Chemical Year: 2018'),(6638404,'Batch: PhD Discipline: Electrical Year: 2017'),(6653079,'Batch: Mtech Discipline: CSE Year: 2017'),(6656892,'Batch: Masters Discipline: Civil Year: 2020'),(6657854,'Batch: Masters Discipline: MSE Year: 2016'),(6658732,'Batch: Mtech Discipline: CSE Year: 2017'),(6664964,'Batch: Masters Discipline: Chemical Year: 2016'),(6667202,'Batch: Msc Discipline: CSE Year: 2016'),(6681015,'Batch: Msc Discipline: Civil Year: 2017'),(6699105,'Batch: BTech Discipline: Electrical Year: 2016'),(6699440,'Batch: Msc Discipline: Electrical Year: 2021'),(6706411,'Batch: Mtech Discipline: Mechanical Year: 2016'),(6706967,'Batch: Msc Discipline: Mechanical Year: 2016'),(6727711,'Batch: PhD Discipline: Civil Year: 2021'),(6742333,'Batch: Mtech Discipline: Electrical Year: 2017'),(6751981,'Batch: BTech Discipline: MSE Year: 2017'),(6761983,'Batch: Msc Discipline: Electrical Year: 2016'),(6777055,'Batch: Msc Discipline: Chemical Year: 2019'),(6789518,'Batch: Mtech Discipline: Civil Year: 2020'),(6796670,'Batch: Msc Discipline: Civil Year: 2018'),(6814179,'Batch: Masters Discipline: MSE Year: 2021'),(6814883,'Batch: Mtech Discipline: MSE Year: 2020'),(6821047,'Batch: Mtech Discipline: Mechanical Year: 2021'),(6826870,'Batch: PhD Discipline: Electrical Year: 2017'),(6832087,'Batch: PhD Discipline: Mechanical Year: 2016'),(6835505,'Batch: BTech Discipline: CSE Year: 2018'),(6837281,'Batch: BTech Discipline: CSE Year: 2019'),(6857760,'Batch: PhD Discipline: Mechanical Year: 2019'),(6858006,'Batch: Masters Discipline: Chemical Year: 2016'),(6861447,'Batch: Masters Discipline: Mechanical Year: 2018'),(6867279,'Batch: Msc Discipline: Electrical Year: 2016'),(6883612,'Batch: Mtech Discipline: MSE Year: 2021'),(6895446,'Batch: PhD Discipline: MSE Year: 2021'),(6895951,'Batch: BTech Discipline: MSE Year: 2020'),(6909372,'Batch: BTech Discipline: CSE Year: 2018'),(6914791,'Batch: Msc Discipline: Chemical Year: 2020'),(6916351,'Batch: PhD Discipline: Civil Year: 2021'),(6925420,'Batch: Masters Discipline: Civil Year: 2019'),(6926215,'Batch: BTech Discipline: Electrical Year: 2016'),(6929596,'Batch: Masters Discipline: Civil Year: 2021'),(6931474,'Batch: Mtech Discipline: Civil Year: 2021'),(6940966,'Batch: Msc Discipline: Chemical Year: 2016'),(6945991,'Batch: PhD Discipline: Chemical Year: 2020'),(6952454,'Batch: Msc Discipline: Mechanical Year: 2019'),(6954907,'Batch: PhD Discipline: Civil Year: 2020'),(6966372,'Batch: Masters Discipline: CSE Year: 2019'),(6996997,'Batch: Masters Discipline: Chemical Year: 2021'),(7018675,'Batch: Masters Discipline: Mechanical Year: 2020'),(7026294,'Batch: BTech Discipline: Chemical Year: 2016'),(7026928,'Batch: BTech Discipline: CSE Year: 2017'),(7030590,'Batch: Masters Discipline: CSE Year: 2017'),(7042928,'Batch: PhD Discipline: Electrical Year: 2017'),(7074376,'Batch: Msc Discipline: Chemical Year: 2021'),(7089702,'Batch: PhD Discipline: Civil Year: 2020'),(7092555,'Batch: BTech Discipline: Civil Year: 2017'),(7101882,'Batch: Masters Discipline: CSE Year: 2017'),(7102263,'Batch: Mtech Discipline: Civil Year: 2020'),(7103618,'Batch: Msc Discipline: Civil Year: 2018'),(7107698,'Batch: Masters Discipline: Chemical Year: 2019'),(7113097,'Batch: PhD Discipline: CSE Year: 2020'),(7138337,'Batch: Msc Discipline: Electrical Year: 2016'),(7152244,'Batch: Msc Discipline: CSE Year: 2020'),(7160463,'Batch: Masters Discipline: Chemical Year: 2021'),(7179532,'Batch: PhD Discipline: Chemical Year: 2016'),(7182246,'Batch: Msc Discipline: MSE Year: 2017'),(7197869,'Batch: Mtech Discipline: Mechanical Year: 2018'),(7240695,'Batch: PhD Discipline: CSE Year: 2017'),(7246300,'Batch: PhD Discipline: MSE Year: 2021'),(7247384,'Batch: Mtech Discipline: CSE Year: 2018'),(7250750,'Batch: Mtech Discipline: Mechanical Year: 2016'),(7252271,'Batch: Msc Discipline: Electrical Year: 2020'),(7265032,'Batch: Mtech Discipline: CSE Year: 2021'),(7269962,'Batch: Mtech Discipline: Civil Year: 2021'),(7276506,'Batch: BTech Discipline: Electrical Year: 2016'),(7279910,'Batch: PhD Discipline: CSE Year: 2016'),(7285597,'Batch: Msc Discipline: Civil Year: 2016'),(7305686,'Batch: Mtech Discipline: CSE Year: 2017'),(7309803,'Batch: PhD Discipline: MSE Year: 2020'),(7310968,'Batch: Msc Discipline: Civil Year: 2017'),(7317463,'Batch: PhD Discipline: MSE Year: 2017'),(7319636,'Batch: Msc Discipline: Mechanical Year: 2016'),(7324978,'Batch: BTech Discipline: Civil Year: 2018'),(7328314,'Batch: Masters Discipline: Mechanical Year: 2018'),(7333229,'Batch: Masters Discipline: CSE Year: 2021'),(7342989,'Batch: Mtech Discipline: Civil Year: 2021'),(7343951,'Batch: PhD Discipline: Electrical Year: 2020'),(7351390,'Batch: BTech Discipline: MSE Year: 2019'),(7361051,'Batch: Msc Discipline: Civil Year: 2020'),(7361597,'Batch: BTech Discipline: Civil Year: 2020'),(7375177,'Batch: PhD Discipline: Mechanical Year: 2016'),(7405411,'Batch: Mtech Discipline: CSE Year: 2016'),(7406868,'Batch: Masters Discipline: CSE Year: 2018'),(7425077,'Batch: Masters Discipline: MSE Year: 2019'),(7425540,'Batch: BTech Discipline: MSE Year: 2017'),(7440259,'Batch: BTech Discipline: MSE Year: 2021'),(7453536,'Batch: PhD Discipline: CSE Year: 2016'),(7458836,'Batch: BTech Discipline: Civil Year: 2020'),(7469746,'Batch: Mtech Discipline: Electrical Year: 2019'),(7476080,'Batch: PhD Discipline: MSE Year: 2018'),(7511329,'Batch: PhD Discipline: Chemical Year: 2016'),(7517403,'Batch: Mtech Discipline: CSE Year: 2017'),(7523807,'Batch: BTech Discipline: Electrical Year: 2019'),(7527585,'Batch: Mtech Discipline: Chemical Year: 2021'),(7535952,'Batch: PhD Discipline: Electrical Year: 2018'),(7544376,'Batch: Masters Discipline: MSE Year: 2017'),(7545572,'Batch: Msc Discipline: Chemical Year: 2018'),(7556469,'Batch: Mtech Discipline: Chemical Year: 2019'),(7560904,'Batch: Masters Discipline: Chemical Year: 2018'),(7567485,'Batch: PhD Discipline: Civil Year: 2017'),(7570033,'Batch: BTech Discipline: Mechanical Year: 2020'),(7584589,'Batch: PhD Discipline: Electrical Year: 2019'),(7605818,'Batch: PhD Discipline: Electrical Year: 2018'),(7611010,'Batch: Msc Discipline: Electrical Year: 2018'),(7611450,'Batch: Msc Discipline: Electrical Year: 2021'),(7620387,'Batch: Msc Discipline: Civil Year: 2020'),(7629074,'Batch: PhD Discipline: Civil Year: 2018'),(7639661,'Batch: PhD Discipline: Electrical Year: 2021'),(7650146,'Batch: PhD Discipline: Civil Year: 2019'),(7670664,'Batch: Mtech Discipline: Chemical Year: 2016'),(7689853,'Batch: Mtech Discipline: CSE Year: 2016'),(7698539,'Batch: BTech Discipline: Electrical Year: 2019'),(7701473,'Batch: PhD Discipline: CSE Year: 2018'),(7709058,'Batch: Masters Discipline: MSE Year: 2017'),(7710689,'Batch: PhD Discipline: CSE Year: 2021'),(7718885,'Batch: Msc Discipline: Mechanical Year: 2016'),(7724500,'Batch: Masters Discipline: Civil Year: 2021'),(7736724,'Batch: BTech Discipline: Electrical Year: 2020'),(7736824,'Batch: Mtech Discipline: CSE Year: 2016'),(7774231,'Batch: BTech Discipline: Mechanical Year: 2020'),(7774285,'Batch: Msc Discipline: Mechanical Year: 2017'),(7777524,'Batch: Msc Discipline: CSE Year: 2021'),(7801042,'Batch: PhD Discipline: Mechanical Year: 2017'),(7816589,'Batch: BTech Discipline: Mechanical Year: 2020'),(7824430,'Batch: Mtech Discipline: Civil Year: 2021'),(7839373,'Batch: PhD Discipline: Civil Year: 2021'),(7840669,'Batch: Masters Discipline: Civil Year: 2020'),(7854106,'Batch: BTech Discipline: Mechanical Year: 2021'),(7854886,'Batch: Msc Discipline: Civil Year: 2020'),(7859906,'Batch: Mtech Discipline: Civil Year: 2021'),(7871835,'Batch: Masters Discipline: Electrical Year: 2020'),(7872942,'Batch: Msc Discipline: MSE Year: 2016'),(7874837,'Batch: BTech Discipline: CSE Year: 2021'),(7885293,'Batch: Mtech Discipline: Mechanical Year: 2018'),(7888338,'Batch: BTech Discipline: Civil Year: 2017'),(7890368,'Batch: Mtech Discipline: Chemical Year: 2021'),(7922886,'Batch: Masters Discipline: Electrical Year: 2018'),(7925842,'Batch: Msc Discipline: Electrical Year: 2016'),(7932915,'Batch: Mtech Discipline: CSE Year: 2017'),(7936723,'Batch: BTech Discipline: Chemical Year: 2019'),(7942757,'Batch: Mtech Discipline: Electrical Year: 2020'),(7944373,'Batch: Mtech Discipline: Mechanical Year: 2019'),(7946155,'Batch: Masters Discipline: Electrical Year: 2020'),(7961627,'Batch: Msc Discipline: MSE Year: 2020'),(7963259,'Batch: Msc Discipline: MSE Year: 2020'),(7973963,'Batch: BTech Discipline: Mechanical Year: 2020'),(7987950,'Batch: Masters Discipline: Chemical Year: 2020'),(7988696,'Batch: BTech Discipline: Chemical Year: 2018'),(7989102,'Batch: Msc Discipline: CSE Year: 2016'),(7996594,'Batch: Masters Discipline: Chemical Year: 2018'),(8003683,'Batch: BTech Discipline: Chemical Year: 2016'),(8006656,'Batch: BTech Discipline: Chemical Year: 2021'),(8007692,'Batch: BTech Discipline: CSE Year: 2018'),(8011328,'Batch: PhD Discipline: Civil Year: 2020'),(8011577,'Batch: BTech Discipline: MSE Year: 2018'),(8015637,'Batch: PhD Discipline: Civil Year: 2021'),(8017134,'Batch: Mtech Discipline: Civil Year: 2020'),(8017191,'Batch: Msc Discipline: MSE Year: 2018'),(8021898,'Batch: Msc Discipline: Electrical Year: 2016'),(8023840,'Batch: Masters Discipline: Mechanical Year: 2017'),(8036268,'Batch: BTech Discipline: Electrical Year: 2016'),(8040063,'Batch: BTech Discipline: Civil Year: 2017'),(8040943,'Batch: Mtech Discipline: Electrical Year: 2020'),(8043688,'Batch: Msc Discipline: Chemical Year: 2019'),(8052090,'Batch: Masters Discipline: Mechanical Year: 2020'),(8054679,'Batch: Masters Discipline: CSE Year: 2018'),(8055587,'Batch: PhD Discipline: Electrical Year: 2017'),(8058070,'Batch: PhD Discipline: Electrical Year: 2020'),(8059015,'Batch: Masters Discipline: MSE Year: 2019'),(8069803,'Batch: Masters Discipline: Chemical Year: 2018'),(8069875,'Batch: Msc Discipline: CSE Year: 2016'),(8072170,'Batch: PhD Discipline: Mechanical Year: 2021'),(8078912,'Batch: Msc Discipline: MSE Year: 2021'),(8079576,'Batch: Msc Discipline: CSE Year: 2019'),(8079995,'Batch: Masters Discipline: MSE Year: 2019'),(8086545,'Batch: Msc Discipline: CSE Year: 2016'),(8098530,'Batch: Mtech Discipline: Mechanical Year: 2018'),(8111917,'Batch: Msc Discipline: Chemical Year: 2018'),(8118265,'Batch: Masters Discipline: CSE Year: 2021'),(8123223,'Batch: PhD Discipline: Mechanical Year: 2017'),(8128488,'Batch: BTech Discipline: Electrical Year: 2017'),(8130147,'Batch: Mtech Discipline: Civil Year: 2018'),(8136648,'Batch: PhD Discipline: Chemical Year: 2020'),(8145319,'Batch: BTech Discipline: Electrical Year: 2020'),(8182544,'Batch: Masters Discipline: Civil Year: 2017'),(8191125,'Batch: Masters Discipline: Civil Year: 2021'),(8196372,'Batch: Msc Discipline: Civil Year: 2020'),(8211221,'Batch: Masters Discipline: Chemical Year: 2021'),(8211581,'Batch: Mtech Discipline: Chemical Year: 2021'),(8214504,'Batch: PhD Discipline: Chemical Year: 2019'),(8217312,'Batch: BTech Discipline: CSE Year: 2021'),(8219806,'Batch: Mtech Discipline: Chemical Year: 2021'),(8223233,'Batch: Masters Discipline: MSE Year: 2017'),(8232281,'Batch: Mtech Discipline: CSE Year: 2017'),(8233994,'Batch: Msc Discipline: MSE Year: 2018'),(8270764,'Batch: BTech Discipline: CSE Year: 2016'),(8273025,'Batch: Masters Discipline: CSE Year: 2020'),(8273431,'Batch: Masters Discipline: Mechanical Year: 2020'),(8276805,'Batch: Mtech Discipline: Civil Year: 2021'),(8281594,'Batch: PhD Discipline: Mechanical Year: 2020'),(8295972,'Batch: Masters Discipline: Electrical Year: 2017'),(8296074,'Batch: Msc Discipline: Mechanical Year: 2016'),(8296333,'Batch: Masters Discipline: Civil Year: 2019'),(8307047,'Batch: Mtech Discipline: Civil Year: 2020'),(8313906,'Batch: BTech Discipline: CSE Year: 2018'),(8317675,'Batch: Masters Discipline: Chemical Year: 2019'),(8322668,'Batch: Mtech Discipline: Civil Year: 2017'),(8335295,'Batch: Masters Discipline: Electrical Year: 2018'),(8343007,'Batch: BTech Discipline: Chemical Year: 2016'),(8343164,'Batch: Msc Discipline: Chemical Year: 2016'),(8354212,'Batch: Masters Discipline: Electrical Year: 2016'),(8365673,'Batch: Msc Discipline: Mechanical Year: 2016'),(8376670,'Batch: Masters Discipline: Civil Year: 2020'),(8387588,'Batch: BTech Discipline: Mechanical Year: 2021'),(8401918,'Batch: Masters Discipline: Electrical Year: 2020'),(8402189,'Batch: Msc Discipline: Chemical Year: 2018'),(8413588,'Batch: Mtech Discipline: Mechanical Year: 2017'),(8413781,'Batch: PhD Discipline: CSE Year: 2017'),(8414322,'Batch: Msc Discipline: Chemical Year: 2018'),(8418939,'Batch: Masters Discipline: Electrical Year: 2019'),(8419901,'Batch: Msc Discipline: Electrical Year: 2020'),(8433398,'Batch: Masters Discipline: MSE Year: 2016'),(8436282,'Batch: Masters Discipline: Mechanical Year: 2016'),(8463221,'Batch: PhD Discipline: Mechanical Year: 2020'),(8471929,'Batch: Mtech Discipline: Mechanical Year: 2019'),(8481013,'Batch: Msc Discipline: Electrical Year: 2020'),(8503816,'Batch: PhD Discipline: Civil Year: 2020'),(8532537,'Batch: Msc Discipline: Electrical Year: 2021'),(8598377,'Batch: PhD Discipline: Electrical Year: 2020'),(8611445,'Batch: BTech Discipline: Electrical Year: 2019'),(8612584,'Batch: Mtech Discipline: CSE Year: 2018'),(8614767,'Batch: Masters Discipline: Mechanical Year: 2019'),(8625977,'Batch: Mtech Discipline: Mechanical Year: 2020'),(8627636,'Batch: Masters Discipline: Civil Year: 2019'),(8636326,'Batch: Mtech Discipline: MSE Year: 2018'),(8647307,'Batch: Msc Discipline: Mechanical Year: 2016'),(8656231,'Batch: Masters Discipline: Mechanical Year: 2016'),(8657098,'Batch: BTech Discipline: Civil Year: 2020'),(8682168,'Batch: BTech Discipline: Mechanical Year: 2021'),(8686849,'Batch: Mtech Discipline: CSE Year: 2019'),(8694457,'Batch: PhD Discipline: Mechanical Year: 2019'),(8696424,'Batch: BTech Discipline: Electrical Year: 2020'),(8742500,'Batch: Mtech Discipline: Electrical Year: 2021'),(8752507,'Batch: Mtech Discipline: Mechanical Year: 2016'),(8752530,'Batch: Mtech Discipline: Civil Year: 2021'),(8759974,'Batch: Mtech Discipline: CSE Year: 2019'),(8767182,'Batch: Msc Discipline: CSE Year: 2021'),(8780579,'Batch: Masters Discipline: Electrical Year: 2017'),(8785885,'Batch: Msc Discipline: Electrical Year: 2020'),(8804824,'Batch: Mtech Discipline: CSE Year: 2018'),(8809085,'Batch: Masters Discipline: Chemical Year: 2019'),(8812014,'Batch: Masters Discipline: Mechanical Year: 2018'),(8824967,'Batch: Mtech Discipline: Civil Year: 2016'),(8840941,'Batch: Mtech Discipline: MSE Year: 2017'),(8848206,'Batch: Masters Discipline: CSE Year: 2021'),(8851455,'Batch: BTech Discipline: MSE Year: 2018'),(8852093,'Batch: Msc Discipline: Electrical Year: 2019'),(8858716,'Batch: BTech Discipline: MSE Year: 2017'),(8860566,'Batch: Mtech Discipline: MSE Year: 2018'),(8864896,'Batch: BTech Discipline: Civil Year: 2017'),(8869633,'Batch: Mtech Discipline: Civil Year: 2016'),(8879651,'Batch: BTech Discipline: Mechanical Year: 2021'),(8883727,'Batch: Mtech Discipline: Mechanical Year: 2021'),(8890627,'Batch: Msc Discipline: Civil Year: 2021'),(8905312,'Batch: Masters Discipline: CSE Year: 2016'),(8918985,'Batch: PhD Discipline: Mechanical Year: 2016'),(8944349,'Batch: PhD Discipline: Electrical Year: 2016'),(8951264,'Batch: Masters Discipline: Civil Year: 2020'),(8959799,'Batch: BTech Discipline: Mechanical Year: 2021'),(8960884,'Batch: Mtech Discipline: Chemical Year: 2019'),(8967383,'Batch: Masters Discipline: Civil Year: 2017'),(8970540,'Batch: BTech Discipline: MSE Year: 2021'),(8975646,'Batch: Masters Discipline: Mechanical Year: 2018'),(8994951,'Batch: BTech Discipline: Mechanical Year: 2016'),(9004774,'Batch: BTech Discipline: MSE Year: 2020'),(9006122,'Batch: Msc Discipline: Electrical Year: 2017'),(9018857,'Batch: BTech Discipline: MSE Year: 2021'),(9021968,'Batch: Msc Discipline: MSE Year: 2018'),(9022517,'Batch: BTech Discipline: Electrical Year: 2020'),(9026135,'Batch: BTech Discipline: Electrical Year: 2016'),(9028966,'Batch: Mtech Discipline: Chemical Year: 2017'),(9029451,'Batch: BTech Discipline: Mechanical Year: 2021'),(9042670,'Batch: Msc Discipline: CSE Year: 2018'),(9074511,'Batch: PhD Discipline: Mechanical Year: 2016'),(9075028,'Batch: Mtech Discipline: Mechanical Year: 2017'),(9090727,'Batch: Mtech Discipline: Civil Year: 2020'),(9095323,'Batch: Mtech Discipline: MSE Year: 2020'),(9101416,'Batch: Masters Discipline: Mechanical Year: 2017'),(9103803,'Batch: BTech Discipline: Electrical Year: 2018'),(9114796,'Batch: PhD Discipline: CSE Year: 2018'),(9126051,'Batch: Mtech Discipline: Civil Year: 2021'),(9141676,'Batch: BTech Discipline: Electrical Year: 2021'),(9142079,'Batch: Mtech Discipline: Mechanical Year: 2017'),(9142734,'Batch: BTech Discipline: Civil Year: 2017'),(9169553,'Batch: PhD Discipline: MSE Year: 2021'),(9169729,'Batch: Mtech Discipline: Chemical Year: 2018'),(9178759,'Batch: Msc Discipline: Chemical Year: 2016'),(9181183,'Batch: Masters Discipline: Electrical Year: 2017'),(9183306,'Batch: PhD Discipline: Mechanical Year: 2019'),(9196874,'Batch: Masters Discipline: Civil Year: 2020'),(9197789,'Batch: Mtech Discipline: CSE Year: 2021'),(9201760,'Batch: Masters Discipline: CSE Year: 2016'),(9204804,'Batch: PhD Discipline: Chemical Year: 2016'),(9209284,'Batch: BTech Discipline: CSE Year: 2021'),(9217025,'Batch: Mtech Discipline: Mechanical Year: 2018'),(9232150,'Batch: Masters Discipline: MSE Year: 2020'),(9240739,'Batch: PhD Discipline: Civil Year: 2020'),(9249333,'Batch: Msc Discipline: Electrical Year: 2019'),(9279982,'Batch: Masters Discipline: Chemical Year: 2021'),(9282181,'Batch: Mtech Discipline: Civil Year: 2021'),(9294720,'Batch: BTech Discipline: MSE Year: 2020'),(9302050,'Batch: Msc Discipline: Chemical Year: 2016'),(9308853,'Batch: BTech Discipline: Civil Year: 2016'),(9321032,'Batch: BTech Discipline: Civil Year: 2016'),(9342603,'Batch: Masters Discipline: Chemical Year: 2017'),(9355015,'Batch: BTech Discipline: Chemical Year: 2020'),(9361614,'Batch: Masters Discipline: Chemical Year: 2018'),(9387162,'Batch: Msc Discipline: Chemical Year: 2019'),(9400620,'Batch: Masters Discipline: Mechanical Year: 2017'),(9414316,'Batch: Masters Discipline: Civil Year: 2020'),(9418696,'Batch: Mtech Discipline: MSE Year: 2019'),(9428208,'Batch: Mtech Discipline: Civil Year: 2021'),(9439541,'Batch: Msc Discipline: Mechanical Year: 2021'),(9447011,'Batch: BTech Discipline: Electrical Year: 2019'),(9448294,'Batch: BTech Discipline: Civil Year: 2020'),(9450549,'Batch: Masters Discipline: Electrical Year: 2020'),(9452140,'Batch: BTech Discipline: Electrical Year: 2019'),(9456189,'Batch: Msc Discipline: CSE Year: 2019'),(9484195,'Batch: PhD Discipline: Civil Year: 2020'),(9505166,'Batch: Masters Discipline: Mechanical Year: 2021'),(9506942,'Batch: Mtech Discipline: CSE Year: 2018'),(9556982,'Batch: BTech Discipline: Mechanical Year: 2019'),(9565328,'Batch: PhD Discipline: Mechanical Year: 2017'),(9576298,'Batch: Masters Discipline: MSE Year: 2018'),(9588980,'Batch: Msc Discipline: CSE Year: 2021'),(9589665,'Batch: PhD Discipline: MSE Year: 2016'),(9607076,'Batch: Msc Discipline: MSE Year: 2017'),(9616289,'Batch: PhD Discipline: CSE Year: 2019'),(9642441,'Batch: Msc Discipline: Civil Year: 2017'),(9643895,'Batch: BTech Discipline: MSE Year: 2019'),(9658883,'Batch: BTech Discipline: Chemical Year: 2016'),(9661248,'Batch: Masters Discipline: MSE Year: 2018'),(9661615,'Batch: Msc Discipline: Mechanical Year: 2021'),(9665974,'Batch: Masters Discipline: Electrical Year: 2018'),(9670906,'Batch: BTech Discipline: Mechanical Year: 2021'),(9677869,'Batch: PhD Discipline: Chemical Year: 2016'),(9682125,'Batch: Msc Discipline: Civil Year: 2021'),(9697712,'Batch: Mtech Discipline: Chemical Year: 2017'),(9698630,'Batch: BTech Discipline: Civil Year: 2020'),(9701700,'Batch: BTech Discipline: Chemical Year: 2020'),(9704957,'Batch: Msc Discipline: MSE Year: 2017'),(9711426,'Batch: PhD Discipline: Civil Year: 2016'),(9741633,'Batch: Mtech Discipline: Mechanical Year: 2018'),(9749783,'Batch: Masters Discipline: CSE Year: 2019'),(9750444,'Batch: Msc Discipline: Chemical Year: 2020'),(9751829,'Batch: Masters Discipline: CSE Year: 2016'),(9751882,'Batch: Msc Discipline: Electrical Year: 2016'),(9752484,'Batch: Masters Discipline: Mechanical Year: 2018'),(9755076,'Batch: PhD Discipline: MSE Year: 2018'),(9758853,'Batch: PhD Discipline: CSE Year: 2017'),(9771078,'Batch: Masters Discipline: Civil Year: 2020'),(9783727,'Batch: Masters Discipline: MSE Year: 2019'),(9791442,'Batch: PhD Discipline: Chemical Year: 2020'),(9792769,'Batch: Masters Discipline: Chemical Year: 2017'),(9796276,'Batch: Masters Discipline: Electrical Year: 2017'),(9799003,'Batch: PhD Discipline: Chemical Year: 2016'),(9800453,'Batch: Msc Discipline: Chemical Year: 2016'),(9803938,'Batch: Msc Discipline: CSE Year: 2017'),(9804388,'Batch: Mtech Discipline: Chemical Year: 2017'),(9806121,'Batch: PhD Discipline: Chemical Year: 2019'),(9817586,'Batch: Msc Discipline: Chemical Year: 2019'),(9845431,'Batch: PhD Discipline: Electrical Year: 2016'),(9845760,'Batch: Msc Discipline: Electrical Year: 2017'),(9856587,'Batch: BTech Discipline: Electrical Year: 2020'),(9859044,'Batch: PhD Discipline: Electrical Year: 2019'),(9882600,'Batch: Masters Discipline: MSE Year: 2019'),(9888240,'Batch: BTech Discipline: Mechanical Year: 2017'),(9905366,'Batch: BTech Discipline: Electrical Year: 2018'),(9912058,'Batch: Msc Discipline: MSE Year: 2020'),(9916924,'Batch: Msc Discipline: MSE Year: 2019'),(9921056,'Batch: Mtech Discipline: Civil Year: 2016'),(9943154,'Batch: Mtech Discipline: Civil Year: 2019'),(9961979,'Batch: BTech Discipline: CSE Year: 2016'),(9969038,'Batch: Masters Discipline: Mechanical Year: 2018'),(9978094,'Batch: Mtech Discipline: CSE Year: 2020'),(9979705,'Batch: Mtech Discipline: MSE Year: 2020'),(9982970,'Batch: Mtech Discipline: Electrical Year: 2016'),(9997335,'Batch: Mtech Discipline: CSE Year: 2019');
/*!40000 ALTER TABLE `student` ENABLE KEYS */;
UNLOCK TABLES;

--
-- Table structure for table `system_allocation`
--

DROP TABLE IF EXISTS `system_allocation`;
/*!40101 SET @saved_cs_client     = @@character_set_client */;
/*!50503 SET character_set_client = utf8mb4 */;
CREATE TABLE `system_allocation` (
  `user_ID` int NOT NULL,
  `system_ID` int NOT NULL,
  PRIMARY KEY (`user_ID`),
  UNIQUE KEY `system_ID_UNIQUE` (`system_ID`),
  CONSTRAINT `system_system_ID` FOREIGN KEY (`system_ID`) REFERENCES `library_systems` (`system_ID`) ON DELETE CASCADE ON UPDATE CASCADE,
  CONSTRAINT `system_user_ID` FOREIGN KEY (`user_ID`) REFERENCES `users` (`user_ID`) ON UPDATE CASCADE
) ENGINE=InnoDB DEFAULT CHARSET=utf8mb4 COLLATE=utf8mb4_0900_ai_ci;
/*!40101 SET character_set_client = @saved_cs_client */;

--
-- Dumping data for table `system_allocation`
--

LOCK TABLES `system_allocation` WRITE;
/*!40000 ALTER TABLE `system_allocation` DISABLE KEYS */;
INSERT INTO `system_allocation` VALUES (1002,1001),(1004,1019),(1005,1023),(1011,1034),(1020,1044),(1021,1049),(1024,1053),(1035,1054),(1041,1060),(1044,1066),(1058,1089),(1071,1096),(1076,1101),(1078,1127),(1083,1131),(1088,1141),(1101,1150),(1102,1173),(1112,1174),(1116,1187),(1118,1189),(1123,1190),(1130,1191),(1134,1193),(1139,1211),(1147,1219),(1153,1229),(1155,1230),(1156,1234),(1157,1257),(1161,1275),(1162,1279),(1167,1309),(1170,1314),(1171,1315),(1175,1324),(1183,1331),(1190,1336),(1195,1358),(1201,1359),(1203,1386),(1208,1387),(1211,1390),(1214,1394),(1217,1401),(1221,1407),(1226,1409),(1231,1421),(1234,1429),(1239,1437),(1241,1452),(1242,1453),(1245,1457),(1254,1477),(1258,1481),(1259,1489),(1266,1504),(1269,1534),(1276,1546),(1280,1550),(1283,1562),(1287,1568),(1293,1571),(1295,1578),(1299,1579),(1300,1580),(1302,1582),(1312,1584),(1325,1592),(1328,1597),(1340,1602),(1349,1616),(1356,1639),(1358,1641),(1363,1646),(1366,1657),(1377,1659),(1382,1671),(1384,1672),(1390,1676),(1393,1677),(1399,1686),(1405,1692),(1410,1700),(1417,1722),(1425,1738),(1428,1758),(1429,1771),(1434,1785),(1436,1787),(1438,1792),(1442,1800),(1445,1810),(1461,1811),(1464,1816),(1467,1833),(1470,1834),(1473,1840),(1475,1844),(1477,1848),(1481,1855),(1489,1859),(1490,1861),(1495,1865),(1497,1866),(1503,1869),(1509,1889),(1523,1905),(1524,1920),(1525,1924),(1526,1933),(1533,1938),(1540,1953),(1543,1964),(1550,1969),(1551,1972),(1566,1979),(1572,2001),(1573,2002),(1574,2014),(1575,2015),(1576,2049),(1584,2055),(1586,2067),(1595,2075),(1597,2088),(1598,2133),(1600,2141),(1602,2145),(1608,2164),(1612,2183),(1614,2203),(1616,2210),(1627,2216),(1632,2230),(1633,2250),(1634,2255),(1646,2260),(1647,2262),(1655,2296),(1656,2312),(1666,2318),(1669,2324),(1670,2325),(1671,2330),(1675,2331),(1678,2336),(1684,2339),(1686,2343),(1688,2344),(1695,2353),(1700,2372),(1709,2374),(1715,2381),(1716,2394),(1717,2401),(1718,2406),(1723,2445),(1733,2457),(1744,2459),(1746,2462),(1751,2467),(1759,2477),(1761,2482),(1765,2484),(1767,2488),(1769,2491),(1772,2497),(1773,2504),(1778,2506),(1782,2507),(1783,2509),(1787,2550),(1789,2567),(1798,2575),(1802,2587),(1804,2597),(1806,2621),(1811,2625),(1814,2630),(1818,2641),(1829,2652),(1841,2656),(1847,2660),(1849,2668),(1854,2672),(1858,2679),(1863,2680),(1866,2703),(1867,2749),(1875,2758),(1883,2762),(1884,2774),(1885,2778),(1886,2780),(1891,2788),(1896,2816),(1897,2821),(1907,2824),(1908,2832),(1913,2835),(1916,2837),(1919,2850),(1922,2854),(1929,2866),(1933,2867),(1937,2869),(1943,2882),(1944,2884),(1947,2892),(1948,2897),(1950,2898),(1953,2918),(1960,2926),(1963,2934),(1964,2942),(1965,2944),(1971,2972),(1972,2982),(1982,3011),(1985,3023),(1987,3024),(1991,3026),(1992,3032),(1998,3035),(2000,3039),(2005,3048),(2009,3056),(2010,3058),(2013,3066),(2016,3082),(2026,3091),(2039,3100),(2041,3110),(2046,3111),(2051,3115),(2052,3118),(2055,3131),(2056,3132),(2059,3137),(2071,3142),(2074,3144),(2075,3171),(2081,3172),(2082,3185),(2088,3192),(2090,3195),(2092,3199),(2097,3213),(2098,3234),(2105,3245),(2111,3252),(2122,3289),(2126,3291),(2139,3297),(2147,3329),(2151,3341),(2168,3345),(2177,3350),(2179,3353),(2186,3372),(2188,3381),(2195,3385),(2201,3389),(2203,3393),(2213,3399),(2220,3402),(2224,3438),(2231,3444),(2234,3446),(2237,3448),(2239,3453),(2240,3456),(2245,3459),(2252,3462),(2258,3463),(2279,3464),(2282,3466),(2286,3470),(2290,3474),(2296,3485),(2299,3502),(2300,3513),(2306,3533),(2309,3566),(2310,3570),(2313,3578),(2317,3580),(2320,3585),(2321,3593),(2322,3610),(2323,3635),(2329,3646),(2331,3651),(2333,3657),(2335,3662),(2340,3663),(2345,3669),(2353,3679),(2356,3688),(2357,3709),(2365,3713),(2369,3714),(2370,3717),(2384,3738),(2386,3739),(2387,3744),(2390,3745),(2392,3748),(2394,3766),(2396,3788),(2404,3793),(2407,3823),(2412,3829),(2423,3839),(2425,3840),(2432,3866),(2434,3874),(2436,3881),(2440,3902),(2442,3911),(2447,3914),(2448,3919),(2449,3929),(2450,3935),(2453,3937),(2460,3941),(2462,3956),(2465,3959),(2466,3965),(2468,3969),(2485,3981),(2491,3983),(2496,3988),(2499,3993),(2500,3997),(2501,4005),(2504,4010),(2507,4013),(2513,4025),(2526,4026),(2541,4029),(2542,4039),(2545,4076),(2547,4077),(2548,4086),(2549,4088),(2554,4103),(2556,4109),(2560,4117),(2570,4120),(2580,4156),(2583,4161),(2587,4165),(2596,4166),(2598,4172),(2601,4195),(2609,4204),(2610,4210),(2617,4217),(2622,4224),(2629,4239),(2636,4258),(2638,4260),(2646,4281),(2647,4282),(2648,4285),(2649,4291),(2653,4292),(2655,4328),(2656,4330),(2662,4336),(2664,4337),(2665,4369),(2671,4372),(2676,4389),(2680,4407),(2682,4408),(2685,4409),(2690,4429),(2692,4432),(2695,4433),(2696,4434),(2702,4442),(2703,4455),(2705,4467),(2706,4486),(2707,4493),(2711,4503),(2713,4504),(2715,4505),(2717,4508),(2722,4536),(2723,4540),(2739,4547),(2740,4553),(2742,4561),(2766,4591),(2770,4604),(2775,4607),(2776,4608),(2781,4621),(2783,4629),(2787,4637),(2791,4649),(2796,4651),(2807,4653),(2811,4671),(2812,4672),(2813,4677),(2814,4698),(2820,4708),(2823,4710),(2824,4714),(2832,4724),(2834,4726),(2842,4729),(2844,4737),(2851,4747),(2852,4764),(2859,4771),(2863,4775),(2887,4787),(2891,4797),(2895,4805),(2896,4819),(2898,4821),(2900,4828),(2901,4829),(2902,4830),(2906,4832),(2912,4861),(2915,4891),(2925,4895),(2928,4905),(2931,4910),(2940,4935),(2942,4959),(2946,4963),(2947,4966),(2949,4983),(2955,4993),(2962,4996),(2989,5004),(2992,5009),(2994,5011),(2999,5012),(3000,5016),(3002,5021),(3005,5027),(3008,5035),(3014,5036),(3022,5037),(3025,5049),(3030,5050),(3035,5051),(3040,5056),(3047,5058),(3048,5066),(3052,5092),(3055,5102),(3059,5105),(3062,5122),(3064,5128),(3067,5130),(3069,5131),(3073,5134),(3074,5150),(3075,5156),(3080,5157),(3087,5162),(3093,5166),(3094,5170),(3104,5172),(3112,5183),(3117,5185),(3120,5202),(3128,5206),(3131,5207),(3136,5209),(3141,5252),(3154,5263),(3157,5264),(3161,5271),(3162,5274),(3164,5278),(3166,5304),(3176,5316),(3197,5319),(3200,5320),(3205,5324),(3206,5326),(3209,5327),(3210,5332),(3216,5343),(3218,5349),(3230,5359),(3231,5370),(3232,5377),(3234,5383),(3239,5426),(3241,5440),(3242,5451),(3243,5456),(3245,5463),(3246,5478),(3251,5482),(3252,5484),(3255,5495),(3259,5497),(3264,5498),(3265,5505),(3276,5513),(3277,5517),(3286,5521),(3290,5525),(3295,5546),(3296,5560),(3298,5566),(3307,5588),(3309,5593),(3310,5602),(3314,5609),(3330,5612),(3333,5626),(3338,5648),(3345,5655),(3358,5693),(3359,5701),(3364,5731),(3368,5748),(3371,5772),(3376,5775),(3377,5777),(3383,5780),(3384,5792),(3386,5793),(3390,5807),(3394,5812),(3398,5836),(3401,5854),(3402,5869),(3404,5889),(3410,5893),(3420,5911),(3426,5918),(3427,5944),(3431,5946),(3435,5947),(3438,5952),(3443,5960),(3455,5966),(3461,5974),(3468,5975),(3475,5980),(3476,6000),(3479,6004),(3481,6010),(3487,6030),(3492,6037),(3495,6055),(3499,6059),(3500,6064),(3501,6070),(3503,6088),(3506,6102),(3509,6104),(3512,6110),(3515,6111),(3516,6119),(3518,6142),(3520,6160),(3521,6212),(3524,6225),(3527,6227),(3529,6233),(3535,6240),(3536,6253),(3537,6262),(3538,6275),(3540,6285),(3542,6287),(3543,6303),(3553,6307),(3557,6314),(3558,6317),(3559,6320),(3564,6333),(3566,6334),(3568,6336),(3571,6347),(3574,6376),(3576,6379),(3578,6382),(3580,6383),(3591,6391),(3596,6399),(3597,6405),(3598,6419),(3601,6422),(3602,6429),(3603,6436),(3613,6450),(3614,6455),(3616,6457),(3617,6461),(3619,6465),(3636,6469),(3638,6488),(3651,6505),(3652,6516),(3657,6517),(3677,6522),(3680,6526),(3682,6527),(3683,6540),(3689,6547),(3696,6556),(3711,6560),(3726,6577),(3727,6579),(3731,6591),(3741,6596),(3745,6597),(3746,6600),(3748,6604),(3749,6608),(3759,6611),(3764,6625),(3767,6635),(3770,6640),(3775,6641),(3778,6646),(3782,6650),(3783,6659),(3785,6665),(3788,6676),(3792,6677),(3793,6679),(3794,6697),(3795,6708),(3798,6723),(3817,6731),(3818,6752),(3829,6754),(3830,6756),(3844,6759),(3852,6760),(3853,6764),(3857,6772),(3865,6779),(3870,6787),(3876,6790),(3899,6793),(3901,6817),(3903,6835),(3904,6838),(3906,6850),(3912,6883),(3919,6906),(3926,6910),(3937,6912),(3943,6916),(3944,6928),(3947,6933),(3948,6937),(3961,6944),(3964,6953),(3965,6967),(3967,6971),(3969,6983),(3970,6990),(3976,6991),(3980,7008),(3982,7014),(3995,7018),(4000,7019),(4001,7021),(4003,7025),(4014,7030),(4015,7051),(4016,7060),(4019,7066),(4033,7067),(4042,7069),(4043,7071),(4047,7079),(4066,7083),(4067,7085),(4072,7090),(4073,7105),(4083,7106),(4086,7113),(4087,7115),(4090,7157),(4091,7170),(4093,7175),(4099,7182),(4100,7183),(4105,7212),(4107,7219),(4112,7225),(4118,7234),(4119,7238),(4123,7246),(4125,7250),(4126,7279),(4129,7287),(4163,7297),(4170,7298),(4175,7299),(4176,7301),(4186,7308),(4190,7318),(4195,7326),(4197,7327),(4198,7329),(4199,7331),(4200,7334),(4202,7339),(4209,7341),(4212,7345),(4213,7349),(4216,7359),(4219,7374),(4220,7376),(4223,7381),(4226,7388),(4228,7391),(4236,7392),(4247,7394),(4251,7410),(4254,7412),(4260,7414),(4266,7418),(4270,7426),(4273,7430),(4275,7452),(4276,7494),(4279,7509),(4284,7523),(4294,7539),(4301,7560),(4303,7561),(4308,7571),(4313,7574),(4316,7578),(4320,7583),(4322,7584),(4325,7603),(4326,7604),(4332,7609),(4334,7623),(4336,7624),(4339,7627),(4343,7641),(4345,7647),(4355,7666),(4366,7667),(4367,7670),(4368,7676),(4382,7682),(4388,7695),(4395,7703),(4398,7708),(4404,7712),(4408,7715),(4411,7719),(4414,7728),(4422,7744),(4429,7745),(4431,7760),(4432,7775),(4437,7780),(4443,7804),(4445,7811),(4451,7812),(4459,7815),(4468,7818),(4469,7843),(4470,7846),(4490,7849),(4497,7852),(4503,7854),(4504,7858),(4508,7866),(4510,7878),(4516,7900),(4517,7909),(4523,7923),(4527,7928),(4529,7935),(4531,7945),(4532,7951),(4536,7962),(4538,7970),(4540,7976),(4542,7978),(4548,7988),(4552,7997),(4554,7998),(4558,8012),(4560,8018),(4561,8020),(4566,8035),(4567,8036),(4569,8038),(4572,8052),(4577,8053),(4583,8056),(4585,8058),(4588,8067),(4590,8070),(4591,8074),(4594,8079),(4597,8082),(4600,8085),(4617,8086),(4619,8089),(4623,8096),(4628,8133),(4632,8141),(4636,8145),(4641,8149),(4642,8152),(4647,8160),(4648,8162),(4650,8165),(4652,8182),(4657,8198),(4671,8201),(4677,8208),(4686,8219),(4689,8221),(4691,8240),(4694,8259),(4702,8262),(4704,8264),(4707,8282),(4710,8285),(4716,8292),(4717,8323),(4720,8324),(4727,8330),(4729,8334),(4733,8337),(4735,8338),(4737,8362),(4738,8368),(4741,8376),(4743,8381),(4750,8388),(4751,8392),(4752,8400),(4753,8406),(4754,8412),(4756,8418),(4760,8421),(4770,8457),(4771,8463),(4776,8471),(4780,8474),(4789,8476),(4791,8500),(4793,8501),(4798,8569),(4803,8572),(4805,8578),(4816,8597),(4824,8603),(4825,8624),(4827,8639),(4828,8640),(4831,8643),(4834,8648),(4837,8673),(4842,8701),(4845,8706),(4848,8717),(4856,8721),(4858,8724),(4859,8737),(4860,8741),(4866,8743),(4870,8749),(4884,8751),(4886,8765),(4899,8770),(4907,8774),(4910,8790),(4919,8791),(4922,8812),(4924,8818),(4925,8823),(4937,8827),(4949,8844),(4953,8863),(4955,8884),(4956,8889),(4963,8901),(4966,8910),(4972,8917),(4992,8922),(4993,8924),(4994,8926),(4996,8935),(5001,8938),(5007,8944),(5009,8946),(5015,8955),(5021,8990),(5033,8993),(5034,8994),(5043,8995),(5046,8996),(5057,9001),(5058,9013),(5060,9014),(5061,9043),(5063,9046),(5067,9074),(5069,9078),(5081,9079),(5085,9081),(5090,9086),(5091,9088),(5093,9091),(5096,9096),(5110,9116),(5113,9136),(5117,9164),(5126,9165),(5129,9167),(5147,9186),(5148,9190),(5150,9195),(5151,9212),(5155,9213),(5158,9219),(5159,9226),(5162,9233),(5171,9234),(5174,9238),(5182,9239),(5183,9267),(5185,9282),(5188,9291),(5190,9298),(5204,9304),(5208,9306),(5212,9322),(5216,9335),(5220,9347),(5221,9358),(5228,9360),(5233,9365),(5240,9391),(5243,9404),(5246,9410),(5248,9419),(5252,9424),(5267,9425),(5272,9446),(5278,9452),(5285,9463),(5286,9466),(5307,9475),(5313,9481),(5316,9487),(5322,9507),(5332,9510),(5336,9512),(5340,9532),(5342,9548),(5351,9571),(5355,9578),(5356,9606),(5357,9610),(5358,9620),(5365,9627),(5368,9636),(5372,9642),(5378,9649),(5380,9652),(5389,9658),(5390,9659),(5395,9664),(5396,9667),(5407,9677),(5409,9693),(5410,9735),(5419,9739),(5422,9741),(5424,9753),(5426,9763),(5431,9769),(5441,9777),(5443,9779),(5447,9784),(5448,9804),(5450,9819),(5451,9820),(5453,9824),(5458,9827),(5470,9841),(5474,9845),(5476,9860),(5486,9878),(5487,9880),(5489,9908),(5490,9915),(5496,9941),(5502,9966),(5507,9971),(5514,9991),(5522,9994);
/*!40000 ALTER TABLE `system_allocation` ENABLE KEYS */;
UNLOCK TABLES;

--
-- Table structure for table `transaction`
--

DROP TABLE IF EXISTS `transaction`;
/*!40101 SET @saved_cs_client     = @@character_set_client */;
/*!50503 SET character_set_client = utf8mb4 */;
CREATE TABLE `transaction` (
  `transaction_ID` int NOT NULL,
  `issue_date` datetime NOT NULL,
  `expected_return_date` datetime NOT NULL,
  `actual_return_date` datetime DEFAULT NULL,
  PRIMARY KEY (`transaction_ID`),
  CONSTRAINT `transaction_chk_1` CHECK ((`issue_date` <= `expected_return_date`)),
  CONSTRAINT `transaction_chk_2` CHECK ((((`actual_return_date` is not null) and (`issue_date` <= `actual_return_date`)) or (`actual_return_date` is null)))
) ENGINE=InnoDB DEFAULT CHARSET=utf8mb4 COLLATE=utf8mb4_0900_ai_ci;
/*!40101 SET character_set_client = @saved_cs_client */;

--
-- Dumping data for table `transaction`
--

LOCK TABLES `transaction` WRITE;
/*!40000 ALTER TABLE `transaction` DISABLE KEYS */;
INSERT INTO `transaction` VALUES (1018,'2022-01-09 00:00:00','2022-01-16 00:00:00','2022-01-14 00:00:00'),(1021,'2022-10-16 00:00:00','2022-10-23 00:00:00','2022-10-21 00:00:00'),(1024,'2022-02-17 00:00:00','2022-02-24 00:00:00','2022-02-24 00:00:00'),(1027,'2022-02-02 00:00:00','2022-02-09 00:00:00','2022-02-04 00:00:00'),(1030,'2022-10-09 00:00:00','2022-10-16 00:00:00','2022-10-14 00:00:00'),(1033,'2022-01-14 00:00:00','2022-01-21 00:00:00','2022-01-22 00:00:00'),(1036,'2022-03-01 00:00:00','2022-03-08 00:00:00','2022-03-03 00:00:00'),(1039,'2022-06-17 00:00:00','2022-06-24 00:00:00','2022-06-21 00:00:00'),(1042,'2022-07-09 00:00:00','2022-07-16 00:00:00','2022-07-14 00:00:00'),(1045,'2022-10-04 00:00:00','2022-10-11 00:00:00','2022-10-11 00:00:00'),(1048,'2022-01-07 00:00:00','2022-01-14 00:00:00','2022-01-13 00:00:00'),(1051,'2022-05-16 00:00:00','2022-05-23 00:00:00','2022-05-19 00:00:00'),(1054,'2022-10-07 00:00:00','2022-10-14 00:00:00','2022-10-13 00:00:00'),(1057,'2022-10-08 00:00:00','2022-10-15 00:00:00','2022-10-10 00:00:00'),(1060,'2022-11-15 00:00:00','2022-11-22 00:00:00','2022-11-19 00:00:00'),(1063,'2022-03-12 00:00:00','2022-03-19 00:00:00','2022-03-19 00:00:00'),(1066,'2022-04-18 00:00:00','2022-04-25 00:00:00','2022-04-28 00:00:00'),(1069,'2022-08-17 00:00:00','2022-08-24 00:00:00','2022-08-20 00:00:00'),(1072,'2022-07-18 00:00:00','2022-07-25 00:00:00','2022-07-28 00:00:00'),(1075,'2022-02-09 00:00:00','2022-02-16 00:00:00','2022-02-18 00:00:00'),(1078,'2022-01-15 00:00:00','2022-01-22 00:00:00','2022-01-21 00:00:00'),(1081,'2022-08-17 00:00:00','2022-08-24 00:00:00','2022-08-19 00:00:00'),(1084,'2022-10-10 00:00:00','2022-10-17 00:00:00','2022-10-16 00:00:00'),(1087,'2022-11-07 00:00:00','2022-11-14 00:00:00','2022-11-17 00:00:00'),(1090,'2022-04-16 00:00:00','2022-04-23 00:00:00','2022-04-21 00:00:00'),(1093,'2022-10-18 00:00:00','2022-10-25 00:00:00','2022-10-28 00:00:00'),(1096,'2022-07-16 00:00:00','2022-07-23 00:00:00','2022-07-26 00:00:00'),(1099,'2022-11-12 00:00:00','2022-11-19 00:00:00','2022-11-21 00:00:00'),(1102,'2022-03-08 00:00:00','2022-03-15 00:00:00','2022-03-13 00:00:00'),(1105,'2022-06-04 00:00:00','2022-06-11 00:00:00','2022-06-06 00:00:00'),(1108,'2022-06-12 00:00:00','2022-06-19 00:00:00','2022-06-17 00:00:00'),(1111,'2022-11-05 00:00:00','2022-11-12 00:00:00','2022-11-12 00:00:00'),(1114,'2022-08-16 00:00:00','2022-08-23 00:00:00','2022-08-18 00:00:00'),(1117,'2022-09-02 00:00:00','2022-09-09 00:00:00','2022-09-11 00:00:00'),(1120,'2022-01-02 00:00:00','2022-01-09 00:00:00','2022-01-10 00:00:00'),(1123,'2022-06-01 00:00:00','2022-06-08 00:00:00','2022-06-10 00:00:00'),(1126,'2022-06-03 00:00:00','2022-06-10 00:00:00','2022-06-13 00:00:00'),(1129,'2022-08-12 00:00:00','2022-08-19 00:00:00','2022-08-22 00:00:00'),(1132,'2022-07-12 00:00:00','2022-07-19 00:00:00','2022-07-19 00:00:00'),(1135,'2022-06-14 00:00:00','2022-06-21 00:00:00','2022-06-21 00:00:00'),(1138,'2022-07-15 00:00:00','2022-07-22 00:00:00','2022-07-18 00:00:00'),(1141,'2022-02-03 00:00:00','2022-02-10 00:00:00','2022-02-07 00:00:00'),(1144,'2022-02-03 00:00:00','2022-02-10 00:00:00','2022-02-11 00:00:00'),(1147,'2022-01-06 00:00:00','2022-01-13 00:00:00','2022-01-15 00:00:00'),(1150,'2022-07-14 00:00:00','2022-07-21 00:00:00','2022-07-23 00:00:00'),(1153,'2022-05-07 00:00:00','2022-05-14 00:00:00','2022-05-14 00:00:00'),(1156,'2022-03-11 00:00:00','2022-03-18 00:00:00','2022-03-13 00:00:00'),(1159,'2022-01-18 00:00:00','2022-01-25 00:00:00','2022-01-24 00:00:00'),(1162,'2022-10-15 00:00:00','2022-10-22 00:00:00','2022-10-22 00:00:00'),(1165,'2022-01-14 00:00:00','2022-01-21 00:00:00','2022-01-22 00:00:00'),(1168,'2022-03-12 00:00:00','2022-03-19 00:00:00','2022-03-15 00:00:00'),(1171,'2022-01-15 00:00:00','2022-01-22 00:00:00','2022-01-17 00:00:00'),(1174,'2022-08-11 00:00:00','2022-08-18 00:00:00','2022-08-15 00:00:00'),(1177,'2022-09-03 00:00:00','2022-09-10 00:00:00','2022-09-08 00:00:00'),(1180,'2022-01-18 00:00:00','2022-01-25 00:00:00','2022-01-20 00:00:00'),(1183,'2022-04-14 00:00:00','2022-04-21 00:00:00','2022-04-19 00:00:00'),(1186,'2022-04-12 00:00:00','2022-04-19 00:00:00','2022-04-20 00:00:00'),(1189,'2022-11-18 00:00:00','2022-11-25 00:00:00','2022-11-20 00:00:00'),(1192,'2022-06-15 00:00:00','2022-06-22 00:00:00','2022-06-19 00:00:00'),(1195,'2022-07-16 00:00:00','2022-07-23 00:00:00','2022-07-26 00:00:00'),(1198,'2022-11-06 00:00:00','2022-11-13 00:00:00','2022-11-08 00:00:00'),(1201,'2022-04-11 00:00:00','2022-04-18 00:00:00','2022-04-20 00:00:00'),(1204,'2022-04-05 00:00:00','2022-04-12 00:00:00','2022-04-13 00:00:00'),(1207,'2022-05-18 00:00:00','2022-05-25 00:00:00','2022-05-28 00:00:00'),(1210,'2022-09-18 00:00:00','2022-09-25 00:00:00','2022-09-22 00:00:00'),(1213,'2022-05-13 00:00:00','2022-05-20 00:00:00','2022-05-19 00:00:00'),(1216,'2022-11-02 00:00:00','2022-11-09 00:00:00','2022-11-09 00:00:00'),(1219,'2022-05-14 00:00:00','2022-05-21 00:00:00','2022-05-24 00:00:00'),(1222,'2022-09-06 00:00:00','2022-09-13 00:00:00','2022-09-12 00:00:00'),(1225,'2022-06-16 00:00:00','2022-06-23 00:00:00','2022-06-24 00:00:00'),(1228,'2022-02-05 00:00:00','2022-02-12 00:00:00','2022-02-09 00:00:00'),(1231,'2022-03-17 00:00:00','2022-03-24 00:00:00','2022-03-25 00:00:00'),(1234,'2022-08-06 00:00:00','2022-08-13 00:00:00','2022-08-08 00:00:00'),(1237,'2022-01-15 00:00:00','2022-01-22 00:00:00','2022-01-24 00:00:00'),(1240,'2022-07-14 00:00:00','2022-07-21 00:00:00','2022-07-23 00:00:00'),(1243,'2022-03-03 00:00:00','2022-03-10 00:00:00','2022-03-13 00:00:00'),(1246,'2022-11-16 00:00:00','2022-11-23 00:00:00','2022-11-20 00:00:00'),(1249,'2022-10-08 00:00:00','2022-10-15 00:00:00','2022-10-14 00:00:00'),(1252,'2022-04-13 00:00:00','2022-04-20 00:00:00','2022-04-18 00:00:00'),(1255,'2022-11-07 00:00:00','2022-11-14 00:00:00','2022-11-15 00:00:00'),(1258,'2022-01-15 00:00:00','2022-01-22 00:00:00','2022-01-18 00:00:00'),(1261,'2022-08-18 00:00:00','2022-08-25 00:00:00','2022-08-27 00:00:00'),(1264,'2022-10-02 00:00:00','2022-10-09 00:00:00','2022-10-05 00:00:00'),(1267,'2022-08-03 00:00:00','2022-08-10 00:00:00','2022-08-11 00:00:00'),(1270,'2022-08-02 00:00:00','2022-08-09 00:00:00','2022-08-08 00:00:00'),(1273,'2022-03-16 00:00:00','2022-03-23 00:00:00','2022-03-24 00:00:00'),(1276,'2022-01-12 00:00:00','2022-01-19 00:00:00','2022-01-14 00:00:00'),(1279,'2022-08-14 00:00:00','2022-08-21 00:00:00','2022-08-19 00:00:00'),(1282,'2022-05-04 00:00:00','2022-05-11 00:00:00','2022-05-08 00:00:00'),(1285,'2022-05-08 00:00:00','2022-05-15 00:00:00','2022-05-17 00:00:00'),(1288,'2022-02-14 00:00:00','2022-02-21 00:00:00','2022-02-21 00:00:00'),(1291,'2022-05-17 00:00:00','2022-05-24 00:00:00','2022-05-21 00:00:00'),(1294,'2022-07-04 00:00:00','2022-07-11 00:00:00','2022-07-11 00:00:00'),(1297,'2022-06-08 00:00:00','2022-06-15 00:00:00','2022-06-12 00:00:00'),(1300,'2022-05-14 00:00:00','2022-05-21 00:00:00','2022-05-21 00:00:00'),(1303,'2022-09-05 00:00:00','2022-09-12 00:00:00','2022-09-09 00:00:00'),(1306,'2022-06-10 00:00:00','2022-06-17 00:00:00','2022-06-17 00:00:00'),(1309,'2022-11-09 00:00:00','2022-11-16 00:00:00','2022-11-19 00:00:00'),(1312,'2022-01-07 00:00:00','2022-01-14 00:00:00','2022-01-10 00:00:00'),(1315,'2022-08-18 00:00:00','2022-08-25 00:00:00','2022-08-22 00:00:00'),(1318,'2022-04-02 00:00:00','2022-04-09 00:00:00','2022-04-05 00:00:00'),(1321,'2022-03-07 00:00:00','2022-03-14 00:00:00','2022-03-15 00:00:00'),(1324,'2022-05-10 00:00:00','2022-05-17 00:00:00','2022-05-17 00:00:00'),(1327,'2022-01-13 00:00:00','2022-01-20 00:00:00','2022-01-21 00:00:00'),(1330,'2022-04-13 00:00:00','2022-04-20 00:00:00','2022-04-19 00:00:00'),(1333,'2022-01-02 00:00:00','2022-01-09 00:00:00','2022-01-04 00:00:00'),(1336,'2022-08-07 00:00:00','2022-08-14 00:00:00','2022-08-17 00:00:00'),(1339,'2022-01-01 00:00:00','2022-01-08 00:00:00','2022-01-09 00:00:00'),(1342,'2022-02-15 00:00:00','2022-02-22 00:00:00','2022-02-23 00:00:00'),(1345,'2022-11-03 00:00:00','2022-11-10 00:00:00','2022-11-08 00:00:00'),(1348,'2022-07-08 00:00:00','2022-07-15 00:00:00','2022-07-12 00:00:00'),(1351,'2022-02-02 00:00:00','2022-02-09 00:00:00','2022-02-08 00:00:00'),(1354,'2022-07-13 00:00:00','2022-07-20 00:00:00','2022-07-22 00:00:00'),(1357,'2022-07-18 00:00:00','2022-07-25 00:00:00','2022-07-26 00:00:00'),(1360,'2022-09-12 00:00:00','2022-09-19 00:00:00','2022-09-15 00:00:00'),(1363,'2022-07-08 00:00:00','2022-07-15 00:00:00','2022-07-17 00:00:00'),(1366,'2022-10-01 00:00:00','2022-10-08 00:00:00','2022-10-04 00:00:00'),(1369,'2022-03-17 00:00:00','2022-03-24 00:00:00','2022-03-23 00:00:00'),(1372,'2022-06-10 00:00:00','2022-06-17 00:00:00','2022-06-18 00:00:00'),(1375,'2022-01-03 00:00:00','2022-01-10 00:00:00','2022-01-10 00:00:00'),(1378,'2022-11-09 00:00:00','2022-11-16 00:00:00','2022-11-11 00:00:00'),(1381,'2022-08-09 00:00:00','2022-08-16 00:00:00','2022-08-13 00:00:00'),(1384,'2022-01-07 00:00:00','2022-01-14 00:00:00','2022-01-14 00:00:00'),(1387,'2022-10-05 00:00:00','2022-10-12 00:00:00','2022-10-10 00:00:00'),(1390,'2022-11-03 00:00:00','2022-11-10 00:00:00','2022-11-07 00:00:00'),(1393,'2022-04-15 00:00:00','2022-04-22 00:00:00','2022-04-25 00:00:00'),(1396,'2022-04-13 00:00:00','2022-04-20 00:00:00','2022-04-22 00:00:00'),(1399,'2022-03-04 00:00:00','2022-03-11 00:00:00','2022-03-13 00:00:00'),(1402,'2022-08-07 00:00:00','2022-08-14 00:00:00','2022-08-12 00:00:00'),(1405,'2022-02-08 00:00:00','2022-02-15 00:00:00','2022-02-10 00:00:00'),(1408,'2022-01-02 00:00:00','2022-01-09 00:00:00','2022-01-04 00:00:00'),(1411,'2022-02-09 00:00:00','2022-02-16 00:00:00','2022-02-16 00:00:00'),(1414,'2022-11-13 00:00:00','2022-11-20 00:00:00','2022-11-23 00:00:00'),(1417,'2022-06-08 00:00:00','2022-06-15 00:00:00','2022-06-14 00:00:00'),(1420,'2022-06-01 00:00:00','2022-06-08 00:00:00','2022-06-08 00:00:00'),(1423,'2022-06-10 00:00:00','2022-06-17 00:00:00','2022-06-14 00:00:00'),(1426,'2022-01-10 00:00:00','2022-01-17 00:00:00','2022-01-19 00:00:00'),(1429,'2022-10-03 00:00:00','2022-10-10 00:00:00','2022-10-12 00:00:00'),(1432,'2022-09-07 00:00:00','2022-09-14 00:00:00','2022-09-11 00:00:00'),(1435,'2022-02-06 00:00:00','2022-02-13 00:00:00','2022-02-16 00:00:00'),(1438,'2022-02-10 00:00:00','2022-02-17 00:00:00','2022-02-14 00:00:00'),(1441,'2022-11-17 00:00:00','2022-11-24 00:00:00','2022-11-21 00:00:00'),(1444,'2022-05-17 00:00:00','2022-05-24 00:00:00','2022-05-20 00:00:00'),(1447,'2022-03-05 00:00:00','2022-03-12 00:00:00','2022-03-14 00:00:00'),(1450,'2022-04-10 00:00:00','2022-04-17 00:00:00','2022-04-18 00:00:00'),(1453,'2022-06-05 00:00:00','2022-06-12 00:00:00','2022-06-15 00:00:00'),(1456,'2022-06-01 00:00:00','2022-06-08 00:00:00','2022-06-05 00:00:00'),(1459,'2022-11-16 00:00:00','2022-11-23 00:00:00','2022-11-18 00:00:00'),(1462,'2022-09-16 00:00:00','2022-09-23 00:00:00','2022-09-18 00:00:00'),(1465,'2022-10-05 00:00:00','2022-10-12 00:00:00','2022-10-15 00:00:00'),(1468,'2022-11-18 00:00:00','2022-11-25 00:00:00','2022-11-27 00:00:00'),(1471,'2022-03-01 00:00:00','2022-03-08 00:00:00','2022-03-08 00:00:00'),(1474,'2022-05-15 00:00:00','2022-05-22 00:00:00','2022-05-19 00:00:00'),(1477,'2022-01-14 00:00:00','2022-01-21 00:00:00','2022-01-22 00:00:00'),(1480,'2022-07-05 00:00:00','2022-07-12 00:00:00','2022-07-09 00:00:00'),(1483,'2022-01-04 00:00:00','2022-01-11 00:00:00','2022-01-09 00:00:00'),(1486,'2022-01-04 00:00:00','2022-01-11 00:00:00','2022-01-10 00:00:00'),(1489,'2022-06-08 00:00:00','2022-06-15 00:00:00','2022-06-18 00:00:00'),(1492,'2022-06-12 00:00:00','2022-06-19 00:00:00','2022-06-14 00:00:00'),(1495,'2022-11-02 00:00:00','2022-11-09 00:00:00','2022-11-10 00:00:00'),(1498,'2022-10-13 00:00:00','2022-10-20 00:00:00','2022-10-19 00:00:00'),(1501,'2022-04-14 00:00:00','2022-04-21 00:00:00','2022-04-17 00:00:00'),(1504,'2022-02-10 00:00:00','2022-02-17 00:00:00','2022-02-19 00:00:00'),(1507,'2022-04-03 00:00:00','2022-04-10 00:00:00','2022-04-10 00:00:00'),(1510,'2022-02-11 00:00:00','2022-02-18 00:00:00','2022-02-16 00:00:00'),(1513,'2022-02-02 00:00:00','2022-02-09 00:00:00','2022-02-12 00:00:00'),(1516,'2022-01-15 00:00:00','2022-01-22 00:00:00','2022-01-18 00:00:00'),(1519,'2022-04-12 00:00:00','2022-04-19 00:00:00','2022-04-19 00:00:00'),(1522,'2022-10-18 00:00:00','2022-10-25 00:00:00','2022-10-23 00:00:00'),(1525,'2022-02-10 00:00:00','2022-02-17 00:00:00','2022-02-20 00:00:00'),(1528,'2022-08-18 00:00:00','2022-08-25 00:00:00','2022-08-24 00:00:00'),(1531,'2022-09-11 00:00:00','2022-09-18 00:00:00','2022-09-18 00:00:00'),(1534,'2022-10-05 00:00:00','2022-10-12 00:00:00','2022-10-07 00:00:00'),(1537,'2022-11-13 00:00:00','2022-11-20 00:00:00','2022-11-19 00:00:00'),(1540,'2022-05-02 00:00:00','2022-05-09 00:00:00','2022-05-04 00:00:00'),(1543,'2022-03-18 00:00:00','2022-03-25 00:00:00','2022-03-28 00:00:00'),(1546,'2022-07-02 00:00:00','2022-07-09 00:00:00','2022-07-05 00:00:00'),(1549,'2022-01-17 00:00:00','2022-01-24 00:00:00','2022-01-21 00:00:00'),(1552,'2022-10-08 00:00:00','2022-10-15 00:00:00','2022-10-10 00:00:00'),(1555,'2022-04-18 00:00:00','2022-04-25 00:00:00','2022-04-27 00:00:00'),(1558,'2022-08-10 00:00:00','2022-08-17 00:00:00','2022-08-17 00:00:00'),(1561,'2022-08-01 00:00:00','2022-08-08 00:00:00','2022-08-07 00:00:00'),(1564,'2022-01-05 00:00:00','2022-01-12 00:00:00','2022-01-12 00:00:00'),(1567,'2022-11-16 00:00:00','2022-11-23 00:00:00','2022-11-20 00:00:00'),(1570,'2022-07-07 00:00:00','2022-07-14 00:00:00','2022-07-11 00:00:00'),(1573,'2022-08-05 00:00:00','2022-08-12 00:00:00','2022-08-07 00:00:00'),(1576,'2022-03-10 00:00:00','2022-03-17 00:00:00','2022-03-19 00:00:00'),(1579,'2022-09-08 00:00:00','2022-09-15 00:00:00','2022-09-18 00:00:00'),(1582,'2022-10-02 00:00:00','2022-10-09 00:00:00','2022-10-10 00:00:00'),(1585,'2022-07-16 00:00:00','2022-07-23 00:00:00','2022-07-22 00:00:00'),(1588,'2022-08-11 00:00:00','2022-08-18 00:00:00','2022-08-18 00:00:00'),(1591,'2022-05-07 00:00:00','2022-05-14 00:00:00','2022-05-13 00:00:00'),(1594,'2022-04-02 00:00:00','2022-04-09 00:00:00','2022-04-12 00:00:00'),(1597,'2022-02-04 00:00:00','2022-02-11 00:00:00','2022-02-10 00:00:00'),(1600,'2022-10-03 00:00:00','2022-10-10 00:00:00','2022-10-13 00:00:00'),(1603,'2022-05-03 00:00:00','2022-05-10 00:00:00','2022-05-13 00:00:00'),(1606,'2022-01-01 00:00:00','2022-01-08 00:00:00','2022-01-03 00:00:00'),(1609,'2022-11-15 00:00:00','2022-11-22 00:00:00','2022-11-24 00:00:00'),(1612,'2022-10-15 00:00:00','2022-10-22 00:00:00','2022-10-21 00:00:00'),(1615,'2022-07-15 00:00:00','2022-07-22 00:00:00','2022-07-19 00:00:00'),(1618,'2022-01-01 00:00:00','2022-01-08 00:00:00','2022-01-09 00:00:00'),(1621,'2022-02-13 00:00:00','2022-02-20 00:00:00','2022-02-17 00:00:00'),(1624,'2022-09-08 00:00:00','2022-09-15 00:00:00','2022-09-15 00:00:00'),(1627,'2022-08-06 00:00:00','2022-08-13 00:00:00','2022-08-09 00:00:00'),(1630,'2022-11-15 00:00:00','2022-11-22 00:00:00','2022-11-19 00:00:00'),(1633,'2022-09-02 00:00:00','2022-09-09 00:00:00','2022-09-10 00:00:00'),(1636,'2022-05-08 00:00:00','2022-05-15 00:00:00','2022-05-13 00:00:00'),(1639,'2022-06-18 00:00:00','2022-06-25 00:00:00','2022-06-21 00:00:00'),(1642,'2022-08-12 00:00:00','2022-08-19 00:00:00','2022-08-14 00:00:00'),(1645,'2022-09-02 00:00:00','2022-09-09 00:00:00','2022-09-08 00:00:00'),(1648,'2022-04-08 00:00:00','2022-04-15 00:00:00','2022-04-10 00:00:00'),(1651,'2022-11-11 00:00:00','2022-11-18 00:00:00','2022-11-20 00:00:00'),(1654,'2022-11-02 00:00:00','2022-11-09 00:00:00','2022-11-09 00:00:00'),(1657,'2022-08-04 00:00:00','2022-08-11 00:00:00','2022-08-08 00:00:00'),(1660,'2022-10-04 00:00:00','2022-10-11 00:00:00','2022-10-07 00:00:00'),(1663,'2022-11-04 00:00:00','2022-11-11 00:00:00','2022-11-10 00:00:00'),(1666,'2022-04-11 00:00:00','2022-04-18 00:00:00','2022-04-17 00:00:00'),(1669,'2022-02-01 00:00:00','2022-02-08 00:00:00','2022-02-04 00:00:00'),(1672,'2022-02-13 00:00:00','2022-02-20 00:00:00','2022-02-16 00:00:00'),(1675,'2022-11-03 00:00:00','2022-11-10 00:00:00','2022-11-06 00:00:00'),(1678,'2022-09-07 00:00:00','2022-09-14 00:00:00','2022-09-16 00:00:00'),(1681,'2022-04-16 00:00:00','2022-04-23 00:00:00','2022-04-22 00:00:00'),(1684,'2022-09-11 00:00:00','2022-09-18 00:00:00','2022-09-20 00:00:00'),(1687,'2022-11-14 00:00:00','2022-11-21 00:00:00','2022-11-23 00:00:00'),(1690,'2022-04-10 00:00:00','2022-04-17 00:00:00','2022-04-15 00:00:00'),(1693,'2022-08-09 00:00:00','2022-08-16 00:00:00','2022-08-14 00:00:00'),(1696,'2022-04-08 00:00:00','2022-04-15 00:00:00','2022-04-14 00:00:00'),(1699,'2022-09-06 00:00:00','2022-09-13 00:00:00','2022-09-09 00:00:00'),(1702,'2022-04-09 00:00:00','2022-04-16 00:00:00','2022-04-15 00:00:00'),(1705,'2022-02-11 00:00:00','2022-02-18 00:00:00','2022-02-18 00:00:00'),(1708,'2022-11-02 00:00:00','2022-11-09 00:00:00','2022-11-11 00:00:00'),(1711,'2022-10-07 00:00:00','2022-10-14 00:00:00','2022-10-09 00:00:00'),(1714,'2022-01-10 00:00:00','2022-01-17 00:00:00','2022-01-15 00:00:00'),(1717,'2022-04-11 00:00:00','2022-04-18 00:00:00','2022-04-17 00:00:00'),(1720,'2022-04-01 00:00:00','2022-04-08 00:00:00','2022-04-07 00:00:00'),(1723,'2022-11-13 00:00:00','2022-11-20 00:00:00','2022-11-15 00:00:00'),(1726,'2022-06-10 00:00:00','2022-06-17 00:00:00','2022-06-12 00:00:00'),(1729,'2022-07-09 00:00:00','2022-07-16 00:00:00','2022-07-18 00:00:00'),(1732,'2022-02-06 00:00:00','2022-02-13 00:00:00','2022-02-12 00:00:00'),(1735,'2022-09-16 00:00:00','2022-09-23 00:00:00','2022-09-22 00:00:00'),(1738,'2022-09-06 00:00:00','2022-09-13 00:00:00','2022-09-14 00:00:00'),(1741,'2022-01-17 00:00:00','2022-01-24 00:00:00','2022-01-22 00:00:00'),(1744,'2022-09-08 00:00:00','2022-09-15 00:00:00','2022-09-14 00:00:00'),(1747,'2022-08-13 00:00:00','2022-08-20 00:00:00','2022-08-20 00:00:00'),(1750,'2022-05-11 00:00:00','2022-05-18 00:00:00','2022-05-13 00:00:00'),(1753,'2022-05-01 00:00:00','2022-05-08 00:00:00','2022-05-09 00:00:00'),(1756,'2022-05-13 00:00:00','2022-05-20 00:00:00','2022-05-21 00:00:00'),(1759,'2022-03-11 00:00:00','2022-03-18 00:00:00','2022-03-14 00:00:00'),(1762,'2022-10-06 00:00:00','2022-10-13 00:00:00','2022-10-16 00:00:00'),(1765,'2022-06-06 00:00:00','2022-06-13 00:00:00','2022-06-14 00:00:00'),(1768,'2022-03-02 00:00:00','2022-03-09 00:00:00','2022-03-06 00:00:00'),(1771,'2022-03-09 00:00:00','2022-03-16 00:00:00','2022-03-14 00:00:00'),(1774,'2022-03-13 00:00:00','2022-03-20 00:00:00','2022-03-21 00:00:00'),(1777,'2022-08-16 00:00:00','2022-08-23 00:00:00','2022-08-18 00:00:00'),(1780,'2022-06-10 00:00:00','2022-06-17 00:00:00','2022-06-20 00:00:00'),(1783,'2022-10-17 00:00:00','2022-10-24 00:00:00','2022-10-19 00:00:00'),(1786,'2022-07-08 00:00:00','2022-07-15 00:00:00','2022-07-15 00:00:00'),(1789,'2022-08-15 00:00:00','2022-08-22 00:00:00','2022-08-20 00:00:00'),(1792,'2022-01-05 00:00:00','2022-01-12 00:00:00','2022-01-09 00:00:00'),(1795,'2022-11-14 00:00:00','2022-11-21 00:00:00','2022-11-16 00:00:00'),(1798,'2022-10-13 00:00:00','2022-10-20 00:00:00','2022-10-17 00:00:00'),(1801,'2022-03-16 00:00:00','2022-03-23 00:00:00','2022-03-24 00:00:00'),(1804,'2022-01-13 00:00:00','2022-01-20 00:00:00','2022-01-20 00:00:00'),(1807,'2022-09-12 00:00:00','2022-09-19 00:00:00','2022-09-20 00:00:00'),(1810,'2022-08-14 00:00:00','2022-08-21 00:00:00','2022-08-20 00:00:00'),(1813,'2022-07-03 00:00:00','2022-07-10 00:00:00','2022-07-07 00:00:00'),(1816,'2022-07-17 00:00:00','2022-07-24 00:00:00','2022-07-25 00:00:00'),(1819,'2022-05-08 00:00:00','2022-05-15 00:00:00','2022-05-14 00:00:00'),(1822,'2022-07-01 00:00:00','2022-07-08 00:00:00','2022-07-04 00:00:00'),(1825,'2022-02-11 00:00:00','2022-02-18 00:00:00','2022-02-21 00:00:00'),(1828,'2022-04-08 00:00:00','2022-04-15 00:00:00','2022-04-13 00:00:00'),(1831,'2022-11-07 00:00:00','2022-11-14 00:00:00','2022-11-13 00:00:00'),(1834,'2022-02-07 00:00:00','2022-02-14 00:00:00','2022-02-13 00:00:00'),(1837,'2022-02-01 00:00:00','2022-02-08 00:00:00','2022-02-10 00:00:00'),(1840,'2022-08-18 00:00:00','2022-08-25 00:00:00','2022-08-24 00:00:00'),(1843,'2022-06-09 00:00:00','2022-06-16 00:00:00','2022-06-19 00:00:00'),(1846,'2022-06-09 00:00:00','2022-06-16 00:00:00','2022-06-12 00:00:00'),(1849,'2022-10-12 00:00:00','2022-10-19 00:00:00','2022-10-22 00:00:00'),(1852,'2022-08-16 00:00:00','2022-08-23 00:00:00','2022-08-23 00:00:00'),(1855,'2022-06-01 00:00:00','2022-06-08 00:00:00','2022-06-11 00:00:00'),(1858,'2022-04-03 00:00:00','2022-04-10 00:00:00','2022-04-09 00:00:00'),(1861,'2022-06-10 00:00:00','2022-06-17 00:00:00','2022-06-19 00:00:00'),(1864,'2022-05-13 00:00:00','2022-05-20 00:00:00','2022-05-22 00:00:00'),(1867,'2022-06-10 00:00:00','2022-06-17 00:00:00','2022-06-15 00:00:00'),(1870,'2022-11-15 00:00:00','2022-11-22 00:00:00','2022-11-19 00:00:00'),(1873,'2022-03-13 00:00:00','2022-03-20 00:00:00','2022-03-22 00:00:00'),(1876,'2022-02-16 00:00:00','2022-02-23 00:00:00','2022-02-19 00:00:00'),(1879,'2022-08-06 00:00:00','2022-08-13 00:00:00','2022-08-10 00:00:00'),(1882,'2022-10-18 00:00:00','2022-10-25 00:00:00','2022-10-21 00:00:00'),(1885,'2022-08-05 00:00:00','2022-08-12 00:00:00','2022-08-10 00:00:00'),(1888,'2022-07-15 00:00:00','2022-07-22 00:00:00','2022-07-23 00:00:00'),(1891,'2022-03-13 00:00:00','2022-03-20 00:00:00','2022-03-20 00:00:00'),(1894,'2022-08-11 00:00:00','2022-08-18 00:00:00','2022-08-15 00:00:00'),(1897,'2022-07-05 00:00:00','2022-07-12 00:00:00','2022-07-14 00:00:00'),(1900,'2022-07-05 00:00:00','2022-07-12 00:00:00','2022-07-12 00:00:00'),(1903,'2022-06-05 00:00:00','2022-06-12 00:00:00','2022-06-08 00:00:00'),(1906,'2022-05-10 00:00:00','2022-05-17 00:00:00','2022-05-18 00:00:00'),(1909,'2022-09-07 00:00:00','2022-09-14 00:00:00','2022-09-09 00:00:00'),(1912,'2022-10-02 00:00:00','2022-10-09 00:00:00','2022-10-12 00:00:00'),(1915,'2022-01-10 00:00:00','2022-01-17 00:00:00','2022-01-17 00:00:00'),(1918,'2022-02-04 00:00:00','2022-02-11 00:00:00','2022-02-09 00:00:00'),(1921,'2022-08-07 00:00:00','2022-08-14 00:00:00','2022-08-09 00:00:00'),(1924,'2022-02-11 00:00:00','2022-02-18 00:00:00','2022-02-17 00:00:00'),(1927,'2022-08-17 00:00:00','2022-08-24 00:00:00','2022-08-20 00:00:00'),(1930,'2022-01-16 00:00:00','2022-01-23 00:00:00','2022-01-22 00:00:00'),(1933,'2022-04-05 00:00:00','2022-04-12 00:00:00','2022-04-07 00:00:00'),(1936,'2022-08-08 00:00:00','2022-08-15 00:00:00','2022-08-13 00:00:00'),(1939,'2022-03-13 00:00:00','2022-03-20 00:00:00','2022-03-20 00:00:00'),(1942,'2022-11-18 00:00:00','2022-11-25 00:00:00','2022-11-28 00:00:00'),(1945,'2022-07-04 00:00:00','2022-07-11 00:00:00','2022-07-11 00:00:00'),(1948,'2022-02-09 00:00:00','2022-02-16 00:00:00','2022-02-17 00:00:00'),(1951,'2022-02-09 00:00:00','2022-02-16 00:00:00','2022-02-16 00:00:00'),(1954,'2022-04-18 00:00:00','2022-04-25 00:00:00','2022-04-22 00:00:00'),(1957,'2022-01-01 00:00:00','2022-01-08 00:00:00','2022-01-09 00:00:00'),(1960,'2022-05-16 00:00:00','2022-05-23 00:00:00','2022-05-19 00:00:00'),(1963,'2022-10-04 00:00:00','2022-10-11 00:00:00','2022-10-10 00:00:00'),(1966,'2022-10-16 00:00:00','2022-10-23 00:00:00','2022-10-25 00:00:00'),(1969,'2022-08-10 00:00:00','2022-08-17 00:00:00','2022-08-16 00:00:00'),(1972,'2022-07-04 00:00:00','2022-07-11 00:00:00','2022-07-13 00:00:00'),(1975,'2022-07-10 00:00:00','2022-07-17 00:00:00','2022-07-15 00:00:00'),(1978,'2022-10-02 00:00:00','2022-10-09 00:00:00','2022-10-04 00:00:00'),(1981,'2022-01-03 00:00:00','2022-01-10 00:00:00','2022-01-12 00:00:00'),(1984,'2022-06-06 00:00:00','2022-06-13 00:00:00','2022-06-15 00:00:00'),(1987,'2022-05-05 00:00:00','2022-05-12 00:00:00','2022-05-14 00:00:00'),(1990,'2022-05-04 00:00:00','2022-05-11 00:00:00','2022-05-13 00:00:00'),(1993,'2022-02-01 00:00:00','2022-02-08 00:00:00','2022-02-03 00:00:00'),(1996,'2022-09-13 00:00:00','2022-09-20 00:00:00','2022-09-15 00:00:00'),(1999,'2022-11-09 00:00:00','2022-11-16 00:00:00','2022-11-13 00:00:00'),(2002,'2022-05-09 00:00:00','2022-05-16 00:00:00','2022-05-18 00:00:00'),(2005,'2022-01-08 00:00:00','2022-01-15 00:00:00','2022-01-18 00:00:00'),(2008,'2022-02-02 00:00:00','2022-02-09 00:00:00','2022-02-11 00:00:00'),(2011,'2022-09-18 00:00:00','2022-09-25 00:00:00','2022-09-24 00:00:00'),(2014,'2022-02-08 00:00:00','2022-02-15 00:00:00','2022-02-13 00:00:00'),(2017,'2022-01-05 00:00:00','2022-01-12 00:00:00','2022-01-15 00:00:00'),(2020,'2022-09-01 00:00:00','2022-09-08 00:00:00','2022-09-11 00:00:00'),(2023,'2022-02-03 00:00:00','2022-02-10 00:00:00','2022-02-13 00:00:00'),(2026,'2022-09-08 00:00:00','2022-09-15 00:00:00','2022-09-13 00:00:00'),(2029,'2022-03-16 00:00:00','2022-03-23 00:00:00','2022-03-25 00:00:00'),(2032,'2022-05-05 00:00:00','2022-05-12 00:00:00','2022-05-10 00:00:00'),(2035,'2022-04-06 00:00:00','2022-04-13 00:00:00','2022-04-08 00:00:00'),(2038,'2022-04-13 00:00:00','2022-04-20 00:00:00','2022-04-15 00:00:00'),(2041,'2022-08-15 00:00:00','2022-08-22 00:00:00','2022-08-18 00:00:00'),(2044,'2022-03-03 00:00:00','2022-03-10 00:00:00','2022-03-12 00:00:00'),(2047,'2022-07-07 00:00:00','2022-07-14 00:00:00','2022-07-14 00:00:00'),(2050,'2022-01-17 00:00:00','2022-01-24 00:00:00','2022-01-27 00:00:00'),(2053,'2022-02-05 00:00:00','2022-02-12 00:00:00','2022-02-10 00:00:00'),(2056,'2022-11-15 00:00:00','2022-11-22 00:00:00','2022-11-22 00:00:00'),(2059,'2022-02-02 00:00:00','2022-02-09 00:00:00','2022-02-05 00:00:00'),(2062,'2022-04-16 00:00:00','2022-04-23 00:00:00','2022-04-21 00:00:00'),(2065,'2022-05-14 00:00:00','2022-05-21 00:00:00','2022-05-18 00:00:00'),(2068,'2022-06-14 00:00:00','2022-06-21 00:00:00','2022-06-21 00:00:00'),(2071,'2022-07-03 00:00:00','2022-07-10 00:00:00','2022-07-08 00:00:00'),(2074,'2022-02-13 00:00:00','2022-02-20 00:00:00','2022-02-20 00:00:00'),(2077,'2022-07-05 00:00:00','2022-07-12 00:00:00','2022-07-14 00:00:00'),(2080,'2022-01-06 00:00:00','2022-01-13 00:00:00','2022-01-15 00:00:00'),(2083,'2022-08-10 00:00:00','2022-08-17 00:00:00','2022-08-17 00:00:00'),(2086,'2022-03-09 00:00:00','2022-03-16 00:00:00','2022-03-11 00:00:00'),(2089,'2022-10-06 00:00:00','2022-10-13 00:00:00','2022-10-13 00:00:00'),(2092,'2022-07-16 00:00:00','2022-07-23 00:00:00','2022-07-20 00:00:00'),(2095,'2022-05-10 00:00:00','2022-05-17 00:00:00','2022-05-19 00:00:00'),(2098,'2022-10-15 00:00:00','2022-10-22 00:00:00','2022-10-18 00:00:00'),(2101,'2022-09-11 00:00:00','2022-09-18 00:00:00','2022-09-18 00:00:00'),(2104,'2022-01-03 00:00:00','2022-01-10 00:00:00','2022-01-07 00:00:00'),(2107,'2022-09-07 00:00:00','2022-09-14 00:00:00','2022-09-09 00:00:00'),(2110,'2022-11-02 00:00:00','2022-11-09 00:00:00','2022-11-09 00:00:00'),(2113,'2022-02-14 00:00:00','2022-02-21 00:00:00','2022-02-20 00:00:00'),(2116,'2022-03-09 00:00:00','2022-03-16 00:00:00','2022-03-13 00:00:00'),(2119,'2022-09-18 00:00:00','2022-09-25 00:00:00','2022-09-21 00:00:00'),(2122,'2022-07-12 00:00:00','2022-07-19 00:00:00','2022-07-18 00:00:00'),(2125,'2022-01-11 00:00:00','2022-01-18 00:00:00','2022-01-20 00:00:00'),(2128,'2022-11-05 00:00:00','2022-11-12 00:00:00','2022-11-08 00:00:00'),(2131,'2022-11-06 00:00:00','2022-11-13 00:00:00','2022-11-09 00:00:00'),(2134,'2022-04-17 00:00:00','2022-04-24 00:00:00','2022-04-25 00:00:00'),(2137,'2022-01-09 00:00:00','2022-01-16 00:00:00','2022-01-17 00:00:00'),(2140,'2022-05-16 00:00:00','2022-05-23 00:00:00','2022-05-25 00:00:00'),(2143,'2022-10-04 00:00:00','2022-10-11 00:00:00','2022-10-07 00:00:00'),(2146,'2022-03-06 00:00:00','2022-03-13 00:00:00','2022-03-11 00:00:00'),(2149,'2022-01-08 00:00:00','2022-01-15 00:00:00','2022-01-13 00:00:00'),(2152,'2022-04-13 00:00:00','2022-04-20 00:00:00','2022-04-19 00:00:00'),(2155,'2022-07-06 00:00:00','2022-07-13 00:00:00','2022-07-12 00:00:00'),(2158,'2022-04-06 00:00:00','2022-04-13 00:00:00','2022-04-10 00:00:00'),(2161,'2022-10-08 00:00:00','2022-10-15 00:00:00','2022-10-12 00:00:00'),(2164,'2022-04-03 00:00:00','2022-04-10 00:00:00','2022-04-10 00:00:00'),(2167,'2022-06-01 00:00:00','2022-06-08 00:00:00','2022-06-08 00:00:00'),(2170,'2022-04-12 00:00:00','2022-04-19 00:00:00','2022-04-16 00:00:00'),(2173,'2022-09-13 00:00:00','2022-09-20 00:00:00','2022-09-21 00:00:00'),(2176,'2022-01-10 00:00:00','2022-01-17 00:00:00','2022-01-14 00:00:00'),(2179,'2022-08-14 00:00:00','2022-08-21 00:00:00','2022-08-18 00:00:00'),(2182,'2022-11-06 00:00:00','2022-11-13 00:00:00','2022-11-11 00:00:00'),(2185,'2022-02-11 00:00:00','2022-02-18 00:00:00','2022-02-20 00:00:00'),(2188,'2022-07-11 00:00:00','2022-07-18 00:00:00','2022-07-19 00:00:00'),(2191,'2022-10-15 00:00:00','2022-10-22 00:00:00','2022-10-17 00:00:00'),(2194,'2022-09-10 00:00:00','2022-09-17 00:00:00','2022-09-15 00:00:00'),(2197,'2022-04-02 00:00:00','2022-04-09 00:00:00','2022-04-11 00:00:00'),(2200,'2022-08-16 00:00:00','2022-08-23 00:00:00','2022-08-19 00:00:00'),(2203,'2022-08-06 00:00:00','2022-08-13 00:00:00','2022-08-11 00:00:00'),(2206,'2022-10-16 00:00:00','2022-10-23 00:00:00','2022-10-18 00:00:00'),(2209,'2022-09-18 00:00:00','2022-09-25 00:00:00','2022-09-24 00:00:00'),(2212,'2022-08-02 00:00:00','2022-08-09 00:00:00','2022-08-12 00:00:00'),(2215,'2022-09-10 00:00:00','2022-09-17 00:00:00','2022-09-20 00:00:00'),(2218,'2022-08-15 00:00:00','2022-08-22 00:00:00','2022-08-20 00:00:00'),(2221,'2022-10-09 00:00:00','2022-10-16 00:00:00','2022-10-15 00:00:00'),(2224,'2022-10-13 00:00:00','2022-10-20 00:00:00','2022-10-17 00:00:00'),(2227,'2022-05-06 00:00:00','2022-05-13 00:00:00','2022-05-14 00:00:00'),(2230,'2022-02-11 00:00:00','2022-02-18 00:00:00','2022-02-17 00:00:00'),(2233,'2022-11-07 00:00:00','2022-11-14 00:00:00','2022-11-12 00:00:00'),(2236,'2022-03-13 00:00:00','2022-03-20 00:00:00','2022-03-22 00:00:00'),(2239,'2022-08-03 00:00:00','2022-08-10 00:00:00','2022-08-10 00:00:00'),(2242,'2022-04-13 00:00:00','2022-04-20 00:00:00','2022-04-22 00:00:00'),(2245,'2022-11-12 00:00:00','2022-11-19 00:00:00','2022-11-17 00:00:00'),(2248,'2022-10-15 00:00:00','2022-10-22 00:00:00','2022-10-25 00:00:00'),(2251,'2022-02-01 00:00:00','2022-02-08 00:00:00','2022-02-10 00:00:00'),(2254,'2022-08-17 00:00:00','2022-08-24 00:00:00','2022-08-19 00:00:00'),(2257,'2022-03-02 00:00:00','2022-03-09 00:00:00','2022-03-09 00:00:00'),(2260,'2022-07-05 00:00:00','2022-07-12 00:00:00','2022-07-13 00:00:00'),(2263,'2022-08-14 00:00:00','2022-08-21 00:00:00','2022-08-24 00:00:00'),(2266,'2022-07-13 00:00:00','2022-07-20 00:00:00','2022-07-15 00:00:00'),(2269,'2022-08-13 00:00:00','2022-08-20 00:00:00','2022-08-22 00:00:00'),(2272,'2022-09-18 00:00:00','2022-09-25 00:00:00','2022-09-23 00:00:00'),(2275,'2022-06-05 00:00:00','2022-06-12 00:00:00','2022-06-14 00:00:00'),(2278,'2022-02-02 00:00:00','2022-02-09 00:00:00','2022-02-11 00:00:00'),(2281,'2022-04-13 00:00:00','2022-04-20 00:00:00','2022-04-17 00:00:00'),(2284,'2022-03-16 00:00:00','2022-03-23 00:00:00','2022-03-24 00:00:00'),(2287,'2022-02-07 00:00:00','2022-02-14 00:00:00','2022-02-10 00:00:00'),(2290,'2022-11-04 00:00:00','2022-11-11 00:00:00','2022-11-14 00:00:00'),(2293,'2022-01-15 00:00:00','2022-01-22 00:00:00','2022-01-23 00:00:00'),(2296,'2022-11-05 00:00:00','2022-11-12 00:00:00','2022-11-08 00:00:00'),(2299,'2022-08-11 00:00:00','2022-08-18 00:00:00','2022-08-20 00:00:00'),(2302,'2022-11-13 00:00:00','2022-11-20 00:00:00','2022-11-16 00:00:00'),(2305,'2022-06-18 00:00:00','2022-06-25 00:00:00','2022-06-25 00:00:00'),(2308,'2022-10-11 00:00:00','2022-10-18 00:00:00','2022-10-14 00:00:00'),(2311,'2022-06-15 00:00:00','2022-06-22 00:00:00','2022-06-20 00:00:00'),(2314,'2022-09-05 00:00:00','2022-09-12 00:00:00','2022-09-11 00:00:00'),(2317,'2022-03-10 00:00:00','2022-03-17 00:00:00','2022-03-18 00:00:00'),(2320,'2022-04-04 00:00:00','2022-04-11 00:00:00','2022-04-08 00:00:00'),(2323,'2022-02-06 00:00:00','2022-02-13 00:00:00','2022-02-15 00:00:00'),(2326,'2022-07-11 00:00:00','2022-07-18 00:00:00','2022-07-16 00:00:00'),(2329,'2022-05-01 00:00:00','2022-05-08 00:00:00','2022-05-03 00:00:00'),(2332,'2022-07-06 00:00:00','2022-07-13 00:00:00','2022-07-08 00:00:00'),(2335,'2022-01-13 00:00:00','2022-01-20 00:00:00','2022-01-20 00:00:00'),(2338,'2022-11-02 00:00:00','2022-11-09 00:00:00','2022-11-08 00:00:00'),(2341,'2022-01-04 00:00:00','2022-01-11 00:00:00','2022-01-12 00:00:00'),(2344,'2022-11-05 00:00:00','2022-11-12 00:00:00','2022-11-14 00:00:00'),(2347,'2022-06-13 00:00:00','2022-06-20 00:00:00','2022-06-17 00:00:00'),(2350,'2022-05-09 00:00:00','2022-05-16 00:00:00','2022-05-15 00:00:00'),(2353,'2022-07-14 00:00:00','2022-07-21 00:00:00','2022-07-17 00:00:00'),(2356,'2022-11-07 00:00:00','2022-11-14 00:00:00','2022-11-13 00:00:00'),(2359,'2022-07-01 00:00:00','2022-07-08 00:00:00','2022-07-10 00:00:00'),(2362,'2022-11-18 00:00:00','2022-11-25 00:00:00','2022-11-24 00:00:00'),(2365,'2022-01-07 00:00:00','2022-01-14 00:00:00','2022-01-13 00:00:00'),(2368,'2022-01-05 00:00:00','2022-01-12 00:00:00','2022-01-14 00:00:00'),(2371,'2022-05-12 00:00:00','2022-05-19 00:00:00','2022-05-17 00:00:00'),(2374,'2022-01-04 00:00:00','2022-01-11 00:00:00','2022-01-06 00:00:00'),(2377,'2022-05-18 00:00:00','2022-05-25 00:00:00','2022-05-25 00:00:00'),(2380,'2022-11-15 00:00:00','2022-11-22 00:00:00','2022-11-25 00:00:00'),(2383,'2022-08-16 00:00:00','2022-08-23 00:00:00','2022-08-25 00:00:00'),(2386,'2022-03-03 00:00:00','2022-03-10 00:00:00','2022-03-12 00:00:00'),(2389,'2022-09-06 00:00:00','2022-09-13 00:00:00','2022-09-08 00:00:00'),(2392,'2022-06-09 00:00:00','2022-06-16 00:00:00','2022-06-14 00:00:00'),(2395,'2022-07-15 00:00:00','2022-07-22 00:00:00','2022-07-24 00:00:00'),(2398,'2022-09-16 00:00:00','2022-09-23 00:00:00','2022-09-20 00:00:00'),(2401,'2022-05-03 00:00:00','2022-05-10 00:00:00','2022-05-12 00:00:00'),(2404,'2022-02-15 00:00:00','2022-02-22 00:00:00','2022-02-25 00:00:00'),(2407,'2022-01-12 00:00:00','2022-01-19 00:00:00','2022-01-17 00:00:00'),(2410,'2022-09-07 00:00:00','2022-09-14 00:00:00','2022-09-14 00:00:00'),(2413,'2022-06-16 00:00:00','2022-06-23 00:00:00','2022-06-18 00:00:00'),(2416,'2022-06-13 00:00:00','2022-06-20 00:00:00','2022-06-23 00:00:00'),(2419,'2022-05-13 00:00:00','2022-05-20 00:00:00','2022-05-16 00:00:00'),(2422,'2022-09-05 00:00:00','2022-09-12 00:00:00','2022-09-12 00:00:00'),(2425,'2022-04-04 00:00:00','2022-04-11 00:00:00','2022-04-06 00:00:00'),(2428,'2022-08-02 00:00:00','2022-08-09 00:00:00','2022-08-08 00:00:00'),(2431,'2022-09-10 00:00:00','2022-09-17 00:00:00','2022-09-20 00:00:00'),(2434,'2022-07-03 00:00:00','2022-07-10 00:00:00','2022-07-13 00:00:00'),(2437,'2022-05-17 00:00:00','2022-05-24 00:00:00','2022-05-26 00:00:00'),(2440,'2022-04-06 00:00:00','2022-04-13 00:00:00','2022-04-16 00:00:00'),(2443,'2022-08-14 00:00:00','2022-08-21 00:00:00','2022-08-24 00:00:00'),(2446,'2022-05-16 00:00:00','2022-05-23 00:00:00','2022-05-20 00:00:00'),(2449,'2022-06-10 00:00:00','2022-06-17 00:00:00','2022-06-18 00:00:00'),(2452,'2022-11-09 00:00:00','2022-11-16 00:00:00','2022-11-17 00:00:00'),(2455,'2022-09-02 00:00:00','2022-09-09 00:00:00','2022-09-10 00:00:00'),(2458,'2022-07-01 00:00:00','2022-07-08 00:00:00','2022-07-09 00:00:00'),(2461,'2022-03-18 00:00:00','2022-03-25 00:00:00','2022-03-25 00:00:00'),(2464,'2022-11-18 00:00:00','2022-11-25 00:00:00','2022-11-26 00:00:00'),(2467,'2022-03-16 00:00:00','2022-03-23 00:00:00','2022-03-20 00:00:00'),(2470,'2022-08-03 00:00:00','2022-08-10 00:00:00','2022-08-13 00:00:00'),(2473,'2022-04-04 00:00:00','2022-04-11 00:00:00','2022-04-12 00:00:00'),(2476,'2022-11-01 00:00:00','2022-11-08 00:00:00','2022-11-03 00:00:00'),(2479,'2022-11-09 00:00:00','2022-11-16 00:00:00','2022-11-14 00:00:00'),(2482,'2022-03-10 00:00:00','2022-03-17 00:00:00','2022-03-19 00:00:00'),(2485,'2022-09-05 00:00:00','2022-09-12 00:00:00','2022-09-07 00:00:00'),(2488,'2022-05-12 00:00:00','2022-05-19 00:00:00','2022-05-16 00:00:00'),(2491,'2022-05-05 00:00:00','2022-05-12 00:00:00','2022-05-07 00:00:00'),(2494,'2022-01-17 00:00:00','2022-01-24 00:00:00','2022-01-20 00:00:00'),(2497,'2022-03-01 00:00:00','2022-03-08 00:00:00','2022-03-08 00:00:00'),(2500,'2022-08-14 00:00:00','2022-08-21 00:00:00','2022-08-21 00:00:00'),(2503,'2022-08-17 00:00:00','2022-08-24 00:00:00','2022-08-21 00:00:00'),(2506,'2022-11-12 00:00:00','2022-11-19 00:00:00','2022-11-14 00:00:00'),(2509,'2022-08-17 00:00:00','2022-08-24 00:00:00','2022-08-22 00:00:00'),(2512,'2022-08-05 00:00:00','2022-08-12 00:00:00','2022-08-13 00:00:00'),(2515,'2022-08-11 00:00:00','2022-08-18 00:00:00','2022-08-14 00:00:00'),(2518,'2022-06-02 00:00:00','2022-06-09 00:00:00','2022-06-04 00:00:00'),(2521,'2022-02-04 00:00:00','2022-02-11 00:00:00','2022-02-12 00:00:00'),(2524,'2022-11-01 00:00:00','2022-11-08 00:00:00','2022-11-09 00:00:00'),(2527,'2022-11-15 00:00:00','2022-11-22 00:00:00','2022-11-23 00:00:00'),(2530,'2022-04-07 00:00:00','2022-04-14 00:00:00','2022-04-16 00:00:00'),(2533,'2022-09-04 00:00:00','2022-09-11 00:00:00','2022-09-14 00:00:00'),(2536,'2022-11-03 00:00:00','2022-11-10 00:00:00','2022-11-05 00:00:00'),(2539,'2022-11-04 00:00:00','2022-11-11 00:00:00','2022-11-09 00:00:00'),(2542,'2022-11-09 00:00:00','2022-11-16 00:00:00','2022-11-12 00:00:00'),(2545,'2022-10-08 00:00:00','2022-10-15 00:00:00','2022-10-12 00:00:00'),(2548,'2022-01-08 00:00:00','2022-01-15 00:00:00','2022-01-12 00:00:00'),(2551,'2022-11-02 00:00:00','2022-11-09 00:00:00','2022-11-06 00:00:00'),(2554,'2022-02-07 00:00:00','2022-02-14 00:00:00','2022-02-11 00:00:00'),(2557,'2022-01-02 00:00:00','2022-01-09 00:00:00','2022-01-11 00:00:00'),(2560,'2022-06-07 00:00:00','2022-06-14 00:00:00','2022-06-11 00:00:00'),(2563,'2022-02-11 00:00:00','2022-02-18 00:00:00','2022-02-18 00:00:00'),(2566,'2022-01-16 00:00:00','2022-01-23 00:00:00','2022-01-18 00:00:00'),(2569,'2022-03-04 00:00:00','2022-03-11 00:00:00','2022-03-06 00:00:00'),(2572,'2022-07-12 00:00:00','2022-07-19 00:00:00','2022-07-19 00:00:00'),(2575,'2022-02-18 00:00:00','2022-02-25 00:00:00','2022-02-23 00:00:00'),(2578,'2022-07-08 00:00:00','2022-07-15 00:00:00','2022-07-13 00:00:00'),(2581,'2022-01-14 00:00:00','2022-01-21 00:00:00','2022-01-19 00:00:00'),(2584,'2022-06-10 00:00:00','2022-06-17 00:00:00','2022-06-16 00:00:00'),(2587,'2022-03-18 00:00:00','2022-03-25 00:00:00','2022-03-21 00:00:00'),(2590,'2022-02-18 00:00:00','2022-02-25 00:00:00','2022-02-25 00:00:00'),(2593,'2022-01-11 00:00:00','2022-01-18 00:00:00','2022-01-18 00:00:00'),(2596,'2022-02-01 00:00:00','2022-02-08 00:00:00','2022-02-09 00:00:00'),(2599,'2022-04-09 00:00:00','2022-04-16 00:00:00','2022-04-14 00:00:00'),(2602,'2022-03-14 00:00:00','2022-03-21 00:00:00','2022-03-16 00:00:00'),(2605,'2022-05-01 00:00:00','2022-05-08 00:00:00','2022-05-09 00:00:00'),(2608,'2022-05-13 00:00:00','2022-05-20 00:00:00','2022-05-20 00:00:00'),(2611,'2022-04-06 00:00:00','2022-04-13 00:00:00','2022-04-15 00:00:00'),(2614,'2022-10-04 00:00:00','2022-10-11 00:00:00','2022-10-14 00:00:00'),(2617,'2022-03-01 00:00:00','2022-03-08 00:00:00','2022-03-04 00:00:00'),(2620,'2022-10-15 00:00:00','2022-10-22 00:00:00','2022-10-24 00:00:00'),(2623,'2022-06-15 00:00:00','2022-06-22 00:00:00','2022-06-19 00:00:00'),(2626,'2022-01-16 00:00:00','2022-01-23 00:00:00','2022-01-18 00:00:00'),(2629,'2022-04-18 00:00:00','2022-04-25 00:00:00','2022-04-20 00:00:00'),(2632,'2022-08-01 00:00:00','2022-08-08 00:00:00','2022-08-06 00:00:00'),(2635,'2022-09-11 00:00:00','2022-09-18 00:00:00','2022-09-18 00:00:00'),(2638,'2022-09-04 00:00:00','2022-09-11 00:00:00','2022-09-06 00:00:00'),(2641,'2022-11-09 00:00:00','2022-11-16 00:00:00','2022-11-15 00:00:00'),(2644,'2022-03-17 00:00:00','2022-03-24 00:00:00','2022-03-22 00:00:00'),(2647,'2022-03-15 00:00:00','2022-03-22 00:00:00','2022-03-20 00:00:00'),(2650,'2022-02-05 00:00:00','2022-02-12 00:00:00','2022-02-15 00:00:00'),(2653,'2022-02-08 00:00:00','2022-02-15 00:00:00','2022-02-18 00:00:00'),(2656,'2022-02-02 00:00:00','2022-02-09 00:00:00','2022-02-08 00:00:00'),(2659,'2022-01-07 00:00:00','2022-01-14 00:00:00','2022-01-10 00:00:00'),(2662,'2022-07-10 00:00:00','2022-07-17 00:00:00','2022-07-15 00:00:00'),(2665,'2022-01-07 00:00:00','2022-01-14 00:00:00','2022-01-15 00:00:00'),(2668,'2022-02-11 00:00:00','2022-02-18 00:00:00','2022-02-13 00:00:00'),(2671,'2022-04-15 00:00:00','2022-04-22 00:00:00','2022-04-21 00:00:00'),(2674,'2022-11-05 00:00:00','2022-11-12 00:00:00','2022-11-08 00:00:00'),(2677,'2022-01-08 00:00:00','2022-01-15 00:00:00','2022-01-11 00:00:00'),(2680,'2022-11-14 00:00:00','2022-11-21 00:00:00','2022-11-19 00:00:00'),(2683,'2022-02-05 00:00:00','2022-02-12 00:00:00','2022-02-11 00:00:00'),(2686,'2022-06-14 00:00:00','2022-06-21 00:00:00','2022-06-18 00:00:00'),(2689,'2022-04-16 00:00:00','2022-04-23 00:00:00','2022-04-18 00:00:00'),(2692,'2022-07-05 00:00:00','2022-07-12 00:00:00','2022-07-11 00:00:00'),(2695,'2022-05-06 00:00:00','2022-05-13 00:00:00','2022-05-16 00:00:00'),(2698,'2022-08-07 00:00:00','2022-08-14 00:00:00','2022-08-11 00:00:00'),(2701,'2022-07-07 00:00:00','2022-07-14 00:00:00','2022-07-16 00:00:00'),(2704,'2022-01-02 00:00:00','2022-01-09 00:00:00','2022-01-05 00:00:00'),(2707,'2022-02-01 00:00:00','2022-02-08 00:00:00','2022-02-08 00:00:00'),(2710,'2022-07-06 00:00:00','2022-07-13 00:00:00','2022-07-12 00:00:00'),(2713,'2022-06-01 00:00:00','2022-06-08 00:00:00','2022-06-09 00:00:00'),(2716,'2022-11-14 00:00:00','2022-11-21 00:00:00','2022-11-24 00:00:00'),(2719,'2022-05-13 00:00:00','2022-05-20 00:00:00','2022-05-17 00:00:00'),(2722,'2022-02-13 00:00:00','2022-02-20 00:00:00','2022-02-19 00:00:00'),(2725,'2022-10-16 00:00:00','2022-10-23 00:00:00','2022-10-26 00:00:00'),(2728,'2022-01-06 00:00:00','2022-01-13 00:00:00','2022-01-14 00:00:00'),(2731,'2022-05-12 00:00:00','2022-05-19 00:00:00','2022-05-14 00:00:00'),(2734,'2022-04-17 00:00:00','2022-04-24 00:00:00','2022-04-27 00:00:00'),(2737,'2022-05-13 00:00:00','2022-05-20 00:00:00','2022-05-17 00:00:00'),(2740,'2022-04-03 00:00:00','2022-04-10 00:00:00','2022-04-08 00:00:00'),(2743,'2022-08-14 00:00:00','2022-08-21 00:00:00','2022-08-21 00:00:00'),(2746,'2022-02-15 00:00:00','2022-02-22 00:00:00','2022-02-19 00:00:00'),(2749,'2022-09-13 00:00:00','2022-09-20 00:00:00','2022-09-19 00:00:00'),(2752,'2022-08-16 00:00:00','2022-08-23 00:00:00','2022-08-21 00:00:00'),(2755,'2022-11-09 00:00:00','2022-11-16 00:00:00','2022-11-17 00:00:00'),(2758,'2022-03-11 00:00:00','2022-03-18 00:00:00','2022-03-19 00:00:00'),(2761,'2022-01-05 00:00:00','2022-01-12 00:00:00','2022-01-15 00:00:00'),(2764,'2022-09-14 00:00:00','2022-09-21 00:00:00','2022-09-23 00:00:00'),(2767,'2022-11-03 00:00:00','2022-11-10 00:00:00','2022-11-06 00:00:00'),(2770,'2022-06-05 00:00:00','2022-06-12 00:00:00','2022-06-07 00:00:00'),(2773,'2022-05-09 00:00:00','2022-05-16 00:00:00','2022-05-11 00:00:00'),(2776,'2022-07-05 00:00:00','2022-07-12 00:00:00','2022-07-07 00:00:00'),(2779,'2022-05-08 00:00:00','2022-05-15 00:00:00','2022-05-18 00:00:00'),(2782,'2022-06-11 00:00:00','2022-06-18 00:00:00','2022-06-19 00:00:00'),(2785,'2022-11-07 00:00:00','2022-11-14 00:00:00','2022-11-09 00:00:00'),(2788,'2022-11-14 00:00:00','2022-11-21 00:00:00','2022-11-21 00:00:00'),(2791,'2022-01-07 00:00:00','2022-01-14 00:00:00','2022-01-17 00:00:00'),(2794,'2022-11-09 00:00:00','2022-11-16 00:00:00','2022-11-16 00:00:00'),(2797,'2022-10-18 00:00:00','2022-10-25 00:00:00','2022-10-26 00:00:00'),(2800,'2022-06-06 00:00:00','2022-06-13 00:00:00','2022-06-10 00:00:00'),(2803,'2022-07-03 00:00:00','2022-07-10 00:00:00','2022-07-12 00:00:00'),(2806,'2022-05-02 00:00:00','2022-05-09 00:00:00','2022-05-05 00:00:00'),(2809,'2022-11-16 00:00:00','2022-11-23 00:00:00','2022-11-19 00:00:00'),(2812,'2022-03-17 00:00:00','2022-03-24 00:00:00','2022-03-25 00:00:00'),(2815,'2022-10-10 00:00:00','2022-10-17 00:00:00','2022-10-20 00:00:00'),(2818,'2022-04-11 00:00:00','2022-04-18 00:00:00','2022-04-17 00:00:00'),(2821,'2022-09-04 00:00:00','2022-09-11 00:00:00','2022-09-13 00:00:00'),(2824,'2022-07-17 00:00:00','2022-07-24 00:00:00','2022-07-27 00:00:00'),(2827,'2022-05-06 00:00:00','2022-05-13 00:00:00','2022-05-09 00:00:00'),(2830,'2022-10-07 00:00:00','2022-10-14 00:00:00','2022-10-12 00:00:00'),(2833,'2022-06-16 00:00:00','2022-06-23 00:00:00','2022-06-20 00:00:00'),(2836,'2022-03-03 00:00:00','2022-03-10 00:00:00','2022-03-13 00:00:00'),(2839,'2022-07-18 00:00:00','2022-07-25 00:00:00','2022-07-25 00:00:00'),(2842,'2022-07-08 00:00:00','2022-07-15 00:00:00','2022-07-13 00:00:00'),(2845,'2022-04-04 00:00:00','2022-04-11 00:00:00','2022-04-07 00:00:00'),(2848,'2022-06-08 00:00:00','2022-06-15 00:00:00','2022-06-13 00:00:00'),(2851,'2022-07-05 00:00:00','2022-07-12 00:00:00','2022-07-12 00:00:00'),(2854,'2022-11-12 00:00:00','2022-11-19 00:00:00','2022-11-22 00:00:00'),(2857,'2022-06-02 00:00:00','2022-06-09 00:00:00','2022-06-12 00:00:00'),(2860,'2022-07-14 00:00:00','2022-07-21 00:00:00','2022-07-20 00:00:00'),(2863,'2022-09-11 00:00:00','2022-09-18 00:00:00','2022-09-17 00:00:00'),(2866,'2022-03-15 00:00:00','2022-03-22 00:00:00','2022-03-18 00:00:00'),(2869,'2022-01-06 00:00:00','2022-01-13 00:00:00','2022-01-16 00:00:00'),(2872,'2022-02-03 00:00:00','2022-02-10 00:00:00','2022-02-11 00:00:00'),(2875,'2022-02-17 00:00:00','2022-02-24 00:00:00','2022-02-20 00:00:00'),(2878,'2022-04-18 00:00:00','2022-04-25 00:00:00','2022-04-27 00:00:00'),(2881,'2022-08-12 00:00:00','2022-08-19 00:00:00','2022-08-18 00:00:00'),(2884,'2022-10-10 00:00:00','2022-10-17 00:00:00','2022-10-17 00:00:00'),(2887,'2022-07-07 00:00:00','2022-07-14 00:00:00','2022-07-09 00:00:00'),(2890,'2022-07-05 00:00:00','2022-07-12 00:00:00','2022-07-14 00:00:00'),(2893,'2022-11-02 00:00:00','2022-11-09 00:00:00','2022-11-10 00:00:00'),(2896,'2022-01-17 00:00:00','2022-01-24 00:00:00','2022-01-19 00:00:00'),(2899,'2022-10-10 00:00:00','2022-10-17 00:00:00','2022-10-17 00:00:00'),(2902,'2022-11-16 00:00:00','2022-11-23 00:00:00','2022-11-22 00:00:00'),(2905,'2022-09-12 00:00:00','2022-09-19 00:00:00','2022-09-21 00:00:00'),(2908,'2022-02-04 00:00:00','2022-02-11 00:00:00','2022-02-06 00:00:00'),(2911,'2022-01-02 00:00:00','2022-01-09 00:00:00','2022-01-06 00:00:00'),(2914,'2022-01-14 00:00:00','2022-01-21 00:00:00','2022-01-24 00:00:00'),(2917,'2022-02-15 00:00:00','2022-02-22 00:00:00','2022-02-22 00:00:00'),(2920,'2022-11-07 00:00:00','2022-11-14 00:00:00','2022-11-10 00:00:00'),(2923,'2022-08-09 00:00:00','2022-08-16 00:00:00','2022-08-19 00:00:00'),(2926,'2022-05-01 00:00:00','2022-05-08 00:00:00','2022-05-08 00:00:00'),(2929,'2022-02-02 00:00:00','2022-02-09 00:00:00','2022-02-08 00:00:00'),(2932,'2022-01-01 00:00:00','2022-01-08 00:00:00','2022-01-05 00:00:00'),(2935,'2022-07-05 00:00:00','2022-07-12 00:00:00','2022-07-14 00:00:00'),(2938,'2022-09-02 00:00:00','2022-09-09 00:00:00','2022-09-10 00:00:00'),(2941,'2022-04-10 00:00:00','2022-04-17 00:00:00','2022-04-17 00:00:00'),(2944,'2022-03-16 00:00:00','2022-03-23 00:00:00','2022-03-18 00:00:00'),(2947,'2022-10-07 00:00:00','2022-10-14 00:00:00','2022-10-14 00:00:00'),(2950,'2022-06-18 00:00:00','2022-06-25 00:00:00','2022-06-26 00:00:00'),(2953,'2022-11-10 00:00:00','2022-11-17 00:00:00','2022-11-18 00:00:00'),(2956,'2022-11-18 00:00:00','2022-11-25 00:00:00','2022-11-27 00:00:00'),(2959,'2022-03-03 00:00:00','2022-03-10 00:00:00','2022-03-08 00:00:00'),(2962,'2022-08-14 00:00:00','2022-08-21 00:00:00','2022-08-20 00:00:00'),(2965,'2022-06-12 00:00:00','2022-06-19 00:00:00','2022-06-19 00:00:00'),(2968,'2022-10-12 00:00:00','2022-10-19 00:00:00','2022-10-19 00:00:00'),(2971,'2022-11-02 00:00:00','2022-11-09 00:00:00','2022-11-10 00:00:00'),(2974,'2022-04-16 00:00:00','2022-04-23 00:00:00','2022-04-18 00:00:00'),(2977,'2022-01-02 00:00:00','2022-01-09 00:00:00','2022-01-06 00:00:00'),(2980,'2022-05-07 00:00:00','2022-05-14 00:00:00','2022-05-16 00:00:00'),(2983,'2022-09-01 00:00:00','2022-09-08 00:00:00','2022-09-10 00:00:00'),(2986,'2022-06-14 00:00:00','2022-06-21 00:00:00','2022-06-19 00:00:00'),(2989,'2022-02-14 00:00:00','2022-02-21 00:00:00','2022-02-20 00:00:00'),(2992,'2022-02-09 00:00:00','2022-02-16 00:00:00','2022-02-14 00:00:00'),(2995,'2022-05-11 00:00:00','2022-05-18 00:00:00','2022-05-19 00:00:00'),(2998,'2022-06-05 00:00:00','2022-06-12 00:00:00','2022-06-12 00:00:00'),(3001,'2022-07-15 00:00:00','2022-07-22 00:00:00','2022-07-24 00:00:00'),(3004,'2022-11-01 00:00:00','2022-11-08 00:00:00','2022-11-03 00:00:00'),(3007,'2022-03-11 00:00:00','2022-03-18 00:00:00','2022-03-13 00:00:00'),(3010,'2022-10-17 00:00:00','2022-10-24 00:00:00','2022-10-21 00:00:00'),(3013,'2022-01-05 00:00:00','2022-01-12 00:00:00','2022-01-13 00:00:00'),(3016,'2022-10-13 00:00:00','2022-10-20 00:00:00','2022-10-23 00:00:00'),(3019,'2022-10-17 00:00:00','2022-10-24 00:00:00','2022-10-26 00:00:00'),(3022,'2022-08-11 00:00:00','2022-08-18 00:00:00','2022-08-14 00:00:00'),(3025,'2022-09-12 00:00:00','2022-09-19 00:00:00','2022-09-14 00:00:00'),(3028,'2022-09-09 00:00:00','2022-09-16 00:00:00','2022-09-14 00:00:00'),(3031,'2022-03-13 00:00:00','2022-03-20 00:00:00','2022-03-22 00:00:00'),(3034,'2022-08-02 00:00:00','2022-08-09 00:00:00','2022-08-06 00:00:00'),(3037,'2022-05-05 00:00:00','2022-05-12 00:00:00','2022-05-10 00:00:00'),(3040,'2022-04-10 00:00:00','2022-04-17 00:00:00','2022-04-18 00:00:00'),(3043,'2022-08-07 00:00:00','2022-08-14 00:00:00','2022-08-14 00:00:00'),(3046,'2022-09-07 00:00:00','2022-09-14 00:00:00','2022-09-14 00:00:00'),(3049,'2022-05-13 00:00:00','2022-05-20 00:00:00','2022-05-18 00:00:00'),(3052,'2022-08-07 00:00:00','2022-08-14 00:00:00','2022-08-09 00:00:00'),(3055,'2022-01-03 00:00:00','2022-01-10 00:00:00','2022-01-12 00:00:00'),(3058,'2022-05-17 00:00:00','2022-05-24 00:00:00','2022-05-20 00:00:00'),(3061,'2022-03-13 00:00:00','2022-03-20 00:00:00','2022-03-22 00:00:00'),(3064,'2022-08-01 00:00:00','2022-08-08 00:00:00','2022-08-09 00:00:00'),(3067,'2022-04-06 00:00:00','2022-04-13 00:00:00','2022-04-14 00:00:00'),(3070,'2022-03-12 00:00:00','2022-03-19 00:00:00','2022-03-18 00:00:00'),(3073,'2022-09-02 00:00:00','2022-09-09 00:00:00','2022-09-07 00:00:00'),(3076,'2022-08-06 00:00:00','2022-08-13 00:00:00','2022-08-15 00:00:00'),(3079,'2022-01-09 00:00:00','2022-01-16 00:00:00','2022-01-16 00:00:00'),(3082,'2022-10-17 00:00:00','2022-10-24 00:00:00','2022-10-27 00:00:00'),(3085,'2022-09-17 00:00:00','2022-09-24 00:00:00','2022-09-24 00:00:00'),(3088,'2022-10-17 00:00:00','2022-10-24 00:00:00','2022-10-23 00:00:00'),(3091,'2022-01-09 00:00:00','2022-01-16 00:00:00','2022-01-16 00:00:00'),(3094,'2022-11-02 00:00:00','2022-11-09 00:00:00','2022-11-11 00:00:00'),(3097,'2022-04-18 00:00:00','2022-04-25 00:00:00','2022-04-21 00:00:00'),(3100,'2022-07-02 00:00:00','2022-07-09 00:00:00','2022-07-07 00:00:00'),(3103,'2022-03-12 00:00:00','2022-03-19 00:00:00','2022-03-20 00:00:00'),(3106,'2022-11-06 00:00:00','2022-11-13 00:00:00','2022-11-12 00:00:00'),(3109,'2022-02-07 00:00:00','2022-02-14 00:00:00','2022-02-09 00:00:00'),(3112,'2022-05-09 00:00:00','2022-05-16 00:00:00','2022-05-19 00:00:00'),(3115,'2022-10-06 00:00:00','2022-10-13 00:00:00','2022-10-13 00:00:00'),(3118,'2022-08-13 00:00:00','2022-08-20 00:00:00','2022-08-23 00:00:00'),(3121,'2022-04-18 00:00:00','2022-04-25 00:00:00','2022-04-20 00:00:00'),(3124,'2022-04-09 00:00:00','2022-04-16 00:00:00','2022-04-15 00:00:00'),(3127,'2022-06-14 00:00:00','2022-06-21 00:00:00','2022-06-20 00:00:00'),(3130,'2022-02-12 00:00:00','2022-02-19 00:00:00','2022-02-18 00:00:00'),(3133,'2022-02-06 00:00:00','2022-02-13 00:00:00','2022-02-14 00:00:00'),(3136,'2022-07-01 00:00:00','2022-07-08 00:00:00','2022-07-10 00:00:00'),(3139,'2022-11-10 00:00:00','2022-11-17 00:00:00','2022-11-14 00:00:00'),(3142,'2022-10-04 00:00:00','2022-10-11 00:00:00','2022-10-08 00:00:00'),(3145,'2022-11-14 00:00:00','2022-11-21 00:00:00','2022-11-16 00:00:00'),(3148,'2022-06-17 00:00:00','2022-06-24 00:00:00','2022-06-27 00:00:00'),(3151,'2022-02-08 00:00:00','2022-02-15 00:00:00','2022-02-11 00:00:00'),(3154,'2022-04-10 00:00:00','2022-04-17 00:00:00','2022-04-17 00:00:00'),(3157,'2022-09-15 00:00:00','2022-09-22 00:00:00','2022-09-24 00:00:00'),(3160,'2022-07-03 00:00:00','2022-07-10 00:00:00','2022-07-06 00:00:00'),(3163,'2022-01-18 00:00:00','2022-01-25 00:00:00','2022-01-27 00:00:00'),(3166,'2022-10-07 00:00:00','2022-10-14 00:00:00','2022-10-17 00:00:00'),(3169,'2022-10-15 00:00:00','2022-10-22 00:00:00','2022-10-21 00:00:00'),(3172,'2022-04-03 00:00:00','2022-04-10 00:00:00','2022-04-08 00:00:00'),(3175,'2022-03-14 00:00:00','2022-03-21 00:00:00','2022-03-20 00:00:00'),(3178,'2022-11-09 00:00:00','2022-11-16 00:00:00','2022-11-19 00:00:00'),(3181,'2022-09-01 00:00:00','2022-09-08 00:00:00','2022-09-09 00:00:00'),(3184,'2022-02-05 00:00:00','2022-02-12 00:00:00','2022-02-09 00:00:00'),(3187,'2022-04-10 00:00:00','2022-04-17 00:00:00','2022-04-13 00:00:00'),(3190,'2022-07-04 00:00:00','2022-07-11 00:00:00','2022-07-11 00:00:00'),(3193,'2022-01-09 00:00:00','2022-01-16 00:00:00','2022-01-15 00:00:00'),(3196,'2022-02-08 00:00:00','2022-02-15 00:00:00','2022-02-10 00:00:00'),(3199,'2022-05-04 00:00:00','2022-05-11 00:00:00','2022-05-09 00:00:00'),(3202,'2022-05-11 00:00:00','2022-05-18 00:00:00','2022-05-19 00:00:00'),(3205,'2022-04-16 00:00:00','2022-04-23 00:00:00','2022-04-24 00:00:00'),(3208,'2022-06-07 00:00:00','2022-06-14 00:00:00','2022-06-11 00:00:00'),(3211,'2022-03-02 00:00:00','2022-03-09 00:00:00','2022-03-05 00:00:00'),(3214,'2022-05-16 00:00:00','2022-05-23 00:00:00','2022-05-22 00:00:00'),(3217,'2022-05-09 00:00:00','2022-05-16 00:00:00','2022-05-19 00:00:00'),(3220,'2022-02-06 00:00:00','2022-02-13 00:00:00','2022-02-10 00:00:00'),(3223,'2022-10-15 00:00:00','2022-10-22 00:00:00','2022-10-25 00:00:00'),(3226,'2022-07-08 00:00:00','2022-07-15 00:00:00','2022-07-13 00:00:00'),(3229,'2022-11-12 00:00:00','2022-11-19 00:00:00','2022-11-17 00:00:00'),(3232,'2022-10-18 00:00:00','2022-10-25 00:00:00','2022-10-28 00:00:00'),(3235,'2022-10-03 00:00:00','2022-10-10 00:00:00','2022-10-11 00:00:00'),(3238,'2022-09-06 00:00:00','2022-09-13 00:00:00','2022-09-08 00:00:00'),(3241,'2022-04-11 00:00:00','2022-04-18 00:00:00','2022-04-20 00:00:00'),(3244,'2022-05-15 00:00:00','2022-05-22 00:00:00','2022-05-23 00:00:00'),(3247,'2022-05-16 00:00:00','2022-05-23 00:00:00','2022-05-23 00:00:00'),(3250,'2022-02-13 00:00:00','2022-02-20 00:00:00','2022-02-17 00:00:00'),(3253,'2022-05-14 00:00:00','2022-05-21 00:00:00','2022-05-22 00:00:00'),(3256,'2022-08-06 00:00:00','2022-08-13 00:00:00','2022-08-14 00:00:00'),(3259,'2022-07-08 00:00:00','2022-07-15 00:00:00','2022-07-15 00:00:00'),(3262,'2022-09-12 00:00:00','2022-09-19 00:00:00','2022-09-19 00:00:00'),(3265,'2022-07-13 00:00:00','2022-07-20 00:00:00','2022-07-20 00:00:00'),(3268,'2022-10-12 00:00:00','2022-10-19 00:00:00','2022-10-20 00:00:00'),(3271,'2022-11-13 00:00:00','2022-11-20 00:00:00','2022-11-21 00:00:00'),(3274,'2022-09-03 00:00:00','2022-09-10 00:00:00','2022-09-13 00:00:00'),(3277,'2022-10-09 00:00:00','2022-10-16 00:00:00','2022-10-17 00:00:00'),(3280,'2022-02-10 00:00:00','2022-02-17 00:00:00','2022-02-16 00:00:00'),(3283,'2022-06-08 00:00:00','2022-06-15 00:00:00','2022-06-15 00:00:00'),(3286,'2022-08-03 00:00:00','2022-08-10 00:00:00','2022-08-12 00:00:00'),(3289,'2022-11-05 00:00:00','2022-11-12 00:00:00','2022-11-08 00:00:00'),(3292,'2022-03-03 00:00:00','2022-03-10 00:00:00','2022-03-07 00:00:00'),(3295,'2022-09-02 00:00:00','2022-09-09 00:00:00','2022-09-12 00:00:00'),(3298,'2022-01-04 00:00:00','2022-01-11 00:00:00','2022-01-07 00:00:00'),(3301,'2022-11-12 00:00:00','2022-11-19 00:00:00','2022-11-20 00:00:00'),(3304,'2022-04-16 00:00:00','2022-04-23 00:00:00','2022-04-23 00:00:00'),(3307,'2022-09-18 00:00:00','2022-09-25 00:00:00','2022-09-23 00:00:00'),(3310,'2022-04-04 00:00:00','2022-04-11 00:00:00','2022-04-09 00:00:00'),(3313,'2022-04-18 00:00:00','2022-04-25 00:00:00','2022-04-20 00:00:00'),(3316,'2022-03-08 00:00:00','2022-03-15 00:00:00','2022-03-18 00:00:00'),(3319,'2022-09-08 00:00:00','2022-09-15 00:00:00','2022-09-16 00:00:00'),(3322,'2022-11-09 00:00:00','2022-11-16 00:00:00','2022-11-13 00:00:00'),(3325,'2022-07-15 00:00:00','2022-07-22 00:00:00','2022-07-17 00:00:00'),(3328,'2022-02-04 00:00:00','2022-02-11 00:00:00','2022-02-14 00:00:00'),(3331,'2022-04-16 00:00:00','2022-04-23 00:00:00','2022-04-26 00:00:00'),(3334,'2022-05-07 00:00:00','2022-05-14 00:00:00','2022-05-10 00:00:00'),(3337,'2022-03-10 00:00:00','2022-03-17 00:00:00','2022-03-14 00:00:00'),(3340,'2022-10-16 00:00:00','2022-10-23 00:00:00','2022-10-24 00:00:00'),(3343,'2022-01-06 00:00:00','2022-01-13 00:00:00','2022-01-15 00:00:00'),(3346,'2022-07-06 00:00:00','2022-07-13 00:00:00','2022-07-11 00:00:00'),(3349,'2022-10-18 00:00:00','2022-10-25 00:00:00','2022-10-24 00:00:00'),(3352,'2022-05-08 00:00:00','2022-05-15 00:00:00','2022-05-16 00:00:00'),(3355,'2022-03-18 00:00:00','2022-03-25 00:00:00','2022-03-26 00:00:00'),(3358,'2022-11-04 00:00:00','2022-11-11 00:00:00','2022-11-06 00:00:00'),(3361,'2022-07-10 00:00:00','2022-07-17 00:00:00','2022-07-15 00:00:00'),(3364,'2022-11-01 00:00:00','2022-11-08 00:00:00','2022-11-10 00:00:00'),(3367,'2022-03-02 00:00:00','2022-03-09 00:00:00','2022-03-10 00:00:00'),(3370,'2022-08-18 00:00:00','2022-08-25 00:00:00','2022-08-26 00:00:00'),(3373,'2022-06-14 00:00:00','2022-06-21 00:00:00','2022-06-19 00:00:00'),(3376,'2022-07-16 00:00:00','2022-07-23 00:00:00','2022-07-22 00:00:00'),(3379,'2022-09-01 00:00:00','2022-09-08 00:00:00','2022-09-10 00:00:00'),(3382,'2022-06-02 00:00:00','2022-06-09 00:00:00','2022-06-08 00:00:00'),(3385,'2022-02-06 00:00:00','2022-02-13 00:00:00','2022-02-12 00:00:00'),(3388,'2022-08-10 00:00:00','2022-08-17 00:00:00','2022-08-13 00:00:00'),(3391,'2022-09-18 00:00:00','2022-09-25 00:00:00','2022-09-25 00:00:00'),(3394,'2022-05-13 00:00:00','2022-05-20 00:00:00','2022-05-16 00:00:00'),(3397,'2022-01-08 00:00:00','2022-01-15 00:00:00','2022-01-18 00:00:00'),(3400,'2022-02-16 00:00:00','2022-02-23 00:00:00','2022-02-24 00:00:00'),(3403,'2022-02-09 00:00:00','2022-02-16 00:00:00','2022-02-12 00:00:00'),(3406,'2022-10-04 00:00:00','2022-10-11 00:00:00','2022-10-12 00:00:00'),(3409,'2022-01-01 00:00:00','2022-01-08 00:00:00','2022-01-11 00:00:00'),(3412,'2022-03-05 00:00:00','2022-03-12 00:00:00','2022-03-12 00:00:00'),(3415,'2022-04-10 00:00:00','2022-04-17 00:00:00','2022-04-14 00:00:00'),(3418,'2022-02-15 00:00:00','2022-02-22 00:00:00','2022-02-20 00:00:00'),(3421,'2022-01-03 00:00:00','2022-01-10 00:00:00','2022-01-05 00:00:00'),(3424,'2022-09-01 00:00:00','2022-09-08 00:00:00','2022-09-07 00:00:00'),(3427,'2022-02-18 00:00:00','2022-02-25 00:00:00','2022-02-25 00:00:00'),(3430,'2022-09-04 00:00:00','2022-09-11 00:00:00','2022-09-08 00:00:00'),(3433,'2022-07-15 00:00:00','2022-07-22 00:00:00','2022-07-17 00:00:00'),(3436,'2022-08-09 00:00:00','2022-08-16 00:00:00','2022-08-18 00:00:00'),(3439,'2022-09-08 00:00:00','2022-09-15 00:00:00','2022-09-10 00:00:00'),(3442,'2022-08-08 00:00:00','2022-08-15 00:00:00','2022-08-16 00:00:00'),(3445,'2022-05-17 00:00:00','2022-05-24 00:00:00','2022-05-21 00:00:00'),(3448,'2022-01-10 00:00:00','2022-01-17 00:00:00','2022-01-14 00:00:00'),(3451,'2022-03-03 00:00:00','2022-03-10 00:00:00','2022-03-09 00:00:00'),(3454,'2022-01-14 00:00:00','2022-01-21 00:00:00','2022-01-16 00:00:00'),(3457,'2022-01-03 00:00:00','2022-01-10 00:00:00','2022-01-05 00:00:00'),(3460,'2022-08-07 00:00:00','2022-08-14 00:00:00','2022-08-11 00:00:00'),(3463,'2022-01-09 00:00:00','2022-01-16 00:00:00','2022-01-14 00:00:00'),(3466,'2022-11-15 00:00:00','2022-11-22 00:00:00','2022-11-22 00:00:00'),(3469,'2022-06-12 00:00:00','2022-06-19 00:00:00','2022-06-18 00:00:00'),(3472,'2022-02-03 00:00:00','2022-02-10 00:00:00','2022-02-08 00:00:00'),(3475,'2022-06-12 00:00:00','2022-06-19 00:00:00','2022-06-14 00:00:00'),(3478,'2022-06-08 00:00:00','2022-06-15 00:00:00','2022-06-13 00:00:00'),(3481,'2022-05-07 00:00:00','2022-05-14 00:00:00','2022-05-12 00:00:00'),(3484,'2022-07-07 00:00:00','2022-07-14 00:00:00','2022-07-17 00:00:00'),(3487,'2022-10-05 00:00:00','2022-10-12 00:00:00','2022-10-15 00:00:00'),(3490,'2022-06-18 00:00:00','2022-06-25 00:00:00','2022-06-25 00:00:00'),(3493,'2022-11-02 00:00:00','2022-11-09 00:00:00','2022-11-06 00:00:00'),(3496,'2022-01-09 00:00:00','2022-01-16 00:00:00','2022-01-12 00:00:00'),(3499,'2022-10-01 00:00:00','2022-10-08 00:00:00','2022-10-05 00:00:00'),(3502,'2022-05-04 00:00:00','2022-05-11 00:00:00','2022-05-14 00:00:00'),(3505,'2022-08-01 00:00:00','2022-08-08 00:00:00','2022-08-06 00:00:00'),(3508,'2022-11-16 00:00:00','2022-11-23 00:00:00','2022-11-21 00:00:00'),(3511,'2022-06-14 00:00:00','2022-06-21 00:00:00','2022-06-24 00:00:00'),(3514,'2022-06-01 00:00:00','2022-06-08 00:00:00','2022-06-03 00:00:00'),(3517,'2022-06-18 00:00:00','2022-06-25 00:00:00','2022-06-24 00:00:00'),(3520,'2022-08-01 00:00:00','2022-08-08 00:00:00','2022-08-03 00:00:00'),(3523,'2022-10-07 00:00:00','2022-10-14 00:00:00','2022-10-17 00:00:00'),(3526,'2022-10-15 00:00:00','2022-10-22 00:00:00','2022-10-20 00:00:00'),(3529,'2022-11-01 00:00:00','2022-11-08 00:00:00','2022-11-04 00:00:00'),(3532,'2022-04-13 00:00:00','2022-04-20 00:00:00','2022-04-15 00:00:00'),(3535,'2022-08-16 00:00:00','2022-08-23 00:00:00','2022-08-24 00:00:00'),(3538,'2022-03-08 00:00:00','2022-03-15 00:00:00','2022-03-18 00:00:00'),(3541,'2022-02-08 00:00:00','2022-02-15 00:00:00','2022-02-17 00:00:00'),(3544,'2022-05-09 00:00:00','2022-05-16 00:00:00','2022-05-19 00:00:00'),(3547,'2022-02-02 00:00:00','2022-02-09 00:00:00','2022-02-07 00:00:00'),(3550,'2022-02-16 00:00:00','2022-02-23 00:00:00','2022-02-23 00:00:00'),(3553,'2022-07-05 00:00:00','2022-07-12 00:00:00','2022-07-11 00:00:00'),(3556,'2022-02-14 00:00:00','2022-02-21 00:00:00','2022-02-16 00:00:00'),(3559,'2022-07-10 00:00:00','2022-07-17 00:00:00','2022-07-19 00:00:00'),(3562,'2022-02-14 00:00:00','2022-02-21 00:00:00','2022-02-23 00:00:00'),(3565,'2022-02-01 00:00:00','2022-02-08 00:00:00','2022-02-06 00:00:00'),(3568,'2022-01-17 00:00:00','2022-01-24 00:00:00','2022-01-23 00:00:00'),(3571,'2022-01-10 00:00:00','2022-01-17 00:00:00','2022-01-16 00:00:00'),(3574,'2022-11-02 00:00:00','2022-11-09 00:00:00','2022-11-09 00:00:00'),(3577,'2022-04-18 00:00:00','2022-04-25 00:00:00','2022-04-25 00:00:00'),(3580,'2022-04-01 00:00:00','2022-04-08 00:00:00','2022-04-10 00:00:00'),(3583,'2022-08-01 00:00:00','2022-08-08 00:00:00','2022-08-10 00:00:00'),(3586,'2022-05-14 00:00:00','2022-05-21 00:00:00','2022-05-19 00:00:00'),(3589,'2022-08-17 00:00:00','2022-08-24 00:00:00','2022-08-23 00:00:00'),(3592,'2022-09-07 00:00:00','2022-09-14 00:00:00','2022-09-11 00:00:00'),(3595,'2022-03-12 00:00:00','2022-03-19 00:00:00','2022-03-18 00:00:00'),(3598,'2022-06-16 00:00:00','2022-06-23 00:00:00','2022-06-23 00:00:00'),(3601,'2022-10-07 00:00:00','2022-10-14 00:00:00','2022-10-14 00:00:00'),(3604,'2022-07-04 00:00:00','2022-07-11 00:00:00','2022-07-12 00:00:00'),(3607,'2022-02-07 00:00:00','2022-02-14 00:00:00','2022-02-14 00:00:00'),(3610,'2022-05-05 00:00:00','2022-05-12 00:00:00','2022-05-07 00:00:00'),(3613,'2022-07-02 00:00:00','2022-07-09 00:00:00','2022-07-10 00:00:00'),(3616,'2022-09-12 00:00:00','2022-09-19 00:00:00','2022-09-21 00:00:00'),(3619,'2022-02-08 00:00:00','2022-02-15 00:00:00','2022-02-13 00:00:00'),(3622,'2022-01-03 00:00:00','2022-01-10 00:00:00','2022-01-08 00:00:00'),(3625,'2022-06-16 00:00:00','2022-06-23 00:00:00','2022-06-22 00:00:00'),(3628,'2022-10-03 00:00:00','2022-10-10 00:00:00','2022-10-09 00:00:00'),(3631,'2022-09-16 00:00:00','2022-09-23 00:00:00','2022-09-25 00:00:00'),(3634,'2022-03-16 00:00:00','2022-03-23 00:00:00','2022-03-19 00:00:00'),(3637,'2022-03-13 00:00:00','2022-03-20 00:00:00','2022-03-17 00:00:00'),(3640,'2022-05-18 00:00:00','2022-05-25 00:00:00','2022-05-25 00:00:00'),(3643,'2022-03-14 00:00:00','2022-03-21 00:00:00','2022-03-22 00:00:00'),(3646,'2022-09-07 00:00:00','2022-09-14 00:00:00','2022-09-09 00:00:00'),(3649,'2022-08-04 00:00:00','2022-08-11 00:00:00','2022-08-07 00:00:00'),(3652,'2022-07-03 00:00:00','2022-07-10 00:00:00','2022-07-08 00:00:00'),(3655,'2022-06-06 00:00:00','2022-06-13 00:00:00','2022-06-16 00:00:00'),(3658,'2022-05-12 00:00:00','2022-05-19 00:00:00','2022-05-16 00:00:00'),(3661,'2022-11-16 00:00:00','2022-11-23 00:00:00','2022-11-24 00:00:00'),(3664,'2022-05-10 00:00:00','2022-05-17 00:00:00','2022-05-16 00:00:00'),(3667,'2022-10-14 00:00:00','2022-10-21 00:00:00','2022-10-19 00:00:00'),(3670,'2022-11-14 00:00:00','2022-11-21 00:00:00','2022-11-19 00:00:00'),(3673,'2022-05-01 00:00:00','2022-05-08 00:00:00','2022-05-10 00:00:00'),(3676,'2022-05-10 00:00:00','2022-05-17 00:00:00','2022-05-18 00:00:00'),(3679,'2022-10-05 00:00:00','2022-10-12 00:00:00','2022-10-08 00:00:00'),(3682,'2022-07-11 00:00:00','2022-07-18 00:00:00','2022-07-15 00:00:00'),(3685,'2022-10-02 00:00:00','2022-10-09 00:00:00','2022-10-07 00:00:00'),(3688,'2022-04-10 00:00:00','2022-04-17 00:00:00','2022-04-20 00:00:00'),(3691,'2022-10-10 00:00:00','2022-10-17 00:00:00','2022-10-13 00:00:00'),(3694,'2022-10-02 00:00:00','2022-10-09 00:00:00','2022-10-07 00:00:00'),(3697,'2022-03-07 00:00:00','2022-03-14 00:00:00','2022-03-11 00:00:00'),(3700,'2022-10-08 00:00:00','2022-10-15 00:00:00','2022-10-12 00:00:00'),(3703,'2022-07-05 00:00:00','2022-07-12 00:00:00','2022-07-10 00:00:00'),(3706,'2022-10-16 00:00:00','2022-10-23 00:00:00','2022-10-26 00:00:00'),(3709,'2022-07-18 00:00:00','2022-07-25 00:00:00','2022-07-23 00:00:00'),(3712,'2022-01-03 00:00:00','2022-01-10 00:00:00','2022-01-06 00:00:00'),(3715,'2022-04-17 00:00:00','2022-04-24 00:00:00','2022-04-22 00:00:00'),(3718,'2022-05-07 00:00:00','2022-05-14 00:00:00','2022-05-13 00:00:00'),(3721,'2022-08-17 00:00:00','2022-08-24 00:00:00','2022-08-27 00:00:00'),(3724,'2022-01-17 00:00:00','2022-01-24 00:00:00','2022-01-20 00:00:00'),(3727,'2022-09-06 00:00:00','2022-09-13 00:00:00','2022-09-16 00:00:00'),(3730,'2022-03-13 00:00:00','2022-03-20 00:00:00','2022-03-23 00:00:00'),(3733,'2022-03-18 00:00:00','2022-03-25 00:00:00','2022-03-27 00:00:00'),(3736,'2022-03-02 00:00:00','2022-03-09 00:00:00','2022-03-08 00:00:00'),(3739,'2022-07-18 00:00:00','2022-07-25 00:00:00','2022-07-25 00:00:00'),(3742,'2022-08-16 00:00:00','2022-08-23 00:00:00','2022-08-20 00:00:00'),(3745,'2022-10-10 00:00:00','2022-10-17 00:00:00','2022-10-14 00:00:00'),(3748,'2022-02-09 00:00:00','2022-02-16 00:00:00','2022-02-13 00:00:00'),(3751,'2022-01-05 00:00:00','2022-01-12 00:00:00','2022-01-11 00:00:00'),(3754,'2022-08-12 00:00:00','2022-08-19 00:00:00','2022-08-19 00:00:00'),(3757,'2022-03-13 00:00:00','2022-03-20 00:00:00','2022-03-16 00:00:00'),(3760,'2022-04-15 00:00:00','2022-04-22 00:00:00','2022-04-20 00:00:00'),(3763,'2022-02-15 00:00:00','2022-02-22 00:00:00','2022-02-25 00:00:00'),(3766,'2022-05-03 00:00:00','2022-05-10 00:00:00','2022-05-09 00:00:00'),(3769,'2022-03-13 00:00:00','2022-03-20 00:00:00','2022-03-18 00:00:00'),(3772,'2022-06-12 00:00:00','2022-06-19 00:00:00','2022-06-20 00:00:00'),(3775,'2022-08-06 00:00:00','2022-08-13 00:00:00','2022-08-08 00:00:00'),(3778,'2022-02-09 00:00:00','2022-02-16 00:00:00','2022-02-16 00:00:00'),(3781,'2022-05-02 00:00:00','2022-05-09 00:00:00','2022-05-08 00:00:00'),(3784,'2022-01-17 00:00:00','2022-01-24 00:00:00','2022-01-21 00:00:00'),(3787,'2022-05-09 00:00:00','2022-05-16 00:00:00','2022-05-18 00:00:00'),(3790,'2022-07-08 00:00:00','2022-07-15 00:00:00','2022-07-14 00:00:00'),(3793,'2022-01-06 00:00:00','2022-01-13 00:00:00','2022-01-11 00:00:00'),(3796,'2022-06-14 00:00:00','2022-06-21 00:00:00','2022-06-22 00:00:00'),(3799,'2022-05-10 00:00:00','2022-05-17 00:00:00','2022-05-18 00:00:00'),(3802,'2022-09-10 00:00:00','2022-09-17 00:00:00','2022-09-16 00:00:00'),(3805,'2022-04-14 00:00:00','2022-04-21 00:00:00','2022-04-17 00:00:00'),(3808,'2022-11-18 00:00:00','2022-11-25 00:00:00','2022-11-26 00:00:00'),(3811,'2022-04-02 00:00:00','2022-04-09 00:00:00','2022-04-07 00:00:00'),(3814,'2022-09-18 00:00:00','2022-09-25 00:00:00','2022-09-23 00:00:00'),(3817,'2022-04-10 00:00:00','2022-04-17 00:00:00','2022-04-18 00:00:00'),(3820,'2022-09-02 00:00:00','2022-09-09 00:00:00','2022-09-07 00:00:00'),(3823,'2022-01-08 00:00:00','2022-01-15 00:00:00','2022-01-18 00:00:00'),(3826,'2022-02-16 00:00:00','2022-02-23 00:00:00','2022-02-20 00:00:00'),(3829,'2022-09-17 00:00:00','2022-09-24 00:00:00','2022-09-23 00:00:00'),(3832,'2022-09-06 00:00:00','2022-09-13 00:00:00','2022-09-11 00:00:00'),(3835,'2022-03-10 00:00:00','2022-03-17 00:00:00','2022-03-20 00:00:00'),(3838,'2022-03-11 00:00:00','2022-03-18 00:00:00','2022-03-21 00:00:00'),(3841,'2022-07-13 00:00:00','2022-07-20 00:00:00','2022-07-16 00:00:00'),(3844,'2022-10-16 00:00:00','2022-10-23 00:00:00','2022-10-21 00:00:00'),(3847,'2022-03-06 00:00:00','2022-03-13 00:00:00','2022-03-08 00:00:00'),(3850,'2022-11-08 00:00:00','2022-11-15 00:00:00','2022-11-15 00:00:00'),(3853,'2022-10-11 00:00:00','2022-10-18 00:00:00','2022-10-21 00:00:00'),(3856,'2022-06-18 00:00:00','2022-06-25 00:00:00','2022-06-28 00:00:00'),(3859,'2022-04-09 00:00:00','2022-04-16 00:00:00','2022-04-13 00:00:00'),(3862,'2022-06-01 00:00:00','2022-06-08 00:00:00','2022-06-10 00:00:00'),(3865,'2022-05-15 00:00:00','2022-05-22 00:00:00','2022-05-23 00:00:00'),(3868,'2022-04-13 00:00:00','2022-04-20 00:00:00','2022-04-21 00:00:00'),(3871,'2022-06-14 00:00:00','2022-06-21 00:00:00','2022-06-21 00:00:00'),(3874,'2022-04-10 00:00:00','2022-04-17 00:00:00','2022-04-14 00:00:00'),(3877,'2022-11-10 00:00:00','2022-11-17 00:00:00','2022-11-18 00:00:00'),(3880,'2022-10-18 00:00:00','2022-10-25 00:00:00','2022-10-24 00:00:00'),(3883,'2022-11-10 00:00:00','2022-11-17 00:00:00','2022-11-15 00:00:00'),(3886,'2022-09-10 00:00:00','2022-09-17 00:00:00','2022-09-20 00:00:00'),(3889,'2022-06-15 00:00:00','2022-06-22 00:00:00','2022-06-22 00:00:00'),(3892,'2022-07-04 00:00:00','2022-07-11 00:00:00','2022-07-12 00:00:00'),(3895,'2022-07-16 00:00:00','2022-07-23 00:00:00','2022-07-24 00:00:00'),(3898,'2022-07-05 00:00:00','2022-07-12 00:00:00','2022-07-12 00:00:00'),(3901,'2022-06-02 00:00:00','2022-06-09 00:00:00','2022-06-11 00:00:00'),(3904,'2022-04-03 00:00:00','2022-04-10 00:00:00','2022-04-11 00:00:00'),(3907,'2022-07-13 00:00:00','2022-07-20 00:00:00','2022-07-16 00:00:00'),(3910,'2022-04-06 00:00:00','2022-04-13 00:00:00','2022-04-13 00:00:00'),(3913,'2022-07-10 00:00:00','2022-07-17 00:00:00','2022-07-12 00:00:00'),(3916,'2022-09-07 00:00:00','2022-09-14 00:00:00','2022-09-17 00:00:00'),(3919,'2022-08-14 00:00:00','2022-08-21 00:00:00','2022-08-24 00:00:00'),(3922,'2022-04-08 00:00:00','2022-04-15 00:00:00','2022-04-12 00:00:00'),(3925,'2022-05-10 00:00:00','2022-05-17 00:00:00','2022-05-19 00:00:00'),(3928,'2022-06-06 00:00:00','2022-06-13 00:00:00','2022-06-12 00:00:00'),(3931,'2022-07-12 00:00:00','2022-07-19 00:00:00','2022-07-20 00:00:00'),(3934,'2022-11-12 00:00:00','2022-11-19 00:00:00','2022-11-18 00:00:00'),(3937,'2022-02-05 00:00:00','2022-02-12 00:00:00','2022-02-08 00:00:00'),(3940,'2022-11-13 00:00:00','2022-11-20 00:00:00','2022-11-23 00:00:00'),(3943,'2022-03-08 00:00:00','2022-03-15 00:00:00','2022-03-11 00:00:00'),(3946,'2022-05-14 00:00:00','2022-05-21 00:00:00','2022-05-24 00:00:00'),(3949,'2022-08-11 00:00:00','2022-08-18 00:00:00','2022-08-20 00:00:00'),(3952,'2022-03-09 00:00:00','2022-03-16 00:00:00','2022-03-16 00:00:00'),(3955,'2022-03-16 00:00:00','2022-03-23 00:00:00','2022-03-23 00:00:00'),(3958,'2022-01-16 00:00:00','2022-01-23 00:00:00','2022-01-21 00:00:00'),(3961,'2022-02-02 00:00:00','2022-02-09 00:00:00','2022-02-04 00:00:00'),(3964,'2022-10-17 00:00:00','2022-10-24 00:00:00','2022-10-21 00:00:00'),(3967,'2022-04-18 00:00:00','2022-04-25 00:00:00','2022-04-22 00:00:00'),(3970,'2022-01-01 00:00:00','2022-01-08 00:00:00','2022-01-03 00:00:00'),(3973,'2022-03-06 00:00:00','2022-03-13 00:00:00','2022-03-12 00:00:00'),(3976,'2022-07-07 00:00:00','2022-07-14 00:00:00','2022-07-09 00:00:00'),(3979,'2022-02-14 00:00:00','2022-02-21 00:00:00','2022-02-20 00:00:00'),(3982,'2022-06-17 00:00:00','2022-06-24 00:00:00','2022-06-21 00:00:00'),(3985,'2022-08-15 00:00:00','2022-08-22 00:00:00','2022-08-23 00:00:00'),(3988,'2022-02-03 00:00:00','2022-02-10 00:00:00','2022-02-07 00:00:00'),(3991,'2022-10-05 00:00:00','2022-10-12 00:00:00','2022-10-14 00:00:00'),(3994,'2022-02-13 00:00:00','2022-02-20 00:00:00','2022-02-20 00:00:00'),(3997,'2022-06-01 00:00:00','2022-06-08 00:00:00','2022-06-11 00:00:00'),(4000,'2022-03-17 00:00:00','2022-03-24 00:00:00','2022-03-26 00:00:00'),(4003,'2022-09-12 00:00:00','2022-09-19 00:00:00','2022-09-14 00:00:00'),(4006,'2022-02-17 00:00:00','2022-02-24 00:00:00','2022-02-20 00:00:00'),(4009,'2022-11-08 00:00:00','2022-11-15 00:00:00','2022-11-13 00:00:00'),(4012,'2022-04-16 00:00:00','2022-04-23 00:00:00','2022-04-26 00:00:00'),(4015,'2022-06-01 00:00:00','2022-06-08 00:00:00','2022-06-03 00:00:00');
/*!40000 ALTER TABLE `transaction` ENABLE KEYS */;
UNLOCK TABLES;

--
-- Table structure for table `user_issue`
--

DROP TABLE IF EXISTS `user_issue`;
/*!40101 SET @saved_cs_client     = @@character_set_client */;
/*!50503 SET character_set_client = utf8mb4 */;
CREATE TABLE `user_issue` (
  `transaction_ID` int NOT NULL,
  `user_ID` int NOT NULL,
  PRIMARY KEY (`transaction_ID`),
  KEY `user_ID_user_idx` (`user_ID`),
  CONSTRAINT `user_ID_trans` FOREIGN KEY (`transaction_ID`) REFERENCES `transaction` (`transaction_ID`),
  CONSTRAINT `user_ID_user` FOREIGN KEY (`user_ID`) REFERENCES `users` (`user_ID`)
) ENGINE=InnoDB DEFAULT CHARSET=utf8mb4 COLLATE=utf8mb4_0900_ai_ci;
/*!40101 SET character_set_client = @saved_cs_client */;

--
-- Dumping data for table `user_issue`
--

LOCK TABLES `user_issue` WRITE;
/*!40000 ALTER TABLE `user_issue` DISABLE KEYS */;
INSERT INTO `user_issue` VALUES (2296,1005),(2650,1021),(3994,1021),(2698,1071),(1912,1076),(1735,1083),(3736,1102),(2722,1116),(2422,1118),(3445,1118),(2467,1134),(1057,1139),(3325,1153),(3280,1155),(3511,1155),(2713,1157),(3697,1175),(2824,1195),(1438,1208),(2314,1214),(3718,1231),(2026,1234),(1219,1254),(1594,1280),(1285,1300),(1567,1300),(3169,1300),(3538,1300),(1351,1312),(3820,1312),(3907,1312),(1132,1325),(2881,1328),(1099,1363),(3610,1417),(2257,1429),(3400,1429),(1240,1434),(3724,1467),(2269,1470),(3577,1489),(1975,1490),(3484,1509),(3883,1574),(3616,1584),(3388,1586),(3802,1597),(3334,1646),(2047,1669),(2818,1744),(3823,1744),(2170,1746),(3685,1765),(2485,1769),(1180,1783),(1423,1789),(2230,1789),(1711,1806),(2677,1811),(3145,1818),(3709,1841),(2848,1867),(2740,1875),(1894,1886),(2371,1907),(1213,1922),(2416,1937),(2806,1950),(1981,1953),(1051,1972),(2206,1998),(3370,1998),(1411,2013),(1909,2026),(3805,2039),(1678,2051),(3808,2055),(2566,2056),(1312,2075),(1663,2081),(1123,2092),(1771,2097),(3472,2105),(3790,2105),(3607,2168),(1747,2186),(3688,2220),(1948,2224),(3973,2245),(2980,2252),(1954,2279),(3040,2286),(1903,2290),(2188,2306),(1774,2309),(3673,2322),(3961,2323),(3064,2335),(2119,2365),(1288,2370),(3082,2387),(2983,2392),(2986,2392),(2977,2425),(1339,2440),(2236,2462),(3133,2485),(3691,2491),(3337,2499),(1654,2504),(3034,2504),(3187,2541),(1834,2587),(2116,2587),(3631,2587),(1939,2646),(1741,2647),(2362,2649),(2791,2655),(3889,2662),(2392,2676),(1879,2690),(1699,2696),(1930,2705),(1150,2706),(2164,2717),(2851,2722),(1603,2742),(3463,2742),(1195,2791),(1576,2807),(2530,2832),(3118,2834),(2953,2842),(3190,2844),(3106,2891),(2368,2896),(3460,2902),(1963,2912),(1162,2947),(2233,2949),(1246,2955),(2548,2962),(2557,2994),(2095,3000),(1726,3008),(1864,3008),(2788,3030),(3895,3047),(2587,3062),(1945,3094),(2074,3094),(2218,3162),(2149,3206),(3925,3209),(3967,3232),(1969,3243),(1720,3245),(2737,3246),(2383,3251),(3415,3265),(1366,3277),(1765,3277),(1972,3290),(3043,3298),(3277,3307),(1927,3309),(1636,3314),(1861,3330),(2437,3358),(3067,3364),(1999,3368),(3868,3368),(3508,3402),(3640,3455),(3847,3455),(2476,3476),(3259,3476),(2656,3481),(2581,3500),(1591,3501),(2242,3509),(2935,3520),(1516,3527),(1849,3543),(2065,3558),(3829,3558),(3151,3571),(1261,3601),(1138,3614),(1564,3614),(3358,3636),(1372,3638),(3007,3651),(2251,3652),(1450,3680),(3604,3682),(1186,3727),(2968,3764),(2158,3778),(2200,3792),(2389,3794),(3079,3795),(1060,3844),(1855,3852),(2995,3853),(3403,3865),(1222,3912),(3940,3937),(2227,3943),(2893,3964),(3535,3970),(1759,3982),(2500,4000),(2419,4042),(2965,4043),(2128,4073),(2602,4073),(1558,4091),(3853,4129),(3946,4129),(3232,4170),(3682,4198),(1924,4200),(3331,4209),(1633,4236),(2497,4236),(2704,4260),(3865,4260),(3028,4266),(2644,4273),(2782,4276),(2410,4301),(2470,4303),(3457,4303),(1768,4343),(2872,4345),(2998,4382),(3928,4437),(1282,4459),(3817,4469),(2611,4490),(2293,4497),(2533,4508),(2323,4517),(1900,4540),(4003,4548),(3076,4552),(3085,4561),(1987,4566),(3547,4566),(1069,4572),(3100,4590),(3004,4597),(1096,4623),(2167,4628),(2017,4657),(1717,4671),(1432,4686),(3037,4704),(3406,4704),(2203,4707),(1807,4710),(3385,4717),(1660,4727),(2716,4735),(3913,4737),(1291,4738),(2284,4743),(1135,4771),(1786,4771),(3355,4776),(2320,4793),(1126,4803),(1243,4805),(2089,4805),(2080,4827),(1066,4842),(2887,4858),(3622,4859),(2134,4860),(3478,4860),(2008,4866),(1021,4907),(3382,4994),(1708,5021),(4015,5021),(1600,5043),(1474,5046),(2890,5063),(3520,5063),(1453,5090),(2911,5090),(1174,5110),(3475,5113),(2971,5126),(1525,5147),(2590,5150),(3112,5155),(3766,5155),(1597,5162),(2425,5171),(3505,5212),(4006,5212),(3844,5220),(2335,5246),(2098,5248),(1024,5316),(2902,5316),(1996,5351),(3730,5355),(2746,5357),(3025,5357),(3628,5358),(3763,5372),(2182,5390),(2932,5395),(3253,5395),(2278,5407),(3364,5422),(1192,5424),(2917,5453),(1624,5476),(1390,5486),(3283,5487),(2647,5489),(3814,5543),(3070,5583),(2341,5589),(3211,5618),(1384,5626),(2461,5650),(2122,5654),(1801,5655),(2146,5655),(1039,5659),(2299,5674),(2860,5674),(2212,5677),(3772,5677),(1357,5698),(2794,5718),(3199,5718),(1354,5797),(1345,5808),(1447,5821),(2176,5822),(2155,5823),(1615,5827),(2239,5860),(3526,5869),(2875,5872),(1333,5894),(2842,5896),(3964,5897),(2659,5930),(2680,5960),(2329,5973),(1168,6011),(2692,6011),(1156,6016),(2263,6020),(1756,6024),(2152,6024),(1630,6043),(1081,6048),(1270,6075),(3274,6083),(1087,6092),(2833,6095),(1465,6099),(2641,6099),(1816,6134),(3571,6134),(3523,6152),(4000,6152),(2245,6159),(2428,6198),(2689,6206),(3436,6253),(1330,6257),(1279,6267),(1204,6277),(3061,6280),(3172,6280),(1444,6292),(3214,6395),(2032,6396),(2398,6402),(2776,6411),(1795,6428),(2224,6461),(1042,6471),(2614,6471),(3316,6473),(1273,6479),(2365,6493),(1165,6501),(1141,6503),(3412,6529),(3787,6540),(1687,6560),(3469,6571),(1381,6589),(2857,6599),(1468,6600),(3700,6608),(2254,6612),(3244,6622),(2920,6644),(1729,6660),(3955,6664),(1231,6674),(1918,6685),(3019,6709),(3295,6726),(2071,6731),(1621,6735),(1585,6739),(1075,6743),(1363,6743),(3553,6746),(1117,6796),(1543,6796),(3556,6796),(1744,6828),(3340,6869),(3880,6871),(1582,6874),(2404,6874),(3421,6874),(2620,6895),(3349,6911),(3919,6961),(2332,6973),(3781,6974),(3427,6984),(3490,6984),(3130,6992),(3949,7019),(3613,7075),(2113,7078),(2617,7080),(3952,7080),(1396,7089),(2710,7142),(3139,7190),(3247,7194),(2926,7197),(3202,7202),(2449,7205),(2431,7211),(1618,7223),(1798,7256),(2941,7256),(2527,7325),(1303,7345),(1399,7345),(2863,7345),(2260,7401),(1210,7421),(3418,7425),(3574,7449),(2194,7483),(3367,7510),(1612,7528),(3205,7540),(1570,7548),(4009,7567),(2185,7570),(3739,7583),(2770,7585),(3223,7597),(3154,7622),(1813,7634),(2407,7635),(3706,7636),(2452,7643),(2464,7643),(3088,7643),(2125,7650),(2521,7651),(1234,7684),(2044,7685),(3799,7688),(2779,7701),(1483,7702),(2101,7703),(3493,7714),(2443,7715),(3184,7715),(1870,7753),(3124,7768),(1828,7788),(1417,7802),(3778,7802),(3271,7826),(3832,7826),(1324,7835),(3091,7835),(3751,7849),(2626,7859),(3976,7932),(2086,7955),(2797,7982),(3652,8004),(1537,8012),(3934,8016),(1264,8046),(2440,8069),(3694,8083),(3328,8088),(2038,8117),(1714,8118),(1843,8140),(1258,8163),(2179,8163),(3256,8163),(1960,8184),(2395,8201),(1696,8202),(3715,8207),(2068,8210),(1177,8215),(2326,8233),(1360,8235),(3430,8235),(3391,8274),(1477,8275),(1510,8287),(1048,8303),(2356,8303),(3595,8312),(3649,8312),(2899,8342),(1507,8344),(2191,8344),(3757,8344),(2275,8355),(3238,8355),(2632,8362),(1198,8416),(1993,8419),(2215,8419),(1147,8448),(1876,8479),(1846,8500),(3049,8501),(3565,8529),(2491,8560),(1495,8562),(3235,8574),(3529,8588),(1546,8598),(2077,8600),(1651,8603),(2377,8614),(3898,8622),(3409,8677),(2524,8686),(3178,8687),(1750,8704),(2572,8704),(3769,8704),(2002,8708),(3937,8717),(1549,8728),(1306,8733),(2104,8746),(2962,8746),(1723,8776),(3376,8779),(2674,8808),(3958,8827),(3103,8862),(1648,8864),(1480,8865),(3157,8865),(1753,8868),(3775,8910),(1891,8978),(3601,8978),(2209,9004),(3619,9004),(1792,9017),(1555,9032),(3010,9036),(2761,9048),(3517,9069),(3754,9069),(2749,9090),(1921,9130),(3784,9130),(3676,9155),(2173,9159),(2248,9174),(3985,9174),(3634,9192),(2665,9208),(2869,9208),(1294,9212),(1183,9218),(3487,9218),(3073,9219),(3643,9254),(2974,9259),(3733,9313),(3208,9316),(1114,9323),(1639,9323),(2266,9325),(1942,9334),(1978,9340),(3670,9340),(2809,9351),(2584,9368),(2938,9407),(3193,9407),(3562,9413),(1090,9422),(2734,9428),(1321,9444),(2905,9489),(2569,9495),(3361,9512),(3793,9512),(3181,9517),(1369,9524),(1462,9525),(1171,9530),(3979,9575),(1642,9580),(1858,9596),(3013,9598),(3298,9608),(2053,9627),(2380,9631),(2578,9647),(1375,9659),(1804,9659),(2545,9659),(2350,9662),(1297,9679),(1309,9685),(2767,9685),(2812,9694),(1054,9724),(3667,9728),(2815,9733),(2083,9735),(1237,9748),(3877,9749),(2386,9795),(1504,9861),(1693,9862),(1819,9862),(1030,9879),(3532,9888),(3148,9898),(3970,9905),(3637,9944),(1780,9947),(1108,9961),(1732,9969),(2374,10007),(3352,10137),(2554,10192),(3454,10848),(2638,10906),(3589,11467),(1825,11528),(1201,11695),(2287,12055),(1018,12067),(1822,12125),(2413,12572),(3850,12599),(1957,14083),(2446,14096),(1120,14319),(3142,14493),(3451,14865),(1063,15406),(2458,15406),(4012,15509),(1528,15709),(2725,15937),(2695,16178),(3859,16298),(1951,16425),(3703,16565),(3625,16635),(2455,16680),(1606,16784),(3094,16784),(2110,16789),(2599,17112),(2143,17278),(2020,17383),(3481,17383),(1105,18202),(1459,18222),(2272,18332),(2308,18341),(3514,18938),(2107,19199),(2845,19941),(2764,20743),(1420,20847),(1405,21218),(1531,21218),(3379,21465),(2731,21531),(1072,22186),(3301,22186),(1552,22283),(2755,22454),(2884,23044),(3982,23224),(2653,23432),(3931,23461),(2758,23916),(1588,24191),(1882,24341),(2290,24341),(3226,24541),(1777,24742),(1990,24824),(2563,24824),(3583,25264),(3313,25560),(3439,25560),(3175,26074),(3679,26291),(1498,26353),(2908,27209),(3838,27435),(1393,27505),(2035,27751),(3544,28854),(2062,28961),(2593,28961),(3760,28961),(3163,29547),(1435,29623),(3373,29755),(1084,30630),(3496,31016),(1984,32080),(1666,32335),(1225,32642),(1315,32642),(3433,32996),(2347,33040),(3424,33040),(3871,33062),(2944,33441),(2494,33478),(1915,33548),(3448,33901),(2197,33905),(3655,34100),(1627,34125),(2518,34125),(1327,34826),(2596,34980),(2317,35545),(1933,35681),(3241,36568),(2005,37944),(2488,38292),(3991,38839),(2011,39355),(1519,40345),(3586,40742),(2752,40907),(3001,41067),(1645,41082),(3136,41742),(2023,41786),(3748,41836),(3265,42387),(1378,42417),(3886,42417),(1036,42914),(2821,42946),(1783,43125),(3394,43437),(3442,43446),(2137,43662),(3559,43696),(2728,43698),(2623,44106),(2506,44614),(2014,44631),(3292,44631),(2221,44828),(3058,44828),(2854,44889),(1669,44890),(3592,45161),(3856,45654),(2311,45970),(2353,45970),(1414,46005),(1675,46668),(3217,46796),(3055,46951),(1456,47028),(3319,47227),(3874,47227),(2635,47358),(1489,47810),(3229,48342),(1966,49021),(3841,49167),(2041,49246),(3121,49300),(1471,49381),(2803,49743),(3343,49834),(1207,50415),(3304,50596),(3502,50596),(3580,52189),(2515,52983),(2131,53290),(1129,53325),(1033,53361),(3346,53361),(2338,53738),(1045,53809),(1429,54326),(2092,54533),(1336,54928),(3286,54928),(2542,55181),(3745,55433),(1078,55679),(2785,56273),(3046,56378),(2956,56531),(2050,56782),(1348,58469),(2344,59520),(2536,59813),(1408,59964),(1867,59993),(1888,59993),(3835,59993),(1255,60596),(3658,61195),(3892,61808),(3322,63217),(2479,63780),(3307,63869),(1492,64154),(1681,64290),(1540,64966),(2701,64966),(3796,65168),(3862,65577),(2950,66217),(2560,66233),(2686,66724),(2929,67461),(2947,67871),(1402,67992),(1513,67992),(1111,68152),(2140,68548),(1189,68645),(2509,68697),(3664,69046),(1027,69439),(3721,69439),(1153,70388),(2923,70513),(2827,71448),(3916,71631),(2605,71722),(3568,71919),(1609,71996),(1705,72531),(1252,72819),(2836,72990),(3811,73002),(1102,73128),(3997,74070),(1762,74092),(1657,74100),(3160,74318),(2800,74327),(1441,74335),(3397,74764),(2830,74789),(2914,74789),(1318,74864),(2512,74864),(2671,74864),(2989,74956),(3901,74956),(2302,75300),(2281,75411),(1789,75504),(2719,75546),(1936,76188),(2743,76235),(2059,76280),(3910,76487),(1852,76648),(2773,77019),(3289,77053),(3166,77175),(3550,77175),(1690,77305),(1300,77384),(3196,77384),(3943,77414),(1738,77563),(2551,77640),(3022,77852),(1267,77942),(1906,77942),(1387,77984),(1810,78786),(2473,80184),(2668,80311),(2866,80856),(1486,80867),(2482,81273),(1873,81492),(3115,82084),(2839,82869),(1093,83385),(3922,83538),(2608,83752),(2959,84214),(2707,84222),(1522,84495),(2539,84495),(2683,84503),(3727,84517),(3031,84567),(1249,85430),(3127,85528),(1684,85913),(2629,86053),(3499,86289),(3268,86630),(2305,86678),(3646,87072),(3742,87360),(2401,87405),(3109,87405),(3826,87405),(3262,87683),(2161,87871),(3466,87969),(1144,88492),(1672,88511),(3541,88888),(2896,88972),(1579,88991),(2434,89451),(1837,89951),(3598,90138),(1426,90165),(2878,90206),(3220,90230),(3052,90895),(1534,90949),(2992,90950),(2029,91971),(3097,92528),(1885,92591),(2503,92646),(1897,92686),(3988,92925),(1561,92984),(1573,93486),(2575,93486),(3712,93780),(2662,94032),(1159,94275),(3310,94338),(1831,94826),(2359,94968),(3904,94976),(1840,95094),(1276,95153),(1342,95346),(1501,95346),(2056,95346),(3661,95778),(1228,95952),(3250,95952),(3016,96078),(1216,99813),(1702,99994);
/*!40000 ALTER TABLE `user_issue` ENABLE KEYS */;
UNLOCK TABLES;

--
-- Table structure for table `users`
--

DROP TABLE IF EXISTS `users`;
/*!40101 SET @saved_cs_client     = @@character_set_client */;
/*!50503 SET character_set_client = utf8mb4 */;
CREATE TABLE `users` (
  `user_ID` int NOT NULL,
  `User_name` varchar(45) NOT NULL,
  PRIMARY KEY (`user_ID`),
  KEY `user_name_ind` (`User_name`(1))
) ENGINE=InnoDB DEFAULT CHARSET=utf8mb4 COLLATE=utf8mb4_0900_ai_ci;
/*!40101 SET character_set_client = @saved_cs_client */;

--
-- Dumping data for table `users`
--

LOCK TABLES `users` WRITE;
/*!40000 ALTER TABLE `users` DISABLE KEYS */;
INSERT INTO `users` VALUES (1002,'James Cintron'),(1004,'Sterling Wilson'),(1005,'Dorothy Howell'),(1011,'Kenneth Zuckerman'),(1020,'Alan Taylor'),(1021,'Florence Cain'),(1024,'Mark Wilkinson'),(1035,'Rebecca Hemenway'),(1041,'Dave Doherty'),(1044,'Elnora Johnson'),(1058,'Maria Otto'),(1071,'Stan Mclean'),(1076,'Michael Needels'),(1078,'Delores Spivey'),(1083,'James Dougherty'),(1088,'Barbara Mckinnon'),(1101,'Julie Adams'),(1102,'Catalina Washington'),(1112,'William Jeffords'),(1116,'Robert Neller'),(1118,'Christine Murphy'),(1123,'Lori Smith'),(1130,'Jose Villanueva'),(1134,'Roy Monaco'),(1139,'Matthew Olsen'),(1147,'Diane Askins'),(1153,'Edward Deal'),(1155,'Bernice Lankford'),(1156,'Jared Castle'),(1157,'Jeffery Lee'),(1161,'Richard Temple'),(1162,'Roy Lambert'),(1167,'Philip Hicks'),(1170,'Clarence Jolly'),(1171,'Julia Ramos'),(1175,'Shirley Quackenbush'),(1183,'Jimmie Hwang'),(1190,'Lewis Rutherford'),(1195,'Tad Polland'),(1201,'Keith Battista'),(1203,'Ruth Pinson'),(1208,'Robert Lyles'),(1211,'Dulce Lyle'),(1214,'Dennis Moshier'),(1217,'Rose Campbell'),(1221,'Duane Levin'),(1226,'Jerrie Nkomo'),(1231,'Christie Richardson'),(1234,'Patrick Kennedy'),(1239,'Carmen Campbell'),(1241,'Stacy Baker'),(1242,'Edward Williams'),(1245,'Carol Lacey'),(1254,'Alfred Farmer'),(1258,'Andrew Finley'),(1259,'William Zappulla'),(1266,'George Tantillo'),(1269,'Ray Stanbaugh'),(1276,'Sally Curry'),(1280,'Kim Mara'),(1283,'Leonor Charland'),(1287,'James Simmons'),(1293,'Gail Lynch'),(1295,'Odell Marino'),(1299,'Shannon Bailey'),(1300,'Richard Kellam'),(1302,'Elizabeth Jackson'),(1312,'Evelyn Askew'),(1325,'Athena Rudd'),(1328,'Jason Thompson'),(1340,'Linda Gilliam'),(1349,'Barbara Coston'),(1356,'Charles Phillips'),(1358,'Richard Connors'),(1363,'Tonya Mavai'),(1366,'Patricia Montanez'),(1377,'Roy Chabot'),(1382,'Gregory Malone'),(1384,'Valeria Jolin'),(1390,'Jodi Davis'),(1393,'Sabrina Delarosa'),(1399,'June Anderson'),(1405,'David Hernandez'),(1410,'Marcel Beck'),(1417,'Stacia Weatherford'),(1425,'Theresa Watson'),(1428,'George Martin'),(1429,'Grace Rowley'),(1434,'Harvey Lee'),(1436,'Gabriela Kahler'),(1438,'James Ledbetter'),(1442,'Lisa Ahmed'),(1445,'Danny Jebb'),(1461,'Angelica Ohara'),(1464,'Jacqueline Paige'),(1467,'Ruth Lightfoot'),(1470,'Maria Wilkins'),(1473,'Samuel Beacham'),(1475,'James Ashcraft'),(1477,'Randall Whisby'),(1481,'Christopher Dias'),(1489,'Angela Seery'),(1490,'Lettie Good'),(1495,'Ryan Marciniak'),(1497,'Sylvester Matava'),(1503,'Robert Tyler'),(1509,'Jodie Noon'),(1523,'Tina Jones'),(1524,'Brain Haigh'),(1525,'Holly Jean'),(1526,'Rachel Washington'),(1533,'Dino Adams'),(1540,'Violeta Hubbard'),(1543,'Edith Wells'),(1550,'Estella Richardson'),(1551,'Patrick Price'),(1566,'Melanie Terry'),(1572,'Carlton Wilkey'),(1573,'William Hatcher'),(1574,'Kimberly Conaughty'),(1575,'Herschel Humble'),(1576,'Antonio Jordon'),(1584,'Jane Hinish'),(1586,'Erin Champagne'),(1595,'James Gordon'),(1597,'Leo Sacchetti'),(1598,'Earl Law'),(1600,'Phillip Hatton'),(1602,'Sandra Buck'),(1608,'Greg Wright'),(1612,'Clara Balderas'),(1614,'Paul Sieberg'),(1616,'Lawrence Turner'),(1627,'Barbara Santos'),(1632,'Angelica Hofer'),(1633,'Noemi Boudreaux'),(1634,'Charlotte Scott'),(1646,'Jared Nolie'),(1647,'Richard Jepson'),(1655,'Melvin Roosa'),(1656,'Suzanne Barnett'),(1666,'Jonathan Delong'),(1669,'Martin Hargraves'),(1670,'Daryl Berg'),(1671,'Lee Thompson'),(1675,'Rita Barton'),(1678,'Betty Teklu'),(1684,'Carla Chapin'),(1686,'Shawna Guerrero'),(1688,'Susan Simmons'),(1695,'Morgan Dotson'),(1700,'Jane Lasher'),(1709,'Emily Cole'),(1715,'David Burr'),(1716,'Kenneth Serbus'),(1717,'Ronald Felts'),(1718,'Jeffery Combs'),(1723,'Laurence Putman'),(1733,'Rodney Walsh'),(1744,'Robert Chafin'),(1746,'Terrence Absher'),(1751,'Harry Trotter'),(1759,'Mary Vincent'),(1761,'Steven Birge'),(1765,'Julio Erhart'),(1767,'Wilma Tijerina'),(1769,'Linda Race'),(1772,'Brandy Anthony'),(1773,'Betty Stroik'),(1778,'Duane Slape'),(1782,'Marlene Newman'),(1783,'Marlon Walton'),(1787,'Steve Pierce'),(1789,'Erika Gomez'),(1798,'Penny Hsiao'),(1802,'Stevie Braswell'),(1804,'Betty Calloway'),(1806,'Justin Huber'),(1811,'Hazel Huffman'),(1814,'George Haskins'),(1818,'Lindsey Shipp'),(1829,'Victor Phillips'),(1841,'Linda Hines'),(1847,'David Zoutte'),(1849,'Jose Batchelder'),(1854,'Elizabeth Jensen'),(1858,'William Radtke'),(1863,'Thomas Washburn'),(1866,'Muoi Taylor'),(1867,'Betty Herrera'),(1875,'Paul Kertzman'),(1883,'Jacqueline Loynes'),(1884,'Donald Rodriguez'),(1885,'Haydee Sharp'),(1886,'Rhonda Martinez'),(1891,'Wilma Athey'),(1896,'Horace Sandate'),(1897,'Ferdinand Hardison'),(1907,'Margaret Lewis'),(1908,'Walter Rinaldi'),(1913,'Alan Jamison'),(1916,'Mary Smith'),(1919,'Greg Saleado'),(1922,'Joy Matos'),(1929,'Linda Felton'),(1933,'Raymond Ferguson'),(1937,'Kimberly Smith'),(1943,'Kristle Martinez'),(1944,'Jacqueline Fisher'),(1947,'Helen Cassella'),(1948,'Jesse Whitford'),(1950,'Patricia Edwards'),(1953,'Jeremy Davis'),(1960,'Charles Elias'),(1963,'Joe Burnette'),(1964,'Brian Cropley'),(1965,'Jack Young'),(1971,'Isabel Hill'),(1972,'Wendy Holt'),(1982,'Daniel Johns'),(1985,'Sharon Bormuth'),(1987,'Paul Levinson'),(1991,'Fay Dabbs'),(1992,'Stephen Deloney'),(1998,'Warren Flores'),(2000,'Evelia Rudd'),(2005,'John Galvez'),(2009,'Celina Fillers'),(2010,'Patricia Rodriguez'),(2013,'Xavier Southerland'),(2016,'Rudolf Ferranti'),(2026,'David Huffman'),(2039,'Scott Stout'),(2041,'Charlotte Everett'),(2046,'Annie Miller'),(2051,'Ellen Russell'),(2052,'Troy Trojillo'),(2055,'Amy Scaffidi'),(2056,'Lester Smith'),(2059,'Tammy Moss'),(2071,'Clayton Meadors'),(2074,'Eric Gooden'),(2075,'Kenneth Russo'),(2081,'Christine Barker'),(2082,'Brian Miller'),(2088,'Marlene Anderson'),(2090,'Kelly Heidinger'),(2092,'Michael Na'),(2097,'Andrea Lowell'),(2098,'Armida Beck'),(2105,'James Saul'),(2111,'Karin Bailey'),(2122,'Susan Roberts'),(2126,'Patrick Grajeda'),(2139,'Nancy Reynolds'),(2147,'Adam Richardson'),(2151,'Rachel Kelley'),(2168,'Paul Zepeda'),(2177,'Brandy Hoskins'),(2179,'Manuela Nalley'),(2186,'Dennis Davis'),(2188,'Valerie Stgermain'),(2195,'Librada Owens'),(2201,'James Pollock'),(2203,'Cory Munsey'),(2213,'Louis Jenkins'),(2220,'Summer Hester'),(2224,'Miles Gonzales'),(2231,'Dana Cross'),(2234,'Stanley Morgan'),(2237,'Margaret Prince'),(2239,'Wendy Burchard'),(2240,'Jeremy Kezar'),(2245,'Linda Locke'),(2252,'Julio Hall'),(2258,'Dennis Vance'),(2279,'Michael Hopf'),(2282,'Elizabeth Watkins'),(2286,'Christopher Martin'),(2290,'Annette Vega'),(2296,'Billie Johnson'),(2299,'Markita Conners'),(2300,'Michael Rau'),(2306,'Maynard Oconnell'),(2309,'Walter Snow'),(2310,'Mary Giorgi'),(2313,'Vicky Strebe'),(2317,'Michelle Schwarz'),(2320,'Stephanie Castillo'),(2321,'Carlo Gonzalez'),(2322,'Joseph Coleman'),(2323,'Linda Curran'),(2329,'Michael Chaidez'),(2331,'Florence Sissel'),(2333,'Shani Obrien'),(2335,'Mary Martin'),(2340,'Evelyn Molina'),(2345,'James Katz'),(2353,'Thomas Flanders'),(2356,'Nathan Hughes'),(2357,'Paula Rivera'),(2365,'Kirby Hassard'),(2369,'Richard Massey'),(2370,'Mary Cunningham'),(2384,'Lori Hatchett'),(2386,'Carol Baggett'),(2387,'Christopher Lopez'),(2390,'Kevin Carn'),(2392,'Loretta Mulligan'),(2394,'Jose Terrell'),(2396,'Linda Jones'),(2404,'Angela Valdes'),(2407,'Cathy Blount'),(2412,'August Willey'),(2423,'Bruce Benson'),(2425,'Alicia Mason'),(2432,'Annie Defelice'),(2434,'Manuel Spivey'),(2436,'Minnie Boettcher'),(2440,'Clarence Howlett'),(2442,'Larry Carter'),(2447,'Clyde Leonard'),(2448,'Robert Barker'),(2449,'June Rouse'),(2450,'Nevada Stammer'),(2453,'Josh Meier'),(2460,'Josephine Deshields'),(2462,'Robert Gonzalez'),(2465,'Jennie Kolesnik'),(2466,'Theodora Boehme'),(2468,'James Thomas'),(2485,'Michael Bower'),(2491,'Kay Myers'),(2496,'Aaron Tinker'),(2499,'Kathleen Barton'),(2500,'Bradley Torres'),(2501,'Lillian Vanaman'),(2504,'Samantha Mickelson'),(2507,'Bruce Maxwell'),(2513,'Orville Farrow'),(2526,'Calvin Smith'),(2541,'James Herring'),(2542,'Myra Spears'),(2545,'Maria Williamson'),(2547,'Patricia Hayden'),(2548,'Elaine Neil'),(2549,'Bernice Gamble'),(2554,'Donald Torrez'),(2556,'William Chan'),(2560,'Catherine Ayers'),(2570,'Juliann Luczak'),(2580,'Daniel Masse'),(2583,'Raphael Palomino'),(2587,'Linda Smith'),(2596,'Faith Herrera'),(2598,'Warner Mclean'),(2601,'Marshall Mcdonald'),(2609,'Bonnie Byington'),(2610,'Kevin Granados'),(2617,'Mildred Reinhardt'),(2622,'Julio Maggio'),(2629,'Lettie Clark'),(2636,'Robert Spillane'),(2638,'Russell Phillips'),(2646,'Janie Hirz'),(2647,'Mallory Andrews'),(2648,'Philip Torres'),(2649,'Simon Mei'),(2653,'Eugene Frost'),(2655,'William Lesh'),(2656,'Deborah Austin'),(2662,'Dianne Jones'),(2664,'Crystal Doane'),(2665,'John Sampson'),(2671,'Antonio Stenberg'),(2676,'Sarah Burkes'),(2680,'Judith Dupre'),(2682,'Christen Coulter'),(2685,'Candida Williams'),(2690,'Kathy Rogers'),(2692,'Martin Reed'),(2695,'Twana Dial'),(2696,'Gail Bonifer'),(2702,'Antwan Butler'),(2703,'Ronald Bertolami'),(2705,'Michelle Jones'),(2706,'Bradley Tucker'),(2707,'Antonio Arciba'),(2711,'William Lennon'),(2713,'Kenneth Sanders'),(2715,'Tabitha Alexander'),(2717,'Martin Drummond'),(2722,'Ralph Hartman'),(2723,'Margaret Shutt'),(2739,'Helen Mitchell'),(2740,'Kenneth Calabrese'),(2742,'Glenn Weems'),(2766,'Peter Lewis'),(2770,'Bobby Rawlins'),(2775,'Orville Yasutake'),(2776,'Donna Mccall'),(2781,'James Saez'),(2783,'Vernon Aguilera'),(2787,'Eva Erb'),(2791,'Roland Lairmore'),(2796,'Dorothy Mccollum'),(2807,'Richard Munroe'),(2811,'Lillian Epps'),(2812,'Peter Gunn'),(2813,'Jo Poche'),(2814,'Lora Waldo'),(2820,'John Blethen'),(2823,'Donald Macdonald'),(2824,'Zulema Rainey'),(2832,'Vickie Mcpherson'),(2834,'Emma Crowson'),(2842,'Shane Chao'),(2844,'Grady Sider'),(2851,'Daniel Beck'),(2852,'Mollie Gomez'),(2859,'Elizabeth Cahill'),(2863,'Gloria Burrell'),(2887,'Alan Lamb'),(2891,'Janice Brown'),(2895,'Stephanie Ligon'),(2896,'Natalie Chan'),(2898,'Marcos Montondo'),(2900,'Karen Bass'),(2901,'Su Goodin'),(2902,'Maurice Henry'),(2906,'Robert Lantz'),(2912,'Abel Gerena'),(2915,'Kristina Gonzalez'),(2925,'Patrick John'),(2928,'Russell Allison'),(2931,'Danita Singleton'),(2940,'Katrina Ballard'),(2942,'Betty Michaelis'),(2946,'Sarah Smallwood'),(2947,'Sherry Holmes'),(2949,'Martha Stetler'),(2955,'Joanne Reeves'),(2962,'Gerald Levenstein'),(2989,'Christopher Bitner'),(2992,'Gary Peard'),(2994,'James Carrick'),(2999,'Beth Jeffrey'),(3000,'Linda Smith'),(3002,'Scott Summers'),(3005,'Gary Schuch'),(3008,'Elizabeth Ziglar'),(3014,'William Brown'),(3022,'Brittney Brookes'),(3025,'Kevin Stevens'),(3030,'Cristina Means'),(3035,'Susana Clyde'),(3040,'Ena Cross'),(3047,'Dennis Baker'),(3048,'Marsha Davis'),(3052,'Hattie Robinson'),(3055,'Robert Gallemore'),(3059,'Julie Walker'),(3062,'Heidi Jackson'),(3064,'Travis Deramus'),(3067,'Arthur Faler'),(3069,'John Erickson'),(3073,'Dennis Burdette'),(3074,'Leo Ellis'),(3075,'Daniel Feith'),(3080,'Manuel Rector'),(3087,'Steven Velez'),(3093,'Janet Abraham'),(3094,'Shirley Goodwin'),(3104,'Desiree Pike'),(3112,'Linda Lusk'),(3117,'Louis Fifer'),(3120,'Rhonda Clark'),(3128,'John Young'),(3131,'Melinda Yundt'),(3136,'Staci Miley'),(3141,'Charles Hetz'),(3154,'Norma Lind'),(3157,'Jennifer Jackson'),(3161,'Patricia Secor'),(3162,'Frank Scruggs'),(3164,'Paul Fox'),(3166,'Rana Yeoman'),(3176,'Donald Mitchell'),(3197,'Martha Cook'),(3200,'Georgina Piper'),(3205,'Roger Blackard'),(3206,'Marilyn Kinley'),(3209,'Brenda Edmondson'),(3210,'Alice Clemons'),(3216,'Alexander Brassard'),(3218,'Irma Martinez'),(3230,'Stephanie Madden'),(3231,'Sandra Turner'),(3232,'William Burks'),(3234,'Nannie Mitchell'),(3239,'Maureen Wade'),(3241,'Jeanette Donaldson'),(3242,'Robert Aiyer'),(3243,'Susan Coughlin'),(3245,'Brittany Hickey'),(3246,'Florence Serrell'),(3251,'Rosie Jones'),(3252,'Rodney Ferrante'),(3255,'Ben Gilroy'),(3259,'John Knox'),(3264,'Jed Williams'),(3265,'Doreen Paker'),(3276,'William Bell'),(3277,'Ruben Morales'),(3286,'Rebecca Busch'),(3290,'Mike Dean'),(3295,'Patrick Dickson'),(3296,'Kenneth Kraus'),(3298,'Shirley Berber'),(3307,'Flora Mcgwin'),(3309,'Gerald Harvey'),(3310,'Vanessa Witherite'),(3314,'Thomas Sims'),(3330,'Shannon Porter'),(3333,'Lena Mundell'),(3338,'Heather Simonson'),(3345,'Mildred Dorsch'),(3358,'Donna Pena'),(3359,'Louis Ogden'),(3364,'Ronald Betts'),(3368,'Norma Plunkett'),(3371,'John Livesay'),(3376,'Alan Seabrooke'),(3377,'Alfred Walker'),(3383,'William Davis'),(3384,'Pat Simmons'),(3386,'Jonell Sweed'),(3390,'David Sheppard'),(3394,'Nathaniel Cavazos'),(3398,'Zachary Massey'),(3401,'Leon Vaughn'),(3402,'Timothy Gross'),(3404,'Larry Culley'),(3410,'Patricia Yetter'),(3420,'Selena Hinkle'),(3426,'Amy Chung'),(3427,'Mary Sunderman'),(3431,'Gary Daugherty'),(3435,'Joseph Vanderloo'),(3438,'Constance Lee'),(3443,'Giovanni Brown'),(3455,'Michelle Mcguiness'),(3461,'Joshua Berry'),(3468,'Rosemary Smith'),(3475,'Robert Kiefer'),(3476,'Michael Robertson'),(3479,'Salvatore Cox'),(3481,'Terence Martin'),(3487,'Donald Oaks'),(3492,'Ralph Drake'),(3495,'Tracey Iturbe'),(3499,'Pedro Pranger'),(3500,'Sarah Estes'),(3501,'Charles Paiz'),(3503,'Jeffery Whiteman'),(3506,'Melody Weston'),(3509,'Luella King'),(3512,'Bridget England'),(3515,'Shane Durk'),(3516,'Audrey Wilczynski'),(3518,'Esther Richards'),(3520,'Beatrice Veach'),(3521,'Phillip Minichiello'),(3524,'Sonia Ekstrom'),(3527,'Arlene Obryant'),(3529,'Ann Edwards'),(3535,'Ericka Little'),(3536,'Myrtle Smith'),(3537,'John Pratt'),(3538,'David Perez'),(3540,'Nyla Tsuji'),(3542,'Janet Teston'),(3543,'Erin Voorhees'),(3553,'Joseph Demarais'),(3557,'Steven Dickman'),(3558,'Marvin Kenney'),(3559,'Sonya Nevin'),(3564,'Isabel Ferguson'),(3566,'Ruth Harrison'),(3568,'Craig Rodriguez'),(3571,'Steve Roden'),(3574,'Dwayne Mull'),(3576,'George Mcdivitt'),(3578,'Mary Davidson'),(3580,'Rudy Darragh'),(3591,'Natasha Shepherd'),(3596,'Sarah Padilla'),(3597,'Lavada House'),(3598,'Thomas Zook'),(3601,'Michael Johnson'),(3602,'Russell Osborn'),(3603,'Louis Alvarado'),(3613,'Martha Luce'),(3614,'Thomas Romero'),(3616,'Patricia Stelly'),(3617,'Michael Lacy'),(3619,'James Gavin'),(3636,'Barbara Downs'),(3638,'Lamont Mcguire'),(3651,'Kayleen Sievers'),(3652,'Kimberly Valdez'),(3657,'Thomas James'),(3677,'Dee Kelley'),(3680,'Nancy Calandra'),(3682,'Reuben Mcgee'),(3683,'Chris Taylor'),(3689,'Jerome Watson'),(3696,'Robert Rios'),(3711,'Michael Santistevan'),(3726,'Clifford Henrick'),(3727,'Melissa Ransbottom'),(3731,'Kim Lillian'),(3741,'Matthew Carter'),(3745,'Barbara Snow'),(3746,'Vera Varner'),(3748,'Ronda Blethen'),(3749,'Charlene Drost'),(3759,'Henry Hurt'),(3764,'Sheryl Parrish'),(3767,'Charlotte Hogan'),(3770,'Maritza Washington'),(3775,'Richard Speidel'),(3778,'Marie Deremer'),(3782,'Susan Stone'),(3783,'Flossie Mclead'),(3785,'Annie Mayes'),(3788,'Nellie Wilson'),(3792,'Elizabeth Jacobs'),(3793,'Gary Sanders'),(3794,'Tonya Vautour'),(3795,'Maria Mcmorris'),(3798,'Scott Lock'),(3817,'James Merritt'),(3818,'John Hoyle'),(3829,'Claudia Scott'),(3830,'Michael Miles'),(3844,'Sheila Cook'),(3852,'Hattie Almond'),(3853,'Delia Monk'),(3857,'Angela Fox'),(3865,'Shirley Page'),(3870,'Phillip Martin'),(3876,'Susan Patterson'),(3899,'Bobette Dukes'),(3901,'Shanna Smith'),(3903,'Walter Eliason'),(3904,'Margaret Zuber'),(3906,'Stephanie Branham'),(3912,'Joan Weishaar'),(3919,'Michael Ansley'),(3926,'Shelia Ezell'),(3937,'Abigail Harris'),(3943,'Dennis Littler'),(3944,'James Macmillan'),(3947,'Julian Jackson'),(3948,'Lillie Smith'),(3961,'Susanne Griffin'),(3964,'Cynthia Rodriguez'),(3965,'Charles Williams'),(3967,'Dennis Rogers'),(3969,'Jack Sawinski'),(3970,'Melissa Hamrick'),(3976,'Jennifer Ward'),(3980,'Beverly Sparks'),(3982,'Richard Orr'),(3995,'David Folse'),(4000,'Edwin Waggoner'),(4001,'Mary Knapp'),(4003,'Herbert Eckstein'),(4014,'Cecelia Cole'),(4015,'Andrew Chene'),(4016,'Bill Anderson'),(4019,'Miguel Shiroma'),(4033,'Lea Smith'),(4042,'Angelica Moreno'),(4043,'Robbie Wahlstrom'),(4047,'Dora Hooper'),(4066,'Shannon Hair'),(4067,'Sheryl Bradley'),(4072,'Kelly Cantrell'),(4073,'Barbara Jones'),(4083,'Bonnie Daniels'),(4086,'Anne Hall'),(4087,'James Tyler'),(4090,'Brian Mcwilliams'),(4091,'Marita Omalley'),(4093,'Alma Hurst'),(4099,'Emma Buckles'),(4100,'Blossom Trejo'),(4105,'Roslyn Benedict'),(4107,'Raymond Omoyosi'),(4112,'Mark Crocker'),(4118,'Daniel Moulden'),(4119,'Gladys Burns'),(4123,'Lara Breeden'),(4125,'Martin Mccullough'),(4126,'Carol Virgil'),(4129,'Michael Lyon'),(4163,'Deanna Hammock'),(4170,'William Kimball'),(4175,'Glenn Farnham'),(4176,'Verda Johnson'),(4186,'Edward Parks'),(4190,'Mary Rivera'),(4195,'Louis Street'),(4197,'George Davis'),(4198,'Michael Bailey'),(4199,'Steve Wells'),(4200,'Loyd Best'),(4202,'Louise Middlebrook'),(4209,'Oscar Saez'),(4212,'Magnolia Solarz'),(4213,'Alexander Williams'),(4216,'Lisa Mickey'),(4219,'Randy Marshall'),(4220,'Robert Longhini'),(4223,'William Bailey'),(4226,'Mary Holbrook'),(4228,'Barbara Gibbs'),(4236,'Maria Miller'),(4247,'Clara Ma'),(4251,'Deborah Phillips'),(4254,'Charles Hart'),(4260,'Roxie Hoppe'),(4266,'Mike Brenner'),(4270,'Claretha Aitken'),(4273,'Douglas Epp'),(4275,'Ella Sheehan'),(4276,'Lee Mccalley'),(4279,'Janet Trujillo'),(4284,'Robert Terry'),(4294,'Raphael Tirado'),(4301,'Daniel Hunter'),(4303,'Ann Bailey'),(4308,'Robert Saxton'),(4313,'Liza Perez'),(4316,'Leah Harmon'),(4320,'Tammi Walters'),(4322,'Gene Simmions'),(4325,'Melissa Wayne'),(4326,'Betty Speer'),(4332,'Opal Simpon'),(4334,'Gene Harrington'),(4336,'Johnnie Clayton'),(4339,'William Val'),(4343,'Minnie Southerland'),(4345,'Stanley Smith'),(4355,'Joseph Buchanan'),(4366,'Anna Ison'),(4367,'Willie Hess'),(4368,'Brian Montgomery'),(4382,'Bruce Sanders'),(4388,'Gary Henderson'),(4395,'James Phelps'),(4398,'Kathryn Gardner'),(4404,'Mark Patterson'),(4408,'Joy Grimmett'),(4411,'Adam Byrne'),(4414,'Laura Lovelock'),(4422,'Reuben Demarco'),(4429,'William Haddix'),(4431,'Robert Stein'),(4432,'Emilia Barajas'),(4437,'Leona Lewis'),(4443,'Gerald Colon'),(4445,'Ivan Dehart'),(4451,'Elizabeth Szydlowski'),(4459,'Ali Gregory'),(4468,'Robert Walker'),(4469,'Henrietta Blevins'),(4470,'Rosario Taylor'),(4490,'Melvin Merritt'),(4497,'Linda Nelson'),(4503,'Gregory Allbee'),(4504,'Sally Thomas'),(4508,'Marion Hill'),(4510,'Jose Smith'),(4516,'Lee Ray'),(4517,'Robert Gordon'),(4523,'Catherine Kaczorowski'),(4527,'Shirley Herrera'),(4529,'Mary Cortez'),(4531,'Jeffrey Nelson'),(4532,'William Richardson'),(4536,'Kevin Gregorio'),(4538,'Helen Murray'),(4540,'Janet Litchford'),(4542,'Kris Witek'),(4548,'David Middaugh'),(4552,'Lois Harding'),(4554,'Matthew Johnson'),(4558,'Benny Riles'),(4560,'Clark May'),(4561,'Agnes Bryant'),(4566,'April Guzman'),(4567,'Rhonda Garvin'),(4569,'Kathie Wilkinson'),(4572,'Deborah Bishop'),(4577,'Garry Holder'),(4583,'William Jones'),(4585,'Leslie Saunders'),(4588,'Barbara Philpot'),(4590,'Brenda Cutting'),(4591,'Nidia Mack'),(4594,'Thomas Binion'),(4597,'Harry Teklu'),(4600,'Jeremy Shunk'),(4617,'Helen Glazer'),(4619,'Grace Nixon'),(4623,'Gina Jensen'),(4628,'Angelo Emling'),(4632,'Jeffrey Mccollom'),(4636,'Joy Corrigan'),(4641,'Joseph Stapleton'),(4642,'Beatrice Ramaker'),(4647,'Sheri Berenbaum'),(4648,'Andre Castrellon'),(4650,'Crystal Connor'),(4652,'Christina Branco'),(4657,'James Washington'),(4671,'Mattie Choate'),(4677,'Martina Bouchard'),(4686,'Marquita Hurt'),(4689,'Carlos Webb'),(4691,'George Martinez'),(4694,'Rachel Scott'),(4702,'Elizabeth Trotman'),(4704,'Raul Medina'),(4707,'Robt Russell'),(4710,'Delois Whitney'),(4716,'Helen Duryea'),(4717,'Claude Clantz'),(4720,'Nicholas Lee'),(4727,'Tracy Davis'),(4729,'Thomas Malik'),(4733,'Josephine Cruz'),(4735,'Aaron Horgan'),(4737,'Edwin Gonzalez'),(4738,'Ernest Williams'),(4741,'Daniel Bradly'),(4743,'Marcus Anderson'),(4750,'Michael Marguez'),(4751,'Sharon Escobar'),(4752,'Peggy Mcpherson'),(4753,'Edgar Dove'),(4754,'Lela Peraza'),(4756,'Tyrone Gary'),(4760,'Walter Roberts'),(4770,'Agnes Snyder'),(4771,'Helen Sylvia'),(4776,'Lisa Turner'),(4780,'Santos Moore'),(4789,'Selena Miller'),(4791,'David Baghdasarian'),(4793,'Jason Bright'),(4798,'Sue Whitney'),(4803,'Adam Fuller'),(4805,'Rosemary Lewis'),(4816,'Brandy Barton'),(4824,'Rhonda Theriault'),(4825,'Mary Turner'),(4827,'David Strohman'),(4828,'Derek Lewis'),(4831,'Brandie Harrison'),(4834,'Rachel Coats'),(4837,'Vickie Carter'),(4842,'Joseph Watts'),(4845,'Ernest Proctor'),(4848,'John Huggins'),(4856,'Donna Marquez'),(4858,'William Druck'),(4859,'Diana Jones'),(4860,'Courtney Pierce'),(4866,'Rickey Cooper'),(4870,'Michael Lieberman'),(4884,'Nancy Mcbride'),(4886,'Cesar Evans'),(4899,'Sara Eisentrout'),(4907,'Kate Carnicelli'),(4910,'Jeffrey Simmons'),(4919,'Michael Deangelis'),(4922,'David Quinn'),(4924,'Bonnie Schulze'),(4925,'Daniel Paine'),(4937,'Mary Sandahl'),(4949,'Douglas Stallings'),(4953,'Courtney Kreitner'),(4955,'Bessie Rhoades'),(4956,'Benjamin Sheckler'),(4963,'Andrew Martin'),(4966,'Francene Robinson'),(4972,'Frank Branch'),(4992,'Evelyn Kirby'),(4993,'Jeffrey Richardson'),(4994,'Annie Yau'),(4996,'Donald Kemppainen'),(5001,'Angela Young'),(5007,'Jaime Didonna'),(5009,'Linda Sears'),(5015,'Beulah Drabant'),(5021,'Ernest Wells'),(5033,'Patricia Stafford'),(5034,'Sheila Dull'),(5043,'Amy Gurley'),(5046,'John Sutton'),(5057,'Catherine Slawson'),(5058,'Charles Driskill'),(5060,'Loretta Studer'),(5061,'Kerry Alvarado'),(5063,'Julie Mabry'),(5067,'Pablo Gibbs'),(5069,'John Anthon'),(5081,'Darci Serrano'),(5085,'Deedra Mccreedy'),(5090,'Joseph Stone'),(5091,'Grant Santos'),(5093,'Franklin Ellison'),(5096,'Joyce Powers'),(5110,'Gregory Smith'),(5113,'Corey Quintero'),(5117,'Lois Shoemaker'),(5126,'Carol Hodges'),(5129,'Jonathan Keister'),(5147,'Dorothy Taylor'),(5148,'Stephen Walker'),(5150,'Michael Bowden'),(5151,'Michael Harmon'),(5155,'John Sanford'),(5158,'Nancy Paras'),(5159,'Amanda Shaw'),(5162,'Marie Sudderth'),(5171,'Amber Dean'),(5174,'Derrick Piper'),(5182,'Mary Hamilton'),(5183,'Matthew Cox'),(5185,'Jose Anderson'),(5188,'William Carlson'),(5190,'Lorraine Stone'),(5204,'Hannah Arrey'),(5208,'Jesse Roberts'),(5212,'George Church'),(5216,'Shara Hall'),(5220,'David Wallace'),(5221,'John Pokorney'),(5228,'Shirley Netherton'),(5233,'Rocky Barber'),(5240,'Estelle Moore'),(5243,'George Williams'),(5246,'Jim Parker'),(5248,'Robert Ferrell'),(5252,'James Williams'),(5267,'Agnes Andersen'),(5272,'David Barkdoll'),(5278,'Yvonne Zawacki'),(5285,'Brian Bridgett'),(5286,'John Curley'),(5307,'Donald Corda'),(5313,'Janis Henson'),(5316,'Edwin Sule'),(5322,'Walter Felder'),(5332,'Carolyn Baker'),(5336,'Julio Fischer'),(5340,'Kenneth Martin'),(5342,'John Rodriguez'),(5351,'Donna Elmore'),(5355,'Jerry Herd'),(5356,'Shelton Buehlman'),(5357,'Violet Daggett'),(5358,'Mark Seaborn'),(5365,'Edith Nebeker'),(5368,'William Heacock'),(5372,'Eric Smith'),(5378,'Sarah Rivera'),(5380,'Joey Valadez'),(5389,'Dorothy Christensen'),(5390,'Gina Dyal'),(5395,'Gerard Buttner'),(5396,'April Huey'),(5407,'Florence Wortham'),(5409,'Eileen Meyer'),(5410,'Amelia Brooks'),(5419,'Geneva Martinez'),(5422,'Daniel Francescone'),(5424,'Gregory Snell'),(5426,'Katherine Moore'),(5431,'Kelvin Grey'),(5441,'Kathryn Stiltner'),(5443,'Henry Powell'),(5447,'Donna Johnson'),(5448,'Aletha Arrington'),(5450,'Napoleon Frisby'),(5451,'Sharon Eubank'),(5453,'Eugene Gooslin'),(5458,'Stacey Doan'),(5470,'Andrea Mcknight'),(5474,'Judith Salaam'),(5476,'Karen Edwards'),(5486,'Donna Cox'),(5487,'Kay Landau'),(5489,'Frederick Boynton'),(5490,'Helene Bohnet'),(5496,'Sherry Dodge'),(5502,'Kay Hastings'),(5507,'Ricky Costa'),(5514,'Robert Kane'),(5522,'Trista Owens'),(5543,'Dustin Waldal'),(5545,'Stephen Herman'),(5553,'Thomas Ohearn'),(5565,'Juliet Robinson'),(5578,'Rosa Stolle'),(5579,'Corey Willingham'),(5580,'Matthew Martinez'),(5583,'John Biasi'),(5589,'Karen Myers'),(5593,'Mary Dail'),(5594,'John Hudson'),(5610,'Brenda Melvin'),(5612,'Eric Chastain'),(5615,'Kenny Torres'),(5618,'Jackie Bell'),(5620,'Diana Cotrell'),(5626,'James Perez'),(5629,'John Webb'),(5640,'Henry Bender'),(5649,'Chase Sims'),(5650,'Dolores Brown'),(5653,'Nathaniel Rio'),(5654,'Patricia Beattie'),(5655,'Maria Booker'),(5659,'April Myers'),(5664,'Athena Williams'),(5671,'John Alas'),(5674,'Rhonda Pennebaker'),(5676,'Harry King'),(5677,'Lindsay Piccirillo'),(5678,'Charlotte Clement'),(5681,'Janet Lopez'),(5682,'Mary Jones'),(5689,'Verna Jackson'),(5698,'Robert Sloan'),(5703,'Thelma Bracco'),(5715,'Sanford Ellis'),(5718,'Travis Fehrle'),(5720,'Annie Obrien'),(5724,'Shelton Lavis'),(5739,'James Corrales'),(5747,'Elizebeth Vescio'),(5753,'Heather Rivera'),(5754,'Charles Turney'),(5755,'Mercedes Thompson'),(5756,'Bernard Swedenburg'),(5762,'Hope Fasano'),(5770,'Harry Monk'),(5772,'John Parry'),(5775,'Christine Okamoto'),(5784,'Paul Dunham'),(5788,'Betty Brinkley'),(5789,'Velma Zamora'),(5790,'Janelle Fragoso'),(5796,'Christopher Brace'),(5797,'Robin Pruitt'),(5798,'Mary Pacific'),(5801,'David Stephens'),(5805,'Monique Lorenzen'),(5807,'Mike Flores'),(5808,'Brian Epps'),(5811,'Jody Seal'),(5821,'Todd Murphy'),(5822,'Eric Schall'),(5823,'Peggy Witte'),(5827,'Joseph Davenport'),(5848,'Lori Vanwyck'),(5850,'Anjanette Krug'),(5852,'William Golding'),(5860,'Suzan Winchester'),(5863,'Elisabeth Price'),(5867,'Pamela Hernandez'),(5869,'Leland Wills'),(5872,'Clara Hepler'),(5874,'Shirley Marks'),(5876,'Karen Orloff'),(5883,'Leanne Keith'),(5884,'William Jones'),(5887,'Irene Horton'),(5894,'Patricia Simon'),(5896,'Audrey Gills'),(5897,'Emil Layne'),(5900,'Ladonna Johnson'),(5906,'Kathleen Ingerson'),(5911,'Joan Nottage'),(5917,'Christine Lee'),(5919,'Lester Moore'),(5930,'Amber Aguirre'),(5931,'Richard Walters'),(5938,'Cameron Crowell'),(5942,'David Custer'),(5947,'Barbara Snow'),(5957,'Marie Hill'),(5960,'Ana Joseph'),(5963,'Jeffrey Camden'),(5973,'Jennifer Loomis'),(5978,'Wilmer Crowder'),(5983,'Rebecca Michaud'),(6006,'Bernice Delong'),(6011,'Jeannie Scalf'),(6012,'Cole Browen'),(6016,'Robert Kerr'),(6020,'Ricky Conner'),(6023,'Jeannette Garrett'),(6024,'Brian Lee'),(6035,'John Stocking'),(6037,'Tony Badillo'),(6041,'Earl Howard'),(6042,'William Sailor'),(6043,'Melissa Stanfa'),(6048,'Dolores Thorpe'),(6053,'Diana Chacko'),(6058,'Christopher Yoshina'),(6063,'Elizabeth Miller'),(6067,'Colleen Rhodes'),(6073,'Barbara Crowley'),(6074,'Linda Gregg'),(6075,'Laurel House'),(6083,'Hazel Moore'),(6088,'Ruby Dorval'),(6092,'Blanca Edwards'),(6095,'Randy Mcdaniels'),(6099,'Kristina Sullivan'),(6115,'Carol Fitch'),(6132,'Luis Thomas'),(6133,'Eugene Spurrier'),(6134,'Theodore Ball'),(6141,'Roosevelt Morgan'),(6142,'Pearl Richter'),(6151,'Brian Morton'),(6152,'James Bowles'),(6157,'Carolyn Addington'),(6159,'Maxine Ray'),(6168,'Rene Rolland'),(6169,'Jacqueline Johnson'),(6176,'Francine Molina'),(6188,'Deborah Pierre'),(6193,'Geneva Wallace'),(6198,'Elizabeth Thompson'),(6200,'Melanie Forbes'),(6204,'Annie Cooper'),(6206,'Mary Bittner'),(6214,'Mary Duet'),(6216,'Nancy Lindley'),(6220,'Jerry Jackson'),(6229,'Michael Icardo'),(6232,'Philip Taylor'),(6239,'Charles Haynes'),(6244,'Ellen Smith'),(6249,'Joy Oconnor'),(6253,'Bonnie Robinson'),(6257,'Darrell Buller'),(6261,'Judith Plummer'),(6267,'Eduardo Chambers'),(6270,'Kelly Clifton'),(6271,'Twana Miller'),(6277,'John Panzarella'),(6280,'Jacob Johnson'),(6292,'Gloria Toelke'),(6293,'Ray Barnhill'),(6295,'Jackie Quiroz'),(6303,'Marie Johnson'),(6309,'Elizabeth Calvin'),(6313,'Colette Wiggins'),(6315,'Yolanda Usrey'),(6322,'Sean Diaz'),(6327,'Linda Faltus'),(6329,'Mary Martinez'),(6335,'Dorothy Mancuso'),(6338,'Kelly Lynn'),(6356,'Lorenzo Dick'),(6364,'Ara Harrington'),(6365,'Judith Bryant'),(6383,'Tim Conn'),(6385,'Carl Kennedy'),(6395,'Cathryn Hughes'),(6396,'Julia Robie'),(6401,'Tony Boger'),(6402,'Luella Schill'),(6410,'Thomas Croft'),(6411,'Nathaniel Eisman'),(6416,'Danny French'),(6419,'Jannie Boland'),(6420,'Jerry Davis'),(6428,'Edith Wooten'),(6429,'Sharon Noland'),(6431,'Sheila Wade'),(6436,'Michael Metzger'),(6452,'Cory Witherite'),(6461,'Elizabeth Nemerofsky'),(6465,'Bobby Durall'),(6466,'Michael Fisher'),(6471,'Andrew Dove'),(6473,'Theo Vandercook'),(6478,'Elizabeth Salas'),(6479,'Thomas Stephens'),(6481,'Elizabeth Chico'),(6486,'Mary Wahl'),(6493,'Jesse Brown'),(6501,'Julie Stordahl'),(6503,'Patricia Pax'),(6504,'Barbara Smith'),(6522,'Blake Groves'),(6527,'Jerome Jones'),(6529,'Richard Mead'),(6534,'Angel Uhlman'),(6536,'Scott Mcquaig'),(6540,'Ruth Butler'),(6547,'Bruce Kenney'),(6549,'Roger Oliver'),(6552,'Thomas Mertes'),(6560,'Edward Brooks'),(6562,'Janice Feldman'),(6569,'Jo Foersterling'),(6571,'Ronald Cothren'),(6576,'Sandra Cox'),(6579,'Janice Lyndon'),(6582,'William Dejong'),(6589,'Holly Shaffer'),(6590,'Heather Carriere'),(6599,'David Watkins'),(6600,'Mark Larson'),(6606,'Luis Ross'),(6608,'Kim Ford'),(6612,'Scott Shelby'),(6621,'Maria Koenig'),(6622,'Tammy Hardy'),(6625,'Deena Franzoni'),(6626,'Malcolm Wetmore'),(6630,'Gretchen Babin'),(6637,'Tony Borjas'),(6641,'Mark Bridge'),(6644,'William Ferrell'),(6660,'Allan Parrish'),(6664,'Joseph Way'),(6669,'Mable Peacock'),(6673,'Sherman Moll'),(6674,'Patricia Olberding'),(6685,'Diana Mcclure'),(6687,'Ronald Avent'),(6694,'Jason Sandoval'),(6699,'Michael Pettitt'),(6704,'Karen Sinstack'),(6709,'Maria Curran'),(6711,'John Salyer'),(6726,'Francisco Bembry'),(6729,'Marion Barksdale'),(6731,'Brian Kramer'),(6735,'Curtis Foley'),(6736,'Mary Ransom'),(6739,'Judith Lopez'),(6743,'Gary Evans'),(6746,'Frank Scoville'),(6752,'Denita Lent'),(6754,'Brittany Brooks'),(6756,'Kathleen Cone'),(6766,'Karen Perkins'),(6773,'Patrick Hampton'),(6774,'Ella Jackson'),(6777,'Douglas Miller'),(6780,'John Mckee'),(6782,'Lula Lehmann'),(6784,'Martha Tabor'),(6789,'Brittany Manning'),(6792,'Melanie Santiago'),(6793,'Raymond Mason'),(6794,'Joy Stevenson'),(6796,'Eugene Armon'),(6801,'Odell Perrins'),(6804,'Ethel Langford'),(6808,'Noble Steptoe'),(6814,'Kathleen Manos'),(6821,'Brittany Tackitt'),(6826,'Nicholas Johnson'),(6828,'Christopher Samuels'),(6831,'Elizabeth Hooker'),(6838,'Patsy Timothy'),(6853,'Walter Kazin'),(6854,'Robert Brown'),(6857,'Suzanna Quintana'),(6859,'Jeremy Narvaez'),(6866,'Migdalia Ridenour'),(6869,'Sean Hall'),(6871,'William Bartley'),(6873,'Alexandra Doyle'),(6874,'Claudia Jones'),(6876,'Stanley Border'),(6880,'Stephen Hall'),(6881,'Joshua Hilliard'),(6884,'Jerry Summers'),(6892,'Carl Kohler'),(6895,'Frank Priem'),(6898,'Ken Martinez'),(6911,'George Bartolome'),(6919,'David Horn'),(6923,'Robert Rios'),(6926,'Angela Dickson'),(6932,'James Simoneau'),(6935,'Bonnie Luten'),(6936,'Gerard Simmons'),(6937,'Truman Madison'),(6938,'Joe Mcnair'),(6940,'Joyce Stokes'),(6951,'Paul Howard'),(6954,'Robert Gray'),(6961,'Gladys Hampton'),(6973,'Cassandra Tith'),(6974,'Scotty Mary'),(6982,'Willie Sanders'),(6984,'Mandy Capone'),(6990,'Joseph Mcatee'),(6992,'Lisa Montgomery'),(6995,'Dustin Clay'),(6998,'Paul Stout'),(7001,'Beverly Gee'),(7002,'Howard Reynolds'),(7003,'Lina Johnson'),(7004,'William Anguiano'),(7013,'Clinton Loomis'),(7014,'Laurel Merrithew'),(7015,'Raymond Mosher'),(7019,'Nicholas Sauer'),(7032,'Lisa Omar'),(7033,'Donald Roberts'),(7037,'Blanche Hu'),(7042,'Marcus Cameron'),(7054,'Greta Collado'),(7056,'Dolores Schreck'),(7057,'Mary Tindell'),(7058,'Amy Holmes'),(7060,'Georgia Swink'),(7075,'Elizabeth Phelps'),(7078,'Suzanne Otten'),(7079,'Sue Young'),(7080,'Kimberly Karalis'),(7084,'Annette Cox'),(7087,'Derek Evans'),(7089,'Leonard Mcclellan'),(7098,'Donna Whalen'),(7101,'Michael Sheppard'),(7102,'Norman Rogers'),(7120,'Winifred Wadding'),(7125,'Jimmie Johnson'),(7138,'Jose Webb'),(7140,'Felicia Dunn'),(7142,'Christopher Hassenfritz'),(7144,'Harry Theus'),(7152,'Wanda Demello'),(7160,'Edgar Kolbe'),(7164,'Johanna Pring'),(7165,'James Whiteside'),(7173,'Elaine Dillon'),(7175,'Diane Huckins'),(7180,'Joshua Schmatz'),(7183,'Jeanne Moore'),(7189,'Mary Mutz'),(7190,'Irvin Wiggins'),(7194,'Pamela Cauthen'),(7197,'Shirley Bland'),(7202,'Anthony Scheetz'),(7205,'Deborah Tews'),(7209,'Nadia Twitt'),(7211,'David Alston'),(7221,'Jeffrey Gipson'),(7223,'Albert Thurston'),(7224,'Christopher Monroe'),(7231,'Tonia Davison'),(7250,'Franklin Heuck'),(7256,'Charles Sommers'),(7261,'Karen Bergmann'),(7263,'Gina Hansen'),(7264,'Ronald Eberts'),(7269,'Larry Hilbert'),(7286,'Harold Scofield'),(7288,'Patricia Keeling'),(7291,'Mary Page'),(7297,'Johnny Theriault'),(7298,'Kent Visvardis'),(7308,'Laurie Peltier'),(7315,'Mark Quillen'),(7318,'Joseph Vivier'),(7319,'Cole Stembridge'),(7322,'Jennifer Avery'),(7324,'Melvin Rosenbaum'),(7325,'Leonard Riggs'),(7330,'Lloyd Calderon'),(7331,'John Robertson'),(7339,'Gary Syphers'),(7345,'Abraham Black'),(7352,'Christine Noland'),(7357,'Robin Larue'),(7361,'George Hallman'),(7362,'Kenneth Sisk'),(7363,'Keith Azar'),(7364,'Kevin Kruse'),(7365,'James Collins'),(7366,'David Nichols'),(7367,'Richard Coan'),(7375,'Jorge Deal'),(7387,'Theresa Hopper'),(7397,'James Valdez'),(7401,'Gabriel Johnson'),(7409,'Brandon Burnett'),(7418,'Edward Taylor'),(7421,'Denis Childers'),(7425,'Janice Rice'),(7430,'Cristina Ruiz'),(7432,'Laura Dykeman'),(7436,'Jared Stevens'),(7449,'Marie Mcclendon'),(7451,'Karl Dillard'),(7452,'Justin Bailey'),(7454,'Anthony Mckay'),(7456,'Albert Crandall'),(7458,'Angel Riggs'),(7465,'Clifford Ward'),(7469,'Wesley Greer'),(7470,'Timothy Pardo'),(7473,'Brian Obenshain'),(7476,'Amy Williamson'),(7477,'James Joyce'),(7483,'Rosa Cooke'),(7484,'Ginger Broad'),(7495,'David Lopez'),(7496,'Frank Jones'),(7506,'Matthew Smith'),(7510,'Sanford Briggs'),(7511,'Danny Fenton'),(7514,'Barbara Reynolds'),(7518,'Sherry Richmond'),(7519,'Katherine Cox'),(7521,'Elizabeth Crenshaw'),(7528,'Gilbert Dunkley'),(7529,'Rodney Meritt'),(7540,'Mildred Knight'),(7541,'Larry Summer'),(7547,'Donald Cavett'),(7548,'Rachel Kilgore'),(7554,'Patsy Young'),(7556,'Gary Trahan'),(7567,'Julia Lee'),(7570,'Sara Casiano'),(7574,'Janell Welch'),(7583,'Mattie Barta'),(7585,'Victor Campbell'),(7587,'Judy Schull'),(7591,'Megan Seiler'),(7597,'Brandon Villanueva'),(7600,'Richard Nunnenkamp'),(7603,'Jose Williams'),(7608,'Steve Jones'),(7612,'Cheryl Morris'),(7616,'Michelle Scott'),(7618,'Santos Jeter'),(7621,'Alberto Madrid'),(7622,'Michelle Bailey'),(7627,'Sophie Weston'),(7632,'Jean Downs'),(7633,'Ronald Rice'),(7634,'Tom Huber'),(7635,'Ernest Jones'),(7636,'Constance Lee'),(7637,'Buck Joyner'),(7643,'Sherry Cox'),(7650,'Mary Rodgers'),(7651,'Larry Hull'),(7672,'Delores Heisler'),(7673,'Francis Korpal'),(7684,'Daniel Snell'),(7685,'John Shirley'),(7688,'Denise Wooten'),(7696,'Junior Godfrey'),(7699,'Edward Leblanc'),(7701,'Carl Leggett'),(7702,'Yvonne Aguinaldo'),(7703,'Lowell Anderson'),(7708,'Joseph Burroughs'),(7714,'Jennifer Gonzalez'),(7715,'Jessica Wilhelm'),(7718,'Candice Mckenzie'),(7720,'Elvira Miller'),(7725,'Sara Ritter'),(7727,'Glenda Crist'),(7729,'Joyce Godfrey'),(7732,'Eva Apodaca'),(7749,'Frank Knox'),(7750,'Heidi Penland'),(7753,'Christopher Adkins'),(7754,'Elizabeth Richardson'),(7756,'Sam Fryer'),(7765,'Rebecca Mcfarland'),(7768,'Edward Taylor'),(7769,'Carolyn Bixler'),(7772,'Domenic Queen'),(7773,'Travis Castillo'),(7780,'David Pope'),(7783,'Melanie Hughes'),(7784,'Michael Johnson'),(7788,'Edward Good'),(7791,'Jodi Ogle'),(7796,'Dennis Mcnolty'),(7798,'Deborah Rodriquez'),(7802,'Genevieve Paul'),(7804,'Keisha Perdomo'),(7808,'Andre Talley'),(7811,'Matthew Palmer'),(7815,'Susan Burkett'),(7816,'William Lord'),(7823,'Joseph King'),(7824,'Willie Parkin'),(7826,'Deborah White'),(7828,'Christian Smith'),(7835,'Regina Clune'),(7847,'Margaret Myers'),(7849,'Laura Sheets'),(7852,'Anne Allen'),(7858,'Esther Johnson'),(7859,'Jacqueline Mace'),(7860,'Nina Chappell'),(7867,'Stephen Parra'),(7874,'Sandra Rector'),(7886,'Juan Cuevas'),(7895,'Tim Speas'),(7899,'Daniel Kendrick'),(7905,'Virgie Torgerson'),(7917,'Theodore Doherty'),(7932,'Pete Weir'),(7935,'Nancy Sandlin'),(7949,'Stephen Cocola'),(7950,'Jerry Mcintosh'),(7955,'Mary Padgett'),(7958,'Floyd Jones'),(7962,'Pauline Duval'),(7970,'Steve Weeks'),(7972,'Dorothy Metzger'),(7979,'Genaro Marshall'),(7982,'Scott Fitzgibbon'),(7984,'Gary Graziano'),(7985,'Myrtle Merritt'),(7986,'Crystal Zmolek'),(7992,'Loretta Lopeman'),(7993,'Lisa Clerc'),(8002,'Joyce Christensen'),(8004,'Melody Puma'),(8012,'Shalonda Christie'),(8013,'Christina Gonzales'),(8016,'Sharon Taylor'),(8017,'Robert Dobson'),(8021,'Penny Harker'),(8023,'Irene Burford'),(8026,'Charles Lino'),(8046,'Lawrence Sanford'),(8053,'Brittany Ferrara'),(8054,'Barbara Frazier'),(8059,'Virginia Nixon'),(8069,'Darren Watson'),(8070,'Ryan Hunt'),(8072,'Ernest Snyder'),(8083,'Nora Evans'),(8087,'Lewis Marshall'),(8088,'Kevin Hartford'),(8089,'Frederick Stagg'),(8090,'John Nagy'),(8093,'Kenneth Rorie'),(8096,'Charles Redmond'),(8097,'Donna Savage'),(8104,'Glenn Shaffer'),(8105,'Shirley Hunt'),(8107,'Robert King'),(8113,'Jill Price'),(8117,'Lucas Moczo'),(8118,'Scott Rigatti'),(8120,'Shirley Wearing'),(8122,'Tammy Munch'),(8123,'Robert Mccollum'),(8128,'Anthony Toth'),(8133,'Jake Martin'),(8140,'Bobbie Dawson'),(8147,'Martha Taylor'),(8148,'Jay Manalo'),(8149,'Tess Wang'),(8151,'Jason Negron'),(8154,'Victor Murat'),(8159,'Luis Fulton'),(8163,'Theresa Scruggs'),(8164,'Brian Heard'),(8166,'Vivienne Ross'),(8170,'Juanita Orzell'),(8180,'Nicholle Johnson'),(8183,'Juanita Robertson'),(8184,'Kevin Jenkins'),(8187,'Barry Tyska'),(8201,'Darlene Shea'),(8202,'Jimmy Devaughn'),(8207,'Amanda Norris'),(8210,'Britt Parker'),(8215,'Linda Hefner'),(8228,'Debra Krajewski'),(8232,'Mary Almeida'),(8233,'Teresa Reiss'),(8235,'Jason Wilson'),(8246,'Emory Claeys'),(8251,'Valerie Carbajal'),(8254,'Carla Donaway'),(8256,'Courtney Silva'),(8274,'Sam Morse'),(8275,'Warren Tucker'),(8276,'Daniel Harrison'),(8284,'Kathy Curtis'),(8286,'Tracy Jasso'),(8287,'Daniel Marler'),(8288,'Jack Canady'),(8290,'John Roark'),(8291,'Leslie Pabon'),(8294,'Joey Lynn'),(8298,'Samatha Gneiser'),(8303,'Beverly Kimbrough'),(8306,'Wanda Serrato'),(8309,'Patricia Burke'),(8311,'Louise Peake'),(8312,'Jennifer Do'),(8317,'Amy Foreman'),(8323,'Angela Gervasio'),(8326,'Hans King'),(8330,'Darrin Anthony'),(8334,'Tom James'),(8336,'Damon Friedrichs'),(8342,'Larry Bartz'),(8344,'Rosa Ritchie'),(8355,'Loretta Stover'),(8362,'Gordon Price'),(8363,'Geneva Barke'),(8366,'Lorenzo Hartman'),(8384,'Jennette Taylor'),(8387,'Anna Decker'),(8396,'Francis Burritt'),(8397,'Sue Wilson'),(8404,'Brandon Toyoshima'),(8405,'Kim Reyna'),(8416,'Shirley Belz'),(8417,'Denice Stewart'),(8419,'Edgar Barkdoll'),(8420,'George Freitag'),(8438,'Gloria Bryant'),(8440,'James Benites'),(8446,'Lawrence Reynolds'),(8448,'Christopher Sikes'),(8457,'Bryan Kutner'),(8458,'George Lavalle'),(8463,'Matthew Middleton'),(8464,'Roberta Holm'),(8465,'Carmen Breitbart'),(8479,'David Taylor'),(8487,'Ursula Bonson'),(8490,'Joann Jackson'),(8491,'Bonnie Clark'),(8494,'Henry Frazier'),(8500,'Wm Stabler'),(8501,'Bobbie Sandoval'),(8503,'Amber Hilton'),(8504,'Debora Moses'),(8514,'Latasha Lyons'),(8516,'Freida Shay'),(8522,'Tom Driscoll'),(8529,'Amanda Seifert'),(8530,'Dona Prater'),(8531,'Alan Griffin'),(8538,'Betty Wilson'),(8541,'Vivian Bemis'),(8542,'Sonia Daily'),(8560,'Steven Steinle'),(8561,'Margaret Tunstall'),(8562,'Vincent Spence'),(8564,'Phillip Langevin'),(8569,'Mary Connor'),(8574,'Stella Williams'),(8576,'Kayla Magallon'),(8583,'Albert Simmering'),(8584,'Calvin Johnson'),(8585,'Dora Allen'),(8588,'Laura Norris'),(8591,'Marilyn Jarvis'),(8594,'Mildred Saunders'),(8596,'Kurt Hopkins'),(8598,'Rhonda Robinson'),(8600,'Kelly Scott'),(8601,'Robert Yarbrough'),(8603,'Elizabeth Jackson'),(8611,'Stefan Homer'),(8614,'Delmar Glenn'),(8617,'Joshua Johnson'),(8621,'Danny Smith'),(8622,'Nicholas Taylor'),(8630,'Rose Michaels'),(8637,'Brent Moyer'),(8640,'Alice Evans'),(8648,'Michael Hoover'),(8652,'Terrance Spencer'),(8665,'Loretta Janes'),(8671,'Diane Matheson'),(8673,'Robert Fike'),(8677,'James Ali'),(8686,'Brandon Dixon'),(8687,'Matthew Rieger'),(8696,'Stacey Kline'),(8699,'Chelsea Underwood'),(8704,'Linda Timmons'),(8706,'William Collins'),(8708,'Carol Stallins'),(8715,'Anthony Phillips'),(8716,'Eric Williams'),(8717,'Claudia Rome'),(8720,'Lauren Jones'),(8721,'Betty Moreno'),(8724,'Wilbert Robinson'),(8728,'Judy Mitchell'),(8733,'Joe Burlett'),(8737,'Wilma Vondielingen'),(8740,'Jamie Brown'),(8746,'Frank Aguiar'),(8755,'John Lynch'),(8762,'Ryan Wagaman'),(8768,'Sandra Alcala'),(8771,'Peggy Zucco'),(8774,'Richard Collard'),(8776,'Jared Montgomery'),(8779,'Wayne Donovan'),(8787,'Patricia Warner'),(8808,'Irene Willis'),(8824,'Grace Baker'),(8825,'Deloris Gordon'),(8826,'Paul Asakura'),(8827,'Linda Kappel'),(8828,'Margaret Schlarbaum'),(8839,'Vanessa Phillips'),(8855,'Kathryn Jones'),(8862,'Victoria Santiago'),(8864,'Sylvia Robertson'),(8865,'Timothy Herrera'),(8867,'Richard Perkins'),(8868,'Janet Allen'),(8876,'Carol Scott'),(8877,'David Torrey'),(8880,'Heidi Rodriguez'),(8881,'Lisa Awalt'),(8910,'Dolores Willingham'),(8920,'Isaac Brown'),(8946,'Mary Lawrence'),(8947,'Matthew Rogers'),(8948,'John Abraham'),(8956,'John Harr'),(8969,'Samantha May'),(8975,'Thelma Bowers'),(8978,'Christopher Odom'),(8984,'Vance Doe'),(8986,'Joshua Shaddix'),(8992,'Alice Spurlock'),(9004,'Rhonda Lopez'),(9006,'Debra Lewis'),(9007,'Lloyd Whitaker'),(9017,'Doris Bane'),(9032,'Megan Hernandez'),(9034,'Irene Flanders'),(9035,'Winter Lowe'),(9036,'Santiago Wyatt'),(9039,'Michael Tennyson'),(9047,'Deirdre Mcgraw'),(9048,'Gary Schmidt'),(9063,'Amy Hartung'),(9065,'Betty Brown'),(9069,'Jeffrey Reese'),(9074,'Opal Zuleger'),(9075,'Robert Miner'),(9076,'Glenn Mcbride'),(9089,'Kira Hardman'),(9090,'Jason Lester'),(9095,'Robert Lehrman'),(9097,'Linda Kleypas'),(9101,'Glenn Haverland'),(9117,'Mattie Boyd'),(9119,'Leah Randle'),(9123,'Ben Flagg'),(9130,'Sherrie Crenshaw'),(9138,'Juanita Pushard'),(9142,'Henry Townes'),(9150,'Keith Agosta'),(9155,'Christin Gurganus'),(9158,'Elsa Sinegal'),(9159,'Linda Colburn'),(9163,'Jared Mcclanahan'),(9170,'Adam Tanaka'),(9174,'James Reynolds'),(9178,'Barbara Weaver'),(9179,'Norma Yow'),(9183,'Barton Cross'),(9190,'Stephen Hall'),(9192,'Candace Beattie'),(9193,'Michael Clover'),(9197,'Felisa Wehunt'),(9205,'Herman Griffin'),(9208,'Michael Bowden'),(9209,'Sara Bogucki'),(9212,'Wanda Bardin'),(9218,'George Moore'),(9219,'Devon Taylor'),(9223,'Juliet Montgomery'),(9225,'Leonard Moffett'),(9235,'David Hung'),(9237,'Kenneth Nosal'),(9254,'Mark James'),(9259,'Kyle Fehrenbach'),(9267,'Elsie Miller'),(9281,'Evelyn Nelson'),(9285,'William Provost'),(9290,'Amanda Sands'),(9293,'Jeremy Smith'),(9294,'Elizabeth Smith'),(9300,'Mary Fitzgerald'),(9306,'Dennis Kornbluth'),(9311,'Terry Ryan'),(9313,'Willis Unrein'),(9316,'Melody Prindle'),(9317,'Robert Boone'),(9323,'Virginia Green'),(9325,'Harvey Hildebrand'),(9328,'Valerie Shields'),(9332,'John Rider'),(9333,'Sherry Burns'),(9334,'Elsie Britt'),(9337,'Kyle Norton'),(9340,'Carol Grant'),(9349,'Wilbert Calogero'),(9351,'Christopher Delzer'),(9356,'Donald Thompson'),(9361,'Matt Gomez'),(9362,'Raleigh Kim'),(9368,'Tom Mote'),(9375,'James Larsen'),(9379,'Michelle Cordier'),(9386,'Steven Wimberly'),(9392,'Lillian Goree'),(9396,'Patricia Griffin'),(9401,'Diana Garcia'),(9404,'Catherine Dullea'),(9407,'Sara Holcomb'),(9413,'Robert Jiminez'),(9422,'Bernice Wilbanks'),(9425,'Thomas Cannon'),(9428,'Sandra Gorman'),(9433,'Nathan Wheeler'),(9436,'Kurt Pena'),(9440,'Linda Morrow'),(9444,'Maria Edwards'),(9447,'Harold Krizan'),(9448,'Melvin Crawford'),(9458,'Denise Brown'),(9459,'Doyle Deane'),(9460,'John Heishman'),(9462,'Clara Lyon'),(9465,'Harold Burton'),(9467,'Walter Myers'),(9473,'Richard Brown'),(9482,'Lisa Sikes'),(9489,'Rafael Marshall'),(9495,'Jean Hayward'),(9496,'Margot Schmidt'),(9497,'Francisco Green'),(9498,'Kimberly Humphreys'),(9502,'Troy Rutledge'),(9504,'Ann Stanley'),(9507,'Manuel Walker'),(9512,'Robert Wyman'),(9515,'Allyson Macdonald'),(9516,'Joni Benge'),(9517,'John Butcher'),(9520,'Terry Anderson'),(9521,'Brian Odaniel'),(9524,'Roy Horton'),(9525,'Sherise Ogle'),(9527,'Anthony Lee'),(9528,'Jason Stroupe'),(9529,'Donald Fawcett'),(9530,'William Newcomer'),(9532,'Effie Leich'),(9536,'Rickey Warner'),(9538,'Curtis Murray'),(9541,'Jacqueline Lawson'),(9551,'James Wilson'),(9555,'Kathleen Henderson'),(9564,'Oleta Andrews'),(9566,'Christy Bennett'),(9570,'Juanita Bradley'),(9575,'Richard Dewey'),(9580,'Tamika Bowman'),(9589,'Richard Salazar'),(9596,'Darlene Ortiz'),(9598,'Dina Laubhan'),(9602,'Margaret Williams'),(9605,'Michael Hofstetter'),(9608,'Edward Mcdonough'),(9612,'Catherine Goe'),(9613,'Roger Gibson'),(9627,'Dianna Prow'),(9631,'Glenn Watts'),(9636,'Dennis Powell'),(9645,'James Robinson'),(9647,'Robert Blazejewski'),(9649,'Adam Luna'),(9653,'John Irwin'),(9658,'Alisa Snow'),(9659,'Beverly Brooks'),(9662,'Don Galindo'),(9664,'Vincent Hall'),(9679,'Angela Engelhardt'),(9680,'Melissa Timmons'),(9682,'Frances Stokes'),(9684,'Angela Morales'),(9685,'Dianna Cash'),(9691,'Tracy Clark'),(9694,'Guadalupe Stewart'),(9700,'William Mirando'),(9702,'Charlie Clanton'),(9706,'Burton Santistevan'),(9707,'James Petree'),(9716,'John Moh'),(9717,'Kimberly Bell'),(9718,'Edward Chapman'),(9724,'Kelly Leinweber'),(9725,'Jon Mcdonald'),(9728,'Iris Austin'),(9733,'Milo Crain'),(9735,'Nancy Northup'),(9737,'Lora Olson'),(9738,'Hope Smith'),(9746,'Nancy Olson'),(9748,'Wayne Barrios'),(9749,'William Blankenship'),(9751,'Cathy Tuck'),(9757,'Roger Brice'),(9760,'Robert Jones'),(9789,'Ryan Kats'),(9793,'Ashley Lorenz'),(9795,'Theresa Stade'),(9802,'Heidi Herbert'),(9813,'Gerald Brody'),(9818,'Dorothy Richters'),(9839,'Jeff Beene'),(9842,'Maricela Turner'),(9843,'Elmo Degan'),(9851,'Mary Busch'),(9855,'Mark Bodily'),(9857,'Arthur Geary'),(9858,'Julia Todaro'),(9861,'Shelley Hall'),(9862,'Leah Hutchins'),(9879,'Susan Horka'),(9881,'Jean Taylor'),(9888,'Allen Ross'),(9889,'Crystal Adams'),(9892,'Carolyn Peterson'),(9896,'Francisca Bastian'),(9898,'Paula Carualho'),(9903,'Vicki Faraone'),(9905,'Maryann Parks'),(9921,'Kenneth Park'),(9926,'Rolland Davis'),(9937,'Thomas Mcgrew'),(9939,'Mary Gomez'),(9944,'Marsha Wilson'),(9947,'Eric Jones'),(9952,'Gloria Andersen'),(9957,'Maureen Dix'),(9961,'Nancy Jones'),(9962,'Melissa Boyce'),(9965,'Mark Kim'),(9969,'Vernon Kirk'),(9973,'Charles Gibson'),(9975,'Thomas Cortez'),(9977,'Darryl Willey'),(9978,'Thomas Zamorano'),(9987,'John Thompson'),(9988,'Melanie Johnson'),(9993,'Joseph Harrington'),(9996,'Pamela Pelletier'),(10007,'Michael Velazquez'),(10137,'Ollie Semler'),(10187,'Patricia Chapman'),(10192,'Charles Pfahler'),(10308,'Teresa Coleman'),(10359,'Eric Duke'),(10487,'Ann Owens'),(10577,'John Lindall'),(10628,'John Decker'),(10721,'James Ventura'),(10822,'Estella Dinham'),(10848,'Sara Rolland'),(10882,'Scott Warren'),(10893,'Ruth Pappan'),(10906,'Hazel Rauch'),(11204,'Connie Knoedler'),(11257,'Joshua Maicus'),(11275,'Kenneth Rios'),(11422,'Derrick Flores'),(11433,'Marion Pastel'),(11467,'Marsha Tointon'),(11528,'Adam Myrick'),(11602,'Lee Medeiros'),(11687,'Harriet Reed'),(11695,'David Small'),(11828,'Rolland Coleman'),(11835,'James Dunlap'),(11839,'Santiago Lewis'),(11947,'Lucia Benner'),(12055,'Bridgette Key'),(12067,'Eugene Reynolds'),(12097,'Eric Jory'),(12125,'Richard Wixon'),(12127,'Ryan Allen'),(12223,'Lorraine Hollander'),(12260,'Rubie Emerson'),(12395,'Charlie Williams'),(12445,'Dorothy Clouthier'),(12472,'Donna Stark'),(12510,'Clara Crutchfield'),(12572,'James Williams'),(12599,'Sandra Showalter'),(12787,'Michael Spicher'),(12869,'Michael Drewniak'),(12927,'Kimberly Robbins'),(13023,'Bob Boudreaux'),(13038,'Robert Sheridan'),(13073,'Edna Cooley'),(13076,'Andrea Blodgett'),(13337,'Johnathan Ochoa'),(13411,'Krystal Champion'),(13510,'John Fuller'),(13552,'Dennis Chasteen'),(13565,'Mary Ochoa'),(13862,'Robert Eilers'),(13969,'Joseph Kimbler'),(14083,'Maria Lechuga'),(14096,'Steven Robinson'),(14136,'Howard Moore'),(14319,'Maria Manzanarez'),(14493,'Shelia Hendershot'),(14865,'David Elliam'),(15011,'Tyson Martinez'),(15172,'Jerry Paul'),(15288,'Brandy Becerra'),(15402,'Shirley Cowgill'),(15406,'Elmer Holton'),(15509,'Jim Braden'),(15648,'Edward Smith'),(15684,'Raymond Stevens'),(15689,'Richard Dahlberg'),(15709,'Samantha Campbell'),(15726,'Thelma Coger'),(15850,'Jerome Cianfrini'),(15874,'Tracy Ryan'),(15937,'Roger Zamudio'),(16076,'James Moulton'),(16089,'Eric Townsend'),(16153,'Pedro Huseby'),(16178,'Andre Baughman'),(16247,'Ron Brinkman'),(16298,'Irvin Abel'),(16425,'Leonard Destefano'),(16530,'Michael Fleming'),(16565,'Reginald Cummins'),(16635,'Marc Williams'),(16680,'David Clements'),(16704,'Rocky Garcia'),(16734,'Philip Gonzalez'),(16735,'Patricia Joyner'),(16739,'James Polk'),(16784,'Donnie Mills'),(16789,'Alberto Brown'),(16844,'Randall Vargo'),(16916,'Hector Beals'),(16969,'Michael Zelaya'),(17112,'Nicholas Laperouse'),(17219,'Cecelia Womack'),(17274,'Edward Schroyer'),(17278,'Mike Bachmeier'),(17297,'Margarita Sapp'),(17383,'James Nelson'),(17411,'Samantha Ray'),(18036,'Timothy Yung'),(18080,'Donald Paolucci'),(18202,'Troy Warren'),(18217,'Edna Hines'),(18222,'Floyd Russell'),(18230,'Carolyn Hills'),(18246,'Christine Chen'),(18332,'Margaret Doss'),(18341,'Herbert Sewell'),(18456,'Michael Ingram'),(18470,'Doris Dickinson'),(18646,'Allen Daniels'),(18655,'Denise Thomas'),(18660,'Daniel Spencer'),(18768,'William Sayegh'),(18779,'Jason Pogue'),(18866,'Eric Jarrett'),(18895,'Dawn Seumanu'),(18938,'Wilbur Abner'),(18977,'Joyce Molleda'),(19011,'Georgiana Durgan'),(19199,'Melissa Shipp'),(19291,'Ellen Woolley'),(19516,'Kimberly Hendrix'),(19522,'Marie Brown'),(19866,'John Jameson'),(19919,'Nathaniel Forrest'),(19930,'Zachary Johnson'),(19941,'Leon Perry'),(20236,'Audrey Schultz'),(20743,'Michael King'),(20847,'Geraldine Correra'),(20895,'Tina Scott'),(20936,'Angel Collins'),(21111,'Deborah Bostick'),(21118,'Paul Reno'),(21218,'Jim Licon'),(21252,'Leah Thomas'),(21465,'Ruth Jeffers'),(21531,'Ruben Murphy'),(21625,'Holly Lindstedt'),(21874,'Susana Kim'),(22041,'Sarah Reed'),(22111,'Dolores Siewers'),(22178,'Paula White'),(22186,'Manuel Turner'),(22283,'Emilia Crawford'),(22454,'Dawn Vanleuven'),(22592,'Annemarie Sloan'),(22663,'Adam Moore'),(22773,'William Stewart'),(23044,'Pat Williams'),(23131,'Jerry Lester'),(23224,'Louise Ramirez'),(23432,'William Bouchard'),(23442,'Frances Wasserman'),(23461,'Guy Ferrier'),(23608,'George Sloan'),(23672,'Marcus Robbins'),(23916,'Yvette Harrison'),(24016,'William Johnson'),(24191,'Kate Farfalla'),(24341,'Dell Robertson'),(24352,'Lou Opp'),(24443,'Earl Boyd'),(24509,'Glen Summerhill'),(24541,'Guy Henry'),(24559,'Clifford Forrester'),(24742,'Joseph Gable'),(24762,'Mary Garcia'),(24769,'Milton Kissler'),(24824,'Robert Kintzer'),(24870,'Sue Farris'),(25091,'Eric Hembree'),(25256,'William Combs'),(25264,'Jerry Hillin'),(25298,'Nella Bogue'),(25544,'Wade Bronder'),(25560,'Jerome Hesler'),(26074,'Ella Bailey'),(26131,'Candy Chinzi'),(26291,'Joanne Tewani'),(26353,'Sandy Miller'),(26655,'Miguel Olivarez'),(26701,'William Moye'),(26748,'Johnathon Gonzalez'),(26899,'Brian Browder'),(26986,'Rose Neubauer'),(27209,'Nancy Perry'),(27366,'Benjamin Monigold'),(27371,'Richard Woodrow'),(27435,'Maria Czachorowski'),(27440,'Mable Bentley'),(27505,'Norman Jones'),(27546,'Sharon Martinez'),(27698,'Kenneth Kennedy'),(27751,'Mae Garcia'),(27777,'George Cote'),(27896,'Phil Hairston'),(27972,'Linda Taylor'),(28089,'Nakia Newman'),(28212,'Alan West'),(28282,'Margaret Elgin'),(28298,'Heather Lamoureux'),(28354,'Amy Peters'),(28583,'Glen Goetz'),(28614,'Gary Shon'),(28854,'Darron Jones'),(28870,'Felicia Corley'),(28961,'Rita Wright'),(28993,'Brandi Wray'),(29110,'Evelyn Williams'),(29390,'Kimberly Reyes'),(29542,'Robert Perez'),(29547,'Gabriela Ford'),(29623,'Juan Wimberly'),(29755,'Jason Vojna'),(29943,'Tracy Kuhn'),(30005,'Teresa Ericson'),(30053,'Aleta Carter'),(30070,'Robert Winters'),(30274,'Laurie Conn'),(30533,'Anita Cormier'),(30561,'Bryce Jones'),(30630,'Nancy Hayes'),(30746,'Sheila Watkin'),(30840,'Kevin Brandl'),(30852,'Derek Wiseman'),(31016,'Juanita Liu'),(31019,'Becky Herron'),(31056,'Lolita Diaz'),(31168,'Delana Bartz'),(31260,'Cedric Stratton'),(31338,'Robin Fletcher'),(31849,'Cheri Hust'),(31863,'Robin Mailman'),(31865,'Autumn Lancaster'),(32080,'Theresa Maki'),(32201,'Marie Gurley'),(32225,'Richard Vanwoert'),(32328,'Glenn Burt'),(32335,'Gloria Mcgregor'),(32642,'Jerry Robertson'),(32761,'Edna Jones'),(32791,'Beverly Banh'),(32996,'Sharleen Cochrane'),(33040,'Juanita Zettlemoyer'),(33062,'Gloria Mitchell'),(33141,'Marion Wan'),(33441,'Jeffrey Rozek'),(33478,'Janet Sellers'),(33548,'Susan Dunstan'),(33795,'Frances Francisco'),(33842,'Robert Luttrell'),(33870,'Mary Ramos'),(33901,'Lynn Jiron'),(33905,'James Johnson'),(33991,'Gwendolyn Solis'),(33996,'Holly Cribb'),(34100,'Keith Miller'),(34125,'Shoshana Barber'),(34129,'Georgia Hyde'),(34162,'Justin Willett'),(34473,'John Ali'),(34547,'Sharon Newcomb'),(34738,'Alexander Davis'),(34826,'Desiree Torres'),(34891,'Isabel Hernandez'),(34922,'Marietta Bivins'),(34980,'Elvis Johnson'),(35042,'Donna Peraza'),(35052,'Felton Hatt'),(35195,'Karisa Constant'),(35218,'Adrienne Dyer'),(35405,'Harry Larose'),(35496,'Kristen Wagner'),(35524,'Kenneth Hogston'),(35545,'Robert Coney'),(35681,'Deborah Weinberg'),(35857,'Joe Firpo'),(36157,'Rachel Trujillo'),(36568,'Lou Larsen'),(36600,'Paula Bez'),(36677,'David Roth'),(36705,'John Green'),(36807,'Annette Gracely'),(36876,'Anibal Trentman'),(36971,'Robert Aguirre'),(36972,'Megan Fleming'),(36989,'Gustavo Johnson'),(37013,'Spencer Rossi'),(37172,'Olivia Warren'),(37496,'Janet Reiser'),(37580,'Katherine Holte'),(37587,'Myra Bliss'),(37803,'Anna White'),(37857,'Elwood Stieger'),(37944,'Stephen Wylie'),(38103,'Jerold Neumaier'),(38292,'Lizeth Thorson'),(38379,'Oscar Cloud'),(38839,'Tyrone Ford'),(38921,'Tommy Lindsay'),(39139,'Chester Small'),(39155,'Vanessa Penney'),(39222,'Maria Shields'),(39249,'Dennis Paletta'),(39355,'Bryant Towery'),(39488,'Donna Winsley'),(39558,'James Warren'),(39793,'Paula Merrifield'),(39849,'Ethel Collins'),(39853,'Aura Cobos'),(39939,'Mary Dickson'),(40062,'Edmund Shrum'),(40156,'Wayne Keyes'),(40231,'Lorrine Morris'),(40296,'Thomas Goodwin'),(40345,'Zita Loh'),(40623,'John Foster'),(40668,'Rosa Pyle'),(40742,'Dorothy Houston'),(40848,'Abel Maurer'),(40907,'Judy Small'),(41067,'Lauren Steele'),(41082,'Randy Starns'),(41098,'Charles Adams'),(41294,'Christopher Collins'),(41300,'Roland Taylor'),(41379,'Tyra Greaves'),(41462,'Ann White'),(41742,'Stefan Ruffo'),(41747,'David Porcher'),(41775,'Kenneth Janelle'),(41786,'Aaron Demonbreun'),(41836,'Ruth Franklin'),(42061,'Christopher Anderson'),(42349,'Eric Vansickle'),(42387,'Catherine Jeffries'),(42417,'Faith Erickson'),(42457,'Martha Colby'),(42500,'William Mccollough'),(42521,'Raymond Beard'),(42651,'Elenore Barksdale'),(42662,'Earnest Smith'),(42734,'Charles Wachter'),(42845,'Shaina Wright'),(42854,'Catherine Parker'),(42903,'Lashawn Harne'),(42914,'Charles Rogers'),(42926,'Julia Dahms'),(42946,'Bobbie Bieniek'),(42959,'Aaron Mccarthy'),(42961,'Beverly Horvath'),(43008,'Michael Roberson'),(43125,'Justin Brown'),(43140,'Brittany Edwards'),(43145,'Shelia Bryan'),(43161,'Terrell Witte'),(43325,'Anita Dove'),(43437,'John Young'),(43446,'David Alegria'),(43662,'Melissa Fernandez'),(43696,'Alfredo Stratman'),(43698,'Kathleen Warnock'),(43857,'Devin Anderson'),(44106,'Marylin Ertz'),(44201,'Andrew Jones'),(44270,'Norma Weimer'),(44285,'Wayne Vargas'),(44315,'Tamara Bullock'),(44349,'Marie Copas'),(44356,'Katie Elizarraras'),(44614,'Dolores Robertson'),(44631,'Alfred Davis'),(44828,'Michael Hancock'),(44889,'Gail Ray'),(44890,'Anne Lingberg'),(45044,'Daniela Beckum'),(45051,'Sean Arteaga'),(45061,'Vicki Norman'),(45161,'Donald Mauch'),(45172,'Denise Chambers'),(45173,'Debbie Ester'),(45175,'Franklin Ramos'),(45514,'Brenda Combs'),(45614,'Heather Scott'),(45654,'Margaret Ford'),(45678,'Jeffrey Meyer'),(45770,'Willie Cannon'),(45779,'Elaine Hathaway'),(45835,'Eunice Magill'),(45837,'Judith Swensen'),(45970,'Angela Grinstead'),(45977,'Randall Douglas'),(45991,'Deborah Hill'),(46005,'Dorothy Crum'),(46050,'Nathanael Buchanan'),(46253,'Brandi Roeske'),(46308,'Karen Delgiudice'),(46407,'Gloria Kennedy'),(46565,'Zora Kelley'),(46668,'Gladys Hussey'),(46796,'Kaila Wilson'),(46949,'Carol Blankenship'),(46951,'Amanda Stephens'),(47028,'Robert Fine'),(47049,'Christine Larkin'),(47055,'Sheila Angotti'),(47056,'Joshua Smith'),(47122,'Walter Eck'),(47137,'Danny Burgo'),(47146,'Jason Mellerson'),(47227,'Thomas Bridges'),(47231,'Diane Nosal'),(47358,'Lillie Haynes'),(47370,'Dot Lee'),(47467,'Lori Hamlet'),(47763,'John Kornreich'),(47791,'Lawrence Chong'),(47810,'Lawrence Delgado'),(48159,'John Herman'),(48229,'Clifford Lynn'),(48301,'Clifton Wilson'),(48342,'Harold Davis'),(48436,'Fernando Padilla'),(48802,'William Mrotek'),(48839,'Charles Ward'),(48991,'Daniel Smith'),(49021,'John Miller'),(49167,'Donna Barr'),(49216,'Willie Steward'),(49246,'Thomas Young'),(49300,'Carol Thai'),(49381,'Dawn Swallow'),(49410,'Anja Vanzandt'),(49507,'Dorothy Napier'),(49619,'Maegan Parker'),(49733,'William Gonzales'),(49743,'Brian Ramos'),(49774,'Oscar Roberson'),(49834,'Violet Sattler'),(50061,'William Paul'),(50148,'Martha Pacitto'),(50289,'Robbie Manriquez'),(50313,'Ricardo Hamilton'),(50415,'Elizabeth Grier'),(50589,'Pablo Turner'),(50596,'Russell Pepper'),(50635,'Hazel Mendoza'),(50907,'Elvis Castellano'),(50940,'Donna Pearce'),(50989,'Jesse Kroll'),(51028,'Diane Carter'),(51135,'Teresa Shirley'),(51342,'Timothy Harris'),(51621,'Wesley Morton'),(51731,'Jerry Johnson'),(51734,'Natalia Lee'),(51739,'Lucille Disla'),(51929,'Paul Fink'),(51937,'Silvia Galloway'),(52189,'David Benson'),(52211,'Donna Cremeans'),(52230,'Gregory Nash'),(52589,'Timothy Watring'),(52622,'Nancy Roussell'),(52626,'Laura Mccarthy'),(52804,'Josh Frazier'),(52821,'Ernie Martin'),(52861,'Roberto Kearns'),(52983,'Lee Bradshaw'),(53007,'Annita Kleis'),(53290,'Irene Edgehill'),(53325,'Anthony Kurohara'),(53361,'Diana Bell'),(53415,'Christy Gossett'),(53473,'Norma Carpenter'),(53536,'Marie Gotay'),(53643,'Judson Williams'),(53646,'Jeffrey Reynolds'),(53674,'Georgia Smith'),(53709,'Maureen Gordon'),(53738,'Lauren Kauffman'),(53793,'Emmaline Saunders'),(53809,'Mary Rykert'),(54120,'Sterling Johnston'),(54201,'Floyd Koenig'),(54326,'Donna Ezell'),(54533,'Walter Fitting'),(54643,'William Cordero'),(54711,'Amy Payton'),(54928,'Nathan Morgan'),(55079,'Brandon Fernberg'),(55163,'Jacquelyn Hunt'),(55181,'Raymond Webb'),(55236,'Andrew Wyatt'),(55433,'Jennifer George'),(55679,'Van Hayes'),(55734,'Angelia Clemons'),(55976,'Thomas Horton'),(55980,'Carl Massey'),(56015,'Brett Robbins'),(56083,'Ken Bassett'),(56135,'Yvonne Coleman'),(56159,'Thomas Farrell'),(56236,'Tasha Hirsch'),(56273,'Mary Capley'),(56366,'Margarito Fraga'),(56378,'Jack Dickson'),(56531,'John Hill'),(56545,'Yvette Youngblood'),(56759,'Robert Bail'),(56782,'Roberto Lomeli'),(56865,'Alfredo Saucier'),(57083,'Laura Tyson'),(57124,'Thelma Hsu'),(57254,'Jorge Bellavance'),(57283,'Johnny Toca'),(57379,'Joseph Woodall'),(57410,'Judith Maroney'),(57459,'Viola Robinson'),(57502,'Barbara Dance'),(57561,'Joshua Delgado'),(57627,'Steve Carder'),(57717,'Jeremy Stanwick'),(58003,'David Martinez'),(58164,'David Osborn'),(58401,'Danna Brown'),(58469,'Jamie Bradley'),(58481,'Patrick Tom'),(58495,'Willis Spain'),(58817,'Roger Miranda'),(58894,'Michael Stephenson'),(58972,'Roger Wolverton'),(59061,'Dorothy Marshall'),(59087,'Robert Wilson'),(59091,'Mark Alderson'),(59366,'Herman Brito'),(59520,'Christina Taylor'),(59578,'Ashley Culligan'),(59739,'David Farrell'),(59813,'Paul Hogan'),(59874,'Billy Hampton'),(59964,'Jessica Elam'),(59993,'John Walker'),(60225,'Monique Gibbs'),(60287,'Roger Thompson'),(60596,'George Thomas'),(60677,'Sylvia Flowers'),(60802,'Willie Wells'),(60829,'Phillip Vincente'),(60871,'Sarah Andersen'),(61019,'Leslie Douglas'),(61195,'Marcella Adkins'),(61255,'Patrick Kendall'),(61265,'Kenneth Heintz'),(61270,'Norman Davis'),(61288,'Esther Pasillas'),(61342,'Mark Green'),(61697,'Darla Bierman'),(61760,'Jose Labelle'),(61808,'Robert Williams'),(61870,'Joshua Holt'),(61915,'Susanne Chen'),(62035,'Carolyn Campos'),(62076,'Virginia Stavis'),(62093,'Joe Madden'),(62142,'Frederick Curtin'),(62279,'Ralph Holler'),(62295,'Linda Radford'),(62723,'Linda Mayfield'),(62943,'Robert Waller'),(63056,'Gerald Holbert'),(63217,'Patricia Morrison'),(63274,'Cheri Brownell'),(63313,'Vincent Morlock'),(63348,'Marjorie Hamilton'),(63374,'Annie Rauf'),(63545,'Doris Potts'),(63727,'Jack Stein'),(63731,'Elmer Bledsoe'),(63736,'Amanda Brown'),(63737,'Floyd Adams'),(63769,'Grace Williams'),(63780,'Lillian Rivera'),(63857,'Judith Beckwith'),(63869,'Joshua Leblanc'),(63881,'Allen Lint'),(63922,'Nelson Ramm'),(63928,'Carol Stahl'),(64094,'Fannie Cuningham'),(64154,'Jesse Garcia'),(64193,'Michael Hill'),(64290,'Nelson Rea'),(64456,'Garnet Cordes'),(64667,'Jane Ramirez'),(64799,'Judith Young'),(64966,'Elsie Dipietro'),(65162,'Sherri Vinson'),(65168,'Sierra Connor'),(65187,'Brian Hubbs'),(65284,'Gina Adams'),(65296,'Kim Cosenza'),(65307,'Dawn Vanburen'),(65346,'Alfredo Oakley'),(65347,'Jean Smith'),(65577,'Latrice Davis'),(65666,'Diana Johnson'),(65875,'Rhonda Woodard'),(65929,'John Coleman'),(65966,'Jean Posey'),(66154,'John Mullens'),(66176,'Alicia Mcgehee'),(66194,'Charlotte Appleton'),(66217,'Arthur Talton'),(66233,'Vikki Battaglia'),(66314,'Brenda Brooks'),(66450,'Mary Simmons'),(66547,'Claudette Brown'),(66656,'Susan Dildy'),(66724,'David May'),(66885,'Clara Smith'),(66980,'Michael Barela'),(67094,'Nancy Camden'),(67178,'Sandy Holmes'),(67218,'Anthony Licata'),(67230,'Daniel Chavez'),(67378,'Veronica Mason'),(67395,'Steven Murphy'),(67461,'Patricia Gilfillan'),(67523,'Soledad Evans'),(67524,'Jared Kirschman'),(67611,'Lora Jackson'),(67871,'Alvin Whiteford'),(67897,'Nick Church'),(67903,'Nancy Seligman'),(67951,'Santos Jemison'),(67992,'Benjamin Lawson'),(68037,'Wendy Reimers'),(68055,'Justin Matthews'),(68093,'Mia Knudson'),(68152,'Paul Schaffner'),(68236,'Louise Lobur'),(68378,'Donald Robinson'),(68548,'Matthew Knowles'),(68645,'George Mcintosh'),(68650,'Celina Dougan'),(68660,'Julie Lucero'),(68697,'Russell Morell'),(68909,'Kevin Gomez'),(69046,'Thomas Crawford'),(69071,'Michael Szymansky'),(69146,'John Olson'),(69244,'Thomas Beyett'),(69316,'Kurtis Turner'),(69371,'Ahmed Blevins'),(69379,'Joan Pizer'),(69439,'Stacy Real'),(69765,'Marie Hartmann'),(69771,'Juan Bowman'),(69904,'Frances Cainne'),(69943,'Pattie Burlock'),(70109,'Beatrice Nelson'),(70298,'Amanda Jackson'),(70370,'Malika Numbers'),(70388,'Lillie Robertson'),(70394,'Charles Heck'),(70460,'Diana Rogers'),(70513,'Mabel Harper'),(70517,'Dennis Price'),(70951,'Beverly Boeke'),(70969,'Kenneth Ginkel'),(71415,'Clarence Stratton'),(71448,'James Masten'),(71473,'Veronica Franklin'),(71631,'Susan Zaller'),(71722,'Philip Perkins'),(71784,'Mark Zirin'),(71794,'Dorothy Feria'),(71919,'Craig Konowal'),(71996,'Willard Allen'),(72032,'Saul Kaufman'),(72258,'Barbara Hunter'),(72374,'James Figueroa'),(72531,'Essie Swayzer'),(72535,'Julie Fatula'),(72542,'Peter White'),(72732,'Ashley Harrington'),(72775,'Michael Pullen'),(72819,'Audrey Caldwell'),(72846,'Amanda Cody'),(72890,'Adrian Kolb'),(72976,'June Eggers'),(72990,'Noelia Mchale'),(73002,'Nicole Valencia'),(73047,'Theresa Thompson'),(73128,'Iona Keene'),(73179,'Audrey Martin'),(73300,'Kevin Garrett'),(73380,'Paul Shockey'),(73419,'Calvin Falck'),(73524,'Michele Nev'),(73635,'John Hope'),(73850,'Donna Taylor'),(73910,'James Haynes'),(73977,'Jessie Anderson'),(74070,'Haley Branam'),(74092,'Alex Tarbutton'),(74100,'Brenda Stowell'),(74318,'Leslie Ramos'),(74327,'Israel Powers'),(74335,'Brian Gibson'),(74464,'Crystal Fallon'),(74764,'Vito Johansen'),(74789,'Cindy Gambill'),(74864,'Michael Stein'),(74956,'Catherine Singh'),(75248,'Otis Mcneill'),(75280,'James Riggleman'),(75300,'John Smith'),(75411,'Antonio Richardson'),(75504,'Joseph Freeman'),(75546,'Gregg Segovia'),(75652,'Jena Jackson'),(75724,'Carolann Jeffcoat'),(75769,'Sharda Buzzard'),(75960,'Susan Ornelas'),(76067,'Katherine Corcoran'),(76069,'Jennifer Moore'),(76188,'Tony Gray'),(76235,'Abraham Graham'),(76280,'William Fortier'),(76487,'Alyce Nix'),(76522,'Edward Anderson'),(76551,'Nicole Parras'),(76598,'Cynthia Amidon'),(76648,'Jason Filson'),(76738,'Jean Chatman'),(76780,'Mary Valdez'),(76803,'Kristin Villa'),(76875,'Marvin Silvestri'),(76949,'Shaun Martin'),(77019,'Tracey Anderson'),(77053,'Allen Baldwin'),(77138,'Andy Geyer'),(77175,'Laura Steller'),(77213,'Samantha Mccary'),(77305,'Hal Tapia'),(77384,'Denise Harris'),(77414,'Jennifer Spivey'),(77478,'Kathryn Luna'),(77544,'William Spears'),(77558,'Joseph Washburn'),(77563,'Kristi Gaffney'),(77640,'Lisa Brockman'),(77738,'Janine Condren'),(77852,'William Daniels'),(77942,'Angel Pope'),(77984,'Gail Smith'),(78073,'John Davis'),(78288,'Christopher Pina'),(78385,'Barbara White'),(78440,'Thomas Torres'),(78491,'Jessica Ward'),(78611,'Clara Hunter'),(78786,'Armando Tuai'),(79020,'Richard Gutierrez'),(79182,'Malcolm Pope'),(79247,'Flora Long'),(79495,'Meagan Allen'),(79550,'James Cameron'),(79562,'Tommie Payne'),(79636,'Erwin Arnhart'),(79644,'Floyd Carpenter'),(79897,'Wanda Stansbury'),(80010,'Melody Martinez'),(80184,'Mark Hughes'),(80311,'Marlene Calvo'),(80315,'Matthew Young'),(80432,'Demetria Hansen'),(80542,'Wanda Hitt'),(80558,'Kimberly Radune'),(80561,'Andrew Hertzler'),(80856,'Troy Gearhart'),(80867,'Pamela Price'),(80920,'Clarence Bridges'),(81021,'Vernon Sharp'),(81048,'Linda Branham'),(81273,'Marsha Powell'),(81337,'Mary Mcdaniel'),(81431,'Vicky Pearce'),(81466,'Gerald Batters'),(81492,'Joseph Rodgers'),(81497,'Claude Numbers'),(81639,'Cecil Lewis'),(81747,'Deborah Hurst'),(82031,'Dorothy Qualls'),(82036,'Juan Chacon'),(82084,'Raymond Rogers'),(82109,'Bridget Likio'),(82249,'Jorge Tomsic'),(82258,'Bryan Gates'),(82566,'Lonnie Porter'),(82649,'Harriet Wilson'),(82808,'Joshua Mendez'),(82869,'Judy Hare'),(83015,'Larry Collins'),(83028,'Geraldine Bezanson'),(83085,'Brandon Kaszynski'),(83135,'Oren Brown'),(83385,'William Brown'),(83538,'Myron Hennessy'),(83752,'Diane Saas'),(83911,'Shelby Lloyd'),(83940,'Terry Monroe'),(83955,'Donald Melody'),(84002,'Janet Sullivan'),(84040,'Connie Malone'),(84161,'Richard Rakes'),(84214,'Diane Lohr'),(84218,'Mary Urreta'),(84222,'Blair Smith'),(84254,'Tracey Woods'),(84293,'Alexander Willis'),(84495,'Winston Bronsky'),(84503,'Lori Brown'),(84517,'Molly Fuller'),(84567,'Eric English'),(84584,'June Woodworth'),(84716,'Lawrence Harrison'),(84872,'Heather Bates'),(85141,'Elizabeth Sargent'),(85224,'Tiffany Lindley'),(85238,'Carla Ohara'),(85332,'Barbara Redding'),(85409,'Jacquelyn Rodriguez'),(85430,'Andrew Stanley'),(85449,'Nathaniel Mojica'),(85517,'Angela Holden'),(85528,'Melissa Maltba'),(85563,'Kim Elkin'),(85755,'Brian Dalrymple'),(85762,'Florence Hughes'),(85797,'Henry Peebles'),(85913,'Bradley Manygoats'),(85978,'Evelyn Loveman'),(86053,'Helen Livesey'),(86230,'Jesse Middleton'),(86289,'Mildred Vanderpool'),(86355,'Bryan Mayer'),(86407,'Mark Leach'),(86458,'Angela Nelson'),(86465,'Eva Dillehay'),(86630,'Miguel Case'),(86678,'Matthew Montgomery'),(86746,'Robert Sturgill'),(86786,'Natalie Peterson'),(86880,'Ruth Svoboda'),(86888,'Travis Glick'),(87072,'Danielle Watson'),(87360,'Karl Bennett'),(87379,'Robert White'),(87390,'Isabelle Kroells'),(87405,'Jamel Mcburrough'),(87683,'Dwight Reed'),(87795,'Shoshana Plessinger'),(87871,'Gary Bautista'),(87969,'Pam Williams'),(88076,'Rene Mccaslin'),(88116,'Leroy Dickson'),(88192,'Paul Sells'),(88292,'Sarah Crothers'),(88332,'Dorothy Thornton'),(88367,'Timothy Dolan'),(88492,'Jonathan Roney'),(88511,'Eileen Matyas'),(88653,'Joyce Lara'),(88839,'Lisa Hill'),(88888,'Shari Williams'),(88972,'Marianna Cullison'),(88991,'Loretta Dickerman'),(88995,'Lisa Lindsey'),(89072,'Frank Iversen'),(89287,'Gary Steinbach'),(89308,'Mary Schoepp'),(89451,'Lance Pinon'),(89687,'Wm Hottle'),(89746,'Alexander Johnson'),(89951,'Keith Bullen'),(90062,'Cheryl Ferkovich'),(90138,'Carl Hughes'),(90165,'Eric Dupont'),(90206,'Terry Mirza'),(90230,'William Hess'),(90353,'David Nelson'),(90462,'Carol Glaab'),(90630,'Mark Brown'),(90796,'Tracy Heiser'),(90895,'Jason Valdez'),(90949,'Joe Garcia'),(90950,'Brandy Levine'),(91062,'Carol Malone'),(91227,'Rosie Moulton'),(91665,'Kenneth Daniels'),(91830,'Elena Aleman'),(91900,'Sue Hoch'),(91971,'James Thibodeau'),(92077,'Jeff Thompson'),(92445,'Rebecca Herrera'),(92513,'Marguerite Brooks'),(92528,'Felix Rouse'),(92591,'Jordan Anderson'),(92599,'Hubert Lechner'),(92628,'Vicki Smith'),(92646,'Latoya Taylor'),(92686,'Gary Hyde'),(92691,'Thomas Vaughn'),(92744,'Donald Ruiz'),(92850,'Reinaldo Boor'),(92925,'Irene Crenshaw'),(92943,'Eric Thomas'),(92984,'Amelia Maland'),(93045,'Adeline Brown'),(93263,'Nellie Raya'),(93486,'Gregorio Kindt'),(93531,'Darlene Powell'),(93650,'Johnnie Murphy'),(93658,'Byron Davidson'),(93780,'Robert Muniz'),(94010,'William Bell'),(94032,'Reynaldo Plantz'),(94042,'David Upton'),(94194,'Robin Oshey'),(94232,'Holly Howard'),(94233,'Nancy Pace'),(94244,'Sara Grayson'),(94260,'Shirley Tucker'),(94275,'James Garcia'),(94338,'Joe Pagan'),(94394,'Marilyn Reeder'),(94503,'Ian Cahill'),(94609,'Tammy Brooks'),(94726,'Rochelle Brock'),(94765,'Hazel Hutchins'),(94826,'Julian Dore'),(94910,'Carol Andrews'),(94968,'Patricia Dullea'),(94976,'Helen Norton'),(95094,'Louis Williams'),(95153,'Lauri Hinson'),(95161,'Mark Kelly'),(95169,'Nickolas Prendergast'),(95257,'Nancy Wells'),(95346,'Clyde Spann'),(95441,'Andrew Lowery'),(95580,'Theresa Davidson'),(95778,'Shanna Aguiniga'),(95952,'Susan Keane'),(95964,'Vicki Villani'),(96072,'Timothy Farrar'),(96078,'Lynda Sepulveda'),(96112,'Martha Bell'),(96204,'Stacey Ackerman'),(96276,'Cara Ruch'),(96388,'Frank Conditt'),(96412,'Anita Morgan'),(96463,'Jennifer Prost'),(96688,'Royce Kean'),(96722,'Roy Swofford'),(96864,'Julian George'),(96989,'David Green'),(97515,'Shirley Pitts'),(97653,'Vera Dillon'),(97756,'Fredrick Trundle'),(97792,'Alice Marlow'),(97833,'Melvin Ford'),(97904,'Marie Cornwell'),(97931,'Ruth Bennett'),(97958,'Lawrence Jackson'),(98077,'Carolyn Aber'),(98081,'Donna Bellew'),(98776,'Eleanor Ellis'),(98781,'Bert Massey'),(98872,'Margaret Pritchett'),(99112,'Dawn Evans'),(99165,'Cindy Metcalfe'),(99225,'Patrick Lewis'),(99429,'Kandi Carrigan'),(99489,'Edith Burt'),(99589,'Ryan Birchall'),(99644,'Angie Jovich'),(99748,'Jerome Cummins'),(99813,'Marilyn Durham'),(99888,'Margo Hernandez'),(99942,'Stephanie Walker'),(99994,'Tiffany Brown'),(1001334,'Jose Thomas'),(1019451,'Alva Elliott'),(1020764,'Joe Finch'),(1031842,'David Mccorrison'),(1032746,'Jeffrey Trottier'),(1053202,'Pat Frazier'),(1090316,'Brady Stuckey'),(1097332,'Dario Jenkins'),(1103869,'Alice Walker'),(1105875,'Yvonne Wall'),(1107163,'Craig Jimenez'),(1118149,'Joy Davis'),(1131289,'Denise Delgado'),(1147316,'Everett Farkas'),(1157075,'Noemi Herring'),(1161467,'Debra Salcido'),(1163906,'John Mcginnis'),(1166188,'Jason Nunes'),(1168927,'Anne Hawkins'),(1171796,'Joann Kelley'),(1176305,'Laura Brown'),(1181201,'Robin Gerace'),(1216593,'Jerry Miller'),(1230390,'Brandi Friesen'),(1236751,'Martin Knaebel'),(1248971,'Lisa Blount'),(1252600,'Jeffery Herrera'),(1253703,'Ethel Bell'),(1268313,'Shelia Harris'),(1269879,'Christy Martin'),(1270368,'Marilyn Bowens'),(1280406,'Scott Sprow'),(1281104,'Rebecca Trice'),(1303154,'Julie Grieco'),(1323902,'Marvin Cortez'),(1338759,'Elizabeth Womack'),(1352307,'Thomas Lee'),(1364100,'Ella Kluemper'),(1377824,'David Garfinkle'),(1380256,'Keith Moses'),(1383257,'Alexa Tennyson'),(1401822,'Rosemary Allen'),(1401887,'Patrick Livoti'),(1409685,'Herbert Corpuz'),(1412318,'Jesus Blankenship'),(1415840,'Jessica Swift'),(1423501,'Vicki Noel'),(1426535,'Laura Page'),(1428658,'Hugo Grimes'),(1449922,'Alex Lynch'),(1475338,'Hans Mathews'),(1493114,'Patricia Smith'),(1518504,'Martina Soukup'),(1527019,'Alice Whittle'),(1533002,'Lori Jones'),(1534045,'Violet Ebling'),(1534487,'George Kearney'),(1552177,'Henrietta Smith'),(1553352,'Mary Loose'),(1593494,'Thomas Coffin'),(1616011,'Reginald Altman'),(1626276,'Lisa White'),(1628573,'Mary Baccus'),(1629694,'Duane West'),(1655693,'Paul Stewart'),(1670180,'David Ramires'),(1673315,'Diane Vercher'),(1675636,'Paul Weaver'),(1677713,'Nancy Stafford'),(1682902,'Mary Dean'),(1701177,'Michael Spade'),(1706270,'Samantha Buzby'),(1744716,'Jenette Phillips'),(1752668,'Patrice Mondragon'),(1760723,'Ruth Schermerhorn'),(1767991,'Emily Broddy'),(1775958,'Michael Knotts'),(1777148,'Jacklyn Allen'),(1813228,'Richard Villa'),(1820111,'Linda Minutillo'),(1822686,'Frederick Soto'),(1823435,'Rene Buckner'),(1825425,'David Oldham'),(1831944,'Brooke Neal'),(1845095,'Pat Diaz'),(1846839,'Jose Bowie'),(1848648,'Roger Reid'),(1849775,'Gordon Wolley'),(1856840,'Paula Mix'),(1858300,'Denise Herrington'),(1861354,'Andre Holyfield'),(1870206,'Daniel Mair'),(1886964,'Alma Brown'),(1897170,'Anne Perez'),(1898043,'Mable Kassler'),(1903639,'Shawn Ford'),(1905825,'Tiffany Friedmann'),(1911095,'Percy Gabrielsen'),(1922827,'Sabrina Acosta'),(1932368,'Annabelle Queen'),(1940446,'Edith Boone'),(1951064,'Rodolfo Blakes'),(1962440,'Dalia Hoglund'),(1964250,'Eunice Dorich'),(1976671,'Sarah Kraft'),(1985547,'Daphne Downing'),(1997063,'Lilly Roberson'),(2010776,'Doris Hall'),(2011418,'Oscar Riedl'),(2018380,'Debra Johnson'),(2025077,'Paul Franklin'),(2027727,'William Hensler'),(2032380,'Natacha Salimi'),(2035089,'Vivian Belk'),(2037831,'Tommy Crocker'),(2046774,'Kelly Delk'),(2066844,'Suzanne Zajc'),(2066917,'Latrisha Gonzalez'),(2066980,'Wayne Cipriano'),(2068163,'Shellie Drinkwater'),(2079779,'Estela Thomson'),(2090630,'Nancy Leopold'),(2093749,'Hilda Wiggins'),(2137853,'Sylvia Akers'),(2146421,'Elaine Arguellez'),(2169966,'Claudia Icardo'),(2174300,'Paul Larose'),(2185000,'Nickolas Kelly'),(2197939,'Annie Foster'),(2206119,'Estelle Taylor'),(2232261,'Katherine Puente'),(2234053,'Michael Hutchison'),(2241435,'Edna Perry'),(2242352,'Joseph Elem'),(2242812,'Caitlin Robare'),(2245906,'Kimberlee Mitchell'),(2274478,'Joshua Denton'),(2280905,'Dorothy Riley'),(2288669,'Agnes Parker'),(2293017,'Michael Donaldson'),(2305488,'John Gutierrez'),(2324660,'Lidia Graves'),(2326890,'Hilda Miller'),(2329606,'Zina Sandoval'),(2335429,'James Turgeon'),(2347454,'Charlotte Bailey'),(2353080,'Jeanette Lee'),(2358084,'Virgil Stanley'),(2374913,'Jerry Glaze'),(2378912,'Brandon Young'),(2388566,'James Catt'),(2396149,'Jeff Newman'),(2400194,'Cora Goe'),(2402117,'Rita Mathis'),(2420917,'Charles Jones'),(2431922,'William Hunter'),(2435970,'Zachary Timko'),(2442501,'Rogelio King'),(2457552,'Tammy Trull'),(2460645,'Jerome Harrell'),(2462840,'Bryant Lewis'),(2480879,'Marvin Butler'),(2484992,'Ebonie Hoffman'),(2493388,'Vickie Smith'),(2503081,'Patsy Cummings'),(2515312,'Alicia House'),(2529560,'Sheri Johnson'),(2558367,'Gerald Nichols'),(2569370,'Cora Tesoriero'),(2569908,'Daniel Ereaux'),(2619027,'Rodney Jones'),(2623054,'Jim Weeks'),(2626597,'Robert Betts'),(2636183,'Margaret Harne'),(2651046,'Mona Jones'),(2657109,'Heriberto Vinson'),(2664693,'Pedro Stewart'),(2669540,'Martina Wuertz'),(2672961,'Ellen Whitt'),(2675274,'Marion Mason'),(2684106,'Ken Ivie'),(2694081,'Vicente Turner'),(2695054,'Rufus Howard'),(2697968,'Lillian Priest'),(2700603,'Benny Henderson'),(2711470,'Amber Corvera'),(2714272,'Jorge Hall'),(2716819,'Zachary Quintero'),(2722974,'Michael Hayes'),(2724226,'Kristi Tarkington'),(2725645,'Arthur Hill'),(2728547,'Sharon Cucco'),(2732783,'Larry Frazier'),(2741335,'Nancy Will'),(2744466,'Richard Snyder'),(2751721,'Michael Villanueva'),(2755270,'Al Powell'),(2770900,'Shanna Almodovar'),(2785186,'Harold Hanson'),(2787688,'Mary Garcia'),(2804675,'Leo Berube'),(2812975,'Michael Hoyle'),(2813228,'Mary Ardizzone'),(2819752,'Richard Pratt'),(2848058,'Valerie Jung'),(2869192,'Alice Campbell'),(2869967,'Eileen Flores'),(2877081,'Manuel Toolson'),(2878770,'Rachael Cook'),(2893987,'Karen Burdick'),(2895803,'Diane Burton'),(2917416,'Louis Barnes'),(2930871,'Michael Lang'),(2933659,'John Sawyers'),(2937636,'Hazel Philip'),(2938150,'Naomi Reed'),(2953824,'Maria Christopher'),(2959011,'Amada Grant'),(2966492,'Kelly Rosario'),(2977045,'Jarvis Blanks'),(2988275,'Antoine Austin'),(3007990,'Timothy Shannon'),(3055102,'Nora Banks'),(3072230,'Mark March'),(3080505,'Nicole Melgarejo'),(3108647,'Rita Savell'),(3113938,'Stephen Montgomery'),(3121796,'Megan Lopez'),(3123761,'Minnie Ballard'),(3138216,'Gregory Robertson'),(3141429,'Judith Chan'),(3146837,'Karissa Grisham'),(3147765,'Thomas Crudup'),(3169273,'Gloria Schroeder'),(3170828,'Jeffrey Gaylor'),(3197785,'Louis Simeon'),(3223902,'Heather Urbancic'),(3224455,'Dorothy Barton'),(3230492,'Robert Poll'),(3246877,'Earl Finch'),(3252044,'Margaret Scott'),(3264583,'Maria Talley'),(3268941,'Wendy Winkelman'),(3269073,'Lisa Molleda'),(3270992,'Joann Theiss'),(3276570,'Michael Lyons'),(3277728,'Lee Anderson'),(3278943,'Patricia Robinson'),(3286595,'Russell Jones'),(3312303,'Adam Micale'),(3317533,'Philip Allen'),(3333191,'Shanae Suarez'),(3340949,'Danny Nelson'),(3348329,'Gloria Doucet'),(3349919,'Gale Schiavo'),(3353627,'John Word'),(3368678,'Milton Doyle'),(3374957,'Vincent Ferreira'),(3375808,'Humberto Lauer'),(3381402,'Harvey Banta'),(3385223,'Freddy Viola'),(3385889,'Irene Cabral'),(3395057,'Edward Frasier'),(3403609,'David Brooks'),(3405287,'Emerson Gossett'),(3407201,'Charmaine Ebeid'),(3416182,'Shirley Daniels'),(3448865,'Suzanne Martinez'),(3450013,'Edna Seed'),(3466643,'Adriana Campbell'),(3499958,'Crystal Battle'),(3507372,'Wilda Breuer'),(3514978,'Mable Wade'),(3522380,'Kimberly Girven'),(3529908,'Steven Hunt'),(3530014,'Dan Tribbett'),(3547322,'Jana Stein'),(3554244,'Jackson Bradley'),(3554742,'Megan Andrade'),(3557926,'Sandra Dawson'),(3574000,'Chong Dewar'),(3575184,'Frank Hamilton'),(3590054,'Steven Romero'),(3599840,'Elizabeth Bialczyk'),(3606808,'Brian Davis'),(3629557,'Norma York'),(3644435,'Merry Bowman'),(3646466,'Lawrence Gustin'),(3647153,'Dianne Stewart'),(3665358,'Donald Daly'),(3673150,'Kenneth Hammond'),(3673815,'Ronald Mcknight'),(3683598,'Antione Brubaker'),(3692109,'Howard Hughes'),(3692903,'Larry Anderson'),(3694821,'Kay Venson'),(3695988,'Dennis Taylor'),(3695991,'Brittney Hollar'),(3729266,'Wendy Jones'),(3740373,'Donna Stelle'),(3747582,'Myrtle Perry'),(3747697,'Thanh Dore'),(3750068,'Jeffrey Ivey'),(3758626,'Elizabeth Paul'),(3773733,'Joanne Vesely'),(3794742,'Susan Pepper'),(3810409,'Robin Holiday'),(3813231,'David Case'),(3815969,'James Lambert'),(3817732,'Catherine Hirschfeld'),(3824069,'Lindsay Owens'),(3828528,'Kevin Crossland'),(3844329,'Annett Martinez'),(3852618,'Larry Geier'),(3856362,'Mary Acker'),(3856843,'John Hanrahan'),(3860361,'Charlotte Aguilar'),(3865527,'Stephen Brown'),(3869557,'Jackie Kinnear'),(3871589,'Kurt Edgerson'),(3873150,'Geneva Percy'),(3876114,'Randolph Dronet'),(3894937,'John Allee'),(3909700,'Benjamin Vieira'),(3916952,'Ashlea Boone'),(3928607,'Loren Bates'),(3931815,'Christina Cancelliere'),(3938478,'Eugene Henley'),(3962086,'Thomas Unsworth'),(3990309,'William Cook'),(4005456,'Michael Weiler'),(4026180,'George Wood'),(4053276,'Ernest Ramirez'),(4072816,'Robert Shapiro'),(4078490,'Michael Lekwa'),(4078783,'Benjamin Penn'),(4086600,'Ronald Gillen'),(4099888,'Jesse Sanders'),(4104769,'Jody Wilson'),(4107191,'Debbie Senteno'),(4116106,'Vivian Manahan'),(4121334,'Mark Stavros'),(4125363,'Lily Polanski'),(4138241,'Charles Robinson'),(4155483,'Rosalie Abdul'),(4159919,'Brenda Garey'),(4165622,'Scott Parker'),(4194371,'Hershel Koch'),(4207770,'Robin Crump'),(4228603,'Billy Huskey'),(4257584,'Harry White'),(4266567,'Kimberly Senn'),(4288248,'Mary Beauchamp'),(4293480,'Jack Blackaby'),(4293924,'Patricia Rayome'),(4296914,'Julia Caraballo'),(4302630,'Todd Wittwer'),(4308831,'Linda Vogel'),(4317622,'Benjamin Cavender'),(4318455,'Michael Prok'),(4341578,'Steven Martin'),(4348504,'Benito Clay'),(4358071,'Margaret Garcia'),(4358231,'Joel Slaughter'),(4374522,'Gladys Bates'),(4382087,'Evalyn Bradshaw'),(4387878,'Jacqueline Polk'),(4391517,'Nicole Catanzaro'),(4402940,'Jennifer Conte'),(4405920,'Ronald Leahy'),(4409024,'Catherine Hopkins'),(4421163,'Jim Overmyer'),(4424947,'Grace Murphy'),(4442075,'John Armstrong'),(4452025,'Michael Williams'),(4454806,'Peter Eastman'),(4464633,'Janetta Williamson'),(4472473,'Stephen Clemente'),(4481390,'Marisa Mcdaniel'),(4482584,'Guillermo Haney'),(4486939,'Robyn Smith'),(4487385,'Ray Chacon'),(4505526,'Brian Kempf'),(4507593,'Kim Cauthen'),(4508922,'Loyd Irwin'),(4517874,'Jose Dellosso'),(4520697,'Christine Dunning'),(4579357,'Sharon Vaca'),(4581154,'Terry Beard'),(4593561,'David Avila'),(4596528,'Paul Good'),(4603900,'Fanny Devine'),(4609385,'Jimmy Goldman'),(4625594,'Tiffany Taggart'),(4627601,'Heidi Collins'),(4648584,'Shannon Hall'),(4651764,'Vivian Molinar'),(4652217,'Gary Wallace'),(4679946,'Jordan Phillips'),(4680785,'Rogelio Burgess'),(4688652,'Frank Jackson'),(4703813,'Howard Gaccione'),(4723753,'Rosie Sause'),(4726795,'Richard Delisle'),(4727552,'Russell Washington'),(4730507,'Shirley Gerdes'),(4736267,'Theodore Ulrich'),(4751368,'David Vanschaick'),(4756621,'Donald Johnson'),(4758206,'Joanne Kirk'),(4759702,'Peter Fantauzzi'),(4781229,'Anne Fritz'),(4791420,'Norman Clary'),(4791974,'Annie Sacco'),(4799375,'Aaron Dawson'),(4807963,'Anna Marusarz'),(4810483,'Santos Arteaga'),(4831029,'Marie Salcedo'),(4838149,'Brandi Austerberry'),(4841010,'Barbara Lewis'),(4846082,'Reginald Dess'),(4855994,'Lisa Le'),(4869125,'Winifred Tomlinson'),(4871987,'Roger Riles'),(4873617,'Wanda Lawrence'),(4898006,'James Massey'),(4910236,'Carl Hamilton'),(4919518,'Laura Parpan'),(4923228,'Nathan Alanis'),(4931984,'Herbert Racine'),(4947517,'Sue Mcmaster'),(4949030,'Stephanie Fuentes'),(4967589,'Helen Neilson'),(4981779,'Alexandria Wright'),(4987001,'John Tauber'),(4987263,'David Tillson'),(5007286,'Victoria Crawford'),(5009490,'Michael Smith'),(5010683,'Kenneth Coren'),(5028755,'Ivan Campbell'),(5044109,'Lacie Obrien'),(5045606,'Joseph Crenshaw'),(5049465,'Mark Boyett'),(5055808,'Elaine Bailey'),(5056934,'Catherine James'),(5065891,'Lesley Adcock'),(5081487,'Helen Hunt'),(5103064,'John Esqueda'),(5106942,'Jamie Tecuanhuey'),(5131839,'John Robbins'),(5137341,'Michael Smith'),(5149956,'Pedro Graham'),(5157183,'Mary Smith'),(5158174,'Larry Polito'),(5164827,'Jamie Paul'),(5179142,'Tracy Correll'),(5202932,'Kimberly Cook'),(5206051,'Stephanie Post'),(5223743,'Sandra Gutierrez'),(5224897,'Benjamin Jarrell'),(5242781,'Maria Callen'),(5244233,'Melissa Todd'),(5256265,'Douglas Smith'),(5264438,'Myron Pullen'),(5287492,'Cora Favela'),(5309297,'Laura Battle'),(5311461,'Thomas Burnette'),(5323820,'Richard Dyer'),(5343576,'Sharon Courtney'),(5351666,'Jimmy Oram'),(5359435,'Bertha Hankerson'),(5365152,'Richard Doran'),(5375101,'Michael Lewis'),(5431323,'Jeffrey Wiggins'),(5463297,'Alisa Hart'),(5467144,'Mary Young'),(5475797,'Maria Higgins'),(5483855,'Melisa Lessman'),(5493080,'Robin Nielson'),(5493831,'Katherine Robinson'),(5513802,'William Griffin'),(5523217,'Juanita Simmons'),(5530103,'Tracy Fortune'),(5542108,'Kelly Thibodeau'),(5553832,'Lorraine Banks'),(5581635,'Anthony Moore'),(5590857,'William Standridge'),(5593626,'Belinda Breheny'),(5595814,'Shelia Schiff'),(5596784,'Frank Roberts'),(5597210,'Jesse Dirden'),(5597792,'Mildred Kimmell'),(5601564,'Francis Ruiz'),(5606474,'Bethany Moon'),(5607222,'Leon Reyes'),(5609886,'William Londono'),(5612671,'Sabra Marable'),(5619558,'Douglas Goff'),(5627691,'Michael Burnett'),(5634079,'Kaitlyn Wilson'),(5637041,'Michael Carper'),(5643694,'Lawrence Chen'),(5649538,'Charlene Woods'),(5651294,'Nicole Hospelhorn'),(5660061,'Daniel Ayala'),(5677604,'Gerardo Polston'),(5690633,'Christie Carter'),(5690848,'Bob Burkhardt'),(5693340,'Joanna Traino'),(5693727,'Geraldine Wright'),(5698150,'Robert Foust'),(5700644,'Kendrick Kerr'),(5711169,'Jerri Rodriquez'),(5711539,'Edward Vinson'),(5715639,'Curt Lepe'),(5715904,'Deborah Howard'),(5726910,'Larry Mozak'),(5727639,'Curtis Harding'),(5740302,'Frances Cooney'),(5752294,'Barbara Windley'),(5774382,'Rhonda Hagen'),(5784509,'Dorothy Curry'),(5790038,'Larry Dawson'),(5808796,'Catherine Josephson'),(5814798,'Karen Sutphin'),(5830299,'Michelle Brooks'),(5838513,'Lewis Rupp'),(5851034,'Leslie Hardy'),(5858629,'Luis Hardesty'),(5861811,'Lois Jones'),(5872510,'Eddie Mcdonald'),(5875462,'Vivian Celestin'),(5888564,'Wendell Duke'),(5911012,'Mary Sweet'),(5914162,'Cynthia Kennedy'),(5929193,'Danny Worthy'),(5932716,'Sheila Zeigler'),(5948946,'Lynn Mcbride'),(5951646,'Sandra Edwards'),(5983689,'Rick Shafer'),(5985148,'Ben Snell'),(5996240,'Tommy Johnson'),(6025209,'Lawrence Olivera'),(6028483,'Viola Oconner'),(6031115,'Benjamin Pinkert'),(6034281,'George Pruett'),(6098497,'Sabrina Irwin'),(6109563,'Dawn Baker'),(6114984,'Diana Lasalle'),(6125460,'Julie Mcgwin'),(6128931,'Connie Lillpop'),(6138757,'Jeff Kulp'),(6143503,'Matthew Clennon'),(6182516,'Cassandra Franklin'),(6193601,'William Culpepper'),(6197886,'Linda Rojas'),(6199090,'Savannah Meyers'),(6204809,'Calvin Martinez'),(6222069,'Nancy Garvey'),(6225690,'John Frost'),(6230615,'Melissa Darnell'),(6255814,'Edward Little'),(6258310,'Stephen Derose'),(6277440,'Tara Mclaughlin'),(6284455,'Shirley Hamer'),(6287409,'Kathleen Davidson'),(6292160,'Arlene Colston'),(6292619,'Emily Hulsey'),(6295776,'Jeffrey Miller'),(6309390,'Ruth Correia'),(6316380,'Bobby Began'),(6321385,'Lawanda Poulin'),(6322497,'Shirley Duane'),(6352963,'Robert Padilla'),(6354528,'Gary Chalifoux'),(6358169,'Lamar Hunter'),(6372949,'David Garrison'),(6376527,'Linda Williams'),(6377840,'Roy Howard'),(6397280,'Daniel Rayl'),(6398190,'Milton Harris'),(6405412,'Richard Martin'),(6417881,'Herminia Schoen'),(6451739,'Ralph Gaietto'),(6469161,'Nicholas Paxson'),(6477281,'Lawrence Stackhouse'),(6500135,'Wanda Stephens'),(6500633,'Wendy Davis'),(6519740,'John Munoz'),(6537510,'Shirley Word'),(6541326,'Odell Mitchell'),(6550820,'Doris Watts'),(6564975,'Stanley Gratz'),(6573071,'Morgan Palmore'),(6588174,'Joanne Harren'),(6593276,'Jose Oyler'),(6594063,'Lester Pires'),(6613056,'Gina Townsend'),(6616813,'Vivian Gatesy'),(6618776,'Lori Scott'),(6619098,'Pete Mason'),(6621029,'Dominic Kahola'),(6626331,'Dave Santiago'),(6637111,'Estela Lopinto'),(6638404,'Mark Mance'),(6653079,'Randy Hysom'),(6656892,'Debra Hill'),(6657854,'Seth Pike'),(6658732,'David Szychowski'),(6664964,'Donald Huffman'),(6667202,'Sally Scott'),(6681015,'Kyung Manning'),(6699105,'Dean Current'),(6699440,'Arturo Pomeroy'),(6706411,'Michael Contreras'),(6706967,'Donald Hoskins'),(6727711,'Jeffrey Schramm'),(6742333,'Gladys Stanley'),(6751981,'Golden Jolin'),(6761983,'Donald Davignon'),(6777055,'Helen Ferguson'),(6789518,'Eugenio Benton'),(6796670,'Jennifer Dinh'),(6814179,'Joan Johnson'),(6814883,'Larry Smith'),(6821047,'Albert Yates'),(6826870,'Edward Williams'),(6832087,'Stanley Cox'),(6835505,'Trisha Palmer'),(6837281,'Lynn Hilliard'),(6857760,'Crysta Thompson'),(6858006,'Bradley Tyson'),(6861447,'Barbara Poulin'),(6867279,'Chad Pitcock'),(6883612,'Pamela Black'),(6895446,'Robert Lamb'),(6895951,'Janet Bally'),(6909372,'Cathryn Avila'),(6914791,'Kareem Bartlett'),(6916351,'Joan Kutner'),(6925420,'Brigitte Bellamy'),(6926215,'Jeffrey Stacy'),(6929596,'Marcie Everett'),(6931474,'Sherry Crawford'),(6940966,'Betsy Bartholomew'),(6945991,'Clay Singh'),(6952454,'Mary Ortega'),(6954907,'Hannah Krivanek'),(6966372,'Grace Brown'),(6996997,'Ronnie Carnahan'),(7018675,'Robert Sowers'),(7026294,'Kimberly Greene'),(7026928,'Bradly Luppino'),(7030590,'Manuel Wesler'),(7042928,'Evelyn Miller'),(7074376,'David Dewitt'),(7089702,'Jessica Good'),(7092555,'Sharon Dye'),(7101882,'Carlton Gomez'),(7102263,'Raymond Hassan'),(7103618,'Jesse Mccullin'),(7107698,'Craig Richard'),(7113097,'Tracy Jones'),(7138337,'Timothy Abbott'),(7152244,'Earnest Woolard'),(7160463,'Richard Tobe'),(7179532,'Jennifer Gust'),(7182246,'Forest Eichorn'),(7197869,'Stephanie Fields'),(7240695,'Lucila Flax'),(7246300,'Michele Kennedy'),(7247384,'Adina Aune'),(7250750,'Hillary Hill'),(7252271,'Dorothy Gomez'),(7265032,'Patricia Hawkins'),(7269962,'Dora Riggs'),(7276506,'Thomas Goldsmith'),(7279910,'Roger Bryant'),(7285597,'George Reed'),(7305686,'Lisa Jarecki'),(7309803,'Ronnie Coffin'),(7310968,'Charmaine Bartolet'),(7317463,'Frank Kelly'),(7319636,'Lois Warfield'),(7324978,'Timothy Bentson'),(7328314,'Charlie Johnson'),(7333229,'Ralph Montes'),(7342989,'Ernestine Glotfelty'),(7343951,'Mark Fuller'),(7351390,'Phillip Parlato'),(7361051,'Juana Panzarino'),(7361597,'Pedro Clay'),(7375177,'Eduardo Gordon'),(7405411,'Emery Reichenbach'),(7406868,'Pearl Fecteau'),(7425077,'Roxana Cofield'),(7425540,'Joshua Dilly'),(7440259,'Yong Mitchell'),(7453536,'Clara Owston'),(7458836,'Mary Hill'),(7469746,'Robin Wallace'),(7476080,'Walter Corpus'),(7511329,'Lloyd Komer'),(7517403,'John Gaston'),(7523807,'Robert Grant'),(7527585,'Sean Kitterman'),(7535952,'James Shaver'),(7544376,'Corey Bacon'),(7545572,'Thomas Welch'),(7556469,'Magdalena Ortega'),(7560904,'Bret Alanis'),(7567485,'Jean Adams'),(7570033,'Bennie Greene'),(7584589,'Sean Beltran'),(7605818,'Wendy Patterson'),(7611010,'Elsie Jones'),(7611450,'Julie Jurgenson'),(7620387,'Brittany Clark'),(7629074,'Glenn Rogers'),(7639661,'Karin Forrest'),(7650146,'Emma Goulding'),(7670664,'Edna Duncan'),(7689853,'Frank White'),(7698539,'Linda Seaton'),(7701473,'Robert Goff'),(7709058,'John Thomas'),(7710689,'Genevieve Anderson'),(7718885,'Gertrude Burton'),(7724500,'Caryn Chang'),(7736724,'Richard Martin'),(7736824,'Lilia Rivera'),(7774231,'Robert Skelton'),(7774285,'Larry Hernandez'),(7777524,'Beth Johnson'),(7801042,'Michelle Dales'),(7816589,'Raymond Mcdermott'),(7824430,'Beverly Nicley'),(7839373,'Tony Deleon'),(7840669,'Roy Patton'),(7854106,'Margaret Cook'),(7854886,'Maria Sylvester'),(7859906,'Douglas Mcmonagle'),(7871835,'Cynthia Batista'),(7872942,'William Warner'),(7874837,'Joshua Harris'),(7885293,'Iris York'),(7888338,'Rudy Harmeson'),(7890368,'Minnie Conner'),(7922886,'Cheryl Lucero'),(7925842,'Kevin Young'),(7932915,'Kathy Craig'),(7936723,'Shelton Walker'),(7942757,'Becky Jenkins'),(7944373,'Reba Ollie'),(7946155,'Paul Bush'),(7961627,'Mary Ramsey'),(7963259,'James Greene'),(7973963,'Angela Dixon'),(7987950,'Stephen Power'),(7988696,'Janice Whitesel'),(7989102,'Helen Colon'),(7996594,'Rosa Mitchell'),(8003683,'Randy Cowans'),(8006656,'Jonathon Rickett'),(8007692,'Beverly Teeters'),(8011328,'James Chappell'),(8011577,'Marquita Mach'),(8015637,'Cassandra Whitney'),(8017134,'Timothy Makris'),(8017191,'Matthew Gonzalez'),(8021898,'Charmaine Kash'),(8023840,'Christopher Mueller'),(8036268,'Thomas Carlson'),(8040063,'Irene Arellano'),(8040943,'Bradley Higgins'),(8043688,'Jean Thompson'),(8052090,'Ernestine Ahart'),(8054679,'Gary Evans'),(8055587,'Bobbie Madlock'),(8058070,'Lupe Cunningham'),(8059015,'Mercedes Martin'),(8069803,'Melanie Woods'),(8069875,'Marc Young'),(8072170,'Mark Mead'),(8078912,'James Granado'),(8079576,'Michelle Pino'),(8079995,'Lenora Panto'),(8086545,'Barbara Wright'),(8098530,'Yvonne Keller'),(8111917,'Debra Aslanian'),(8118265,'Debbie Davis'),(8123223,'Katherine Springer'),(8128488,'Hermila Morgan'),(8130147,'Susan Tello'),(8136648,'Luis Fields'),(8145319,'Sally Tomita'),(8182544,'Amanda Williams'),(8191125,'Kasey Gray'),(8196372,'Edwina Stewart'),(8211221,'Norma May'),(8211581,'Carol Lothrop'),(8214504,'Krista Stokes'),(8217312,'Ruby Benson'),(8219806,'Jefferson Adon'),(8223233,'Randal Malone'),(8232281,'Scott Hancock'),(8233994,'Debra Gould'),(8270764,'James Hancock'),(8273025,'Mary Corral'),(8273431,'Lynn Gonzalez'),(8276805,'Teresa Phillips'),(8281594,'Jimmy Matthews'),(8295972,'Brian Sampson'),(8296074,'Teressa Soehl'),(8296333,'Ronald Sembler'),(8307047,'Eileen Spivey'),(8313906,'Cinthia Sandau'),(8317675,'Constance Jeffery'),(8322668,'Kimberly Mitchell'),(8335295,'Olga Hernandez'),(8343007,'Melanie Harrell'),(8343164,'Ralph Dow'),(8354212,'Vivian Sutton'),(8365673,'Tim Ward'),(8376670,'Linda Smith'),(8387588,'Mary House'),(8401918,'Everett Khan'),(8402189,'Adriana Lofton'),(8413588,'Carole King'),(8413781,'Judith Galvin'),(8414322,'Caitlin Quella'),(8418939,'Marilyn Palmer'),(8419901,'Amanda Barrett'),(8433398,'Geraldine Pares'),(8436282,'Denyse Dulany'),(8463221,'Sarah Coney'),(8471929,'Jimmy Felty'),(8481013,'John Bishop'),(8503816,'Hedwig Johnson'),(8532537,'Charles Harris'),(8598377,'Chris Diller'),(8611445,'Isaac Combs'),(8612584,'Kelly Chapen'),(8614767,'Robert James'),(8625977,'Ricardo Fasheh'),(8627636,'Carmen Gorman'),(8636326,'Sylvia Latsha'),(8647307,'Corrie Wilder'),(8656231,'Larry Thomas'),(8657098,'Emily Bridges'),(8682168,'George Tabb'),(8686849,'Gayle Fields'),(8694457,'Bessie Porras'),(8696424,'Melody Davis'),(8742500,'Sandra Tankersley'),(8752507,'Felix Savic'),(8752530,'Donald Franklin'),(8759974,'Leslie Jung'),(8767182,'Maxine Brown'),(8780579,'Carrie Istre'),(8785885,'David Riess'),(8804824,'Lena Sipp'),(8809085,'Hedwig Johnson'),(8812014,'Lynn Merritt'),(8824967,'Betty Leblond'),(8840941,'Kenia Lawver'),(8848206,'Douglas Brewer'),(8851455,'Tanner Quinn'),(8852093,'Jonnie Hall'),(8858716,'Jimmy Pugh'),(8860566,'Sandy Thomas'),(8864896,'Robert Collins'),(8869633,'Mattie Jensen'),(8879651,'Jerry Vanderhorst'),(8883727,'Christopher Conroy'),(8890627,'Lillian James'),(8905312,'Susan Weaver'),(8918985,'Michael Winks'),(8944349,'Erick Adams'),(8951264,'Ronald Perkins'),(8959799,'George Voegele'),(8960884,'Daniel Matthews'),(8967383,'Sonja Hernandez'),(8970540,'Steven Mahaffey'),(8975646,'Nathan Johnson'),(8994951,'Shanice Horn'),(9004774,'Kenneth Mendoza'),(9006122,'Peggy Ancheta'),(9018857,'Bryan Kain'),(9021968,'William Piller'),(9022517,'Jade Johnson'),(9026135,'Helen Chester'),(9028966,'Kristina Foy'),(9029451,'Jeannette Chastain'),(9042670,'Barbara Ahmad'),(9074511,'Miquel Laflam'),(9075028,'Lauren Ybarra'),(9090727,'Steven Petitjean'),(9095323,'Kathleen Riffle'),(9101416,'Lori Alston'),(9103803,'Wayne Green'),(9114796,'James Hunter'),(9126051,'Kanisha Mack'),(9141676,'Jeffrey Ramirez'),(9142079,'Fannie Robinson'),(9142734,'Sterling Betance'),(9169553,'Kelsey Morris'),(9169729,'Veronica Adams'),(9178759,'Evelyn Smith'),(9181183,'Amanda Gauthier'),(9183306,'Sebastian Arroyo'),(9196874,'Tina Abbott'),(9197789,'Mary Bridgmon'),(9201760,'Kristen Mcduffie'),(9204804,'Frank Brennan'),(9209284,'Claudia Mulligan'),(9217025,'Ella Young'),(9232150,'Cara Smith'),(9240739,'Betty Murphy'),(9249333,'Cynthia Loveless'),(9279982,'Lucile Kostura'),(9282181,'Megan Birchfield'),(9294720,'Mike Henry'),(9302050,'Carole Johnson'),(9308853,'Tabitha Romie'),(9321032,'Dora Bradley'),(9342603,'Harold Michael'),(9355015,'Samuel Hayden'),(9361614,'Daniela Smith'),(9387162,'Cheryl Price'),(9400620,'Jean Ortiz'),(9414316,'Merlin Griffith'),(9418696,'Carol Crager'),(9428208,'Edward Singletary'),(9439541,'John Hawthorne'),(9447011,'Terence Emery'),(9448294,'Joseph Johnstonbaugh'),(9450549,'Peter Wilson'),(9452140,'Marcus Shoults'),(9456189,'Jon Bolton'),(9484195,'Pamela Rangel'),(9505166,'Jeffrey Carrion'),(9506942,'Claud Richardson'),(9556982,'Janell Taylor'),(9565328,'Joshua Miller'),(9576298,'Eric Harris'),(9588980,'Patrick Spencer'),(9589665,'Winnie Morris'),(9607076,'Gregory Bleiweiss'),(9616289,'Bobby Fruman'),(9642441,'Phillip Lambert'),(9643895,'Joseph Lapointe'),(9658883,'Audrey Eckart'),(9661248,'James Hendricks'),(9661615,'Walter Cotton'),(9665974,'Karen Pruett'),(9670906,'Darlene Mimnaugh'),(9677869,'Cynthia Dumond'),(9682125,'Alfred Rawls'),(9697712,'Gregory Gilbert'),(9698630,'Audrey Hancock'),(9701700,'Michael Brown'),(9704957,'Doris Shinabery'),(9711426,'Mamie Nolan'),(9741633,'Jeffrey Tiner'),(9749783,'Melba Crowley'),(9750444,'Jamie Meade'),(9751829,'Natasha Hanks'),(9751882,'Stanley Ryan'),(9752484,'Jay Hopson'),(9755076,'Edwin Hamilton'),(9758853,'Frances Brown'),(9771078,'Henry Gillespie'),(9783727,'Linda Carroll'),(9791442,'Karen Cough'),(9792769,'Nancy Mcclanan'),(9796276,'Jorge Dominguez'),(9799003,'Sarah Lopez'),(9800453,'Mary Higgins'),(9803938,'Edward Cassidy'),(9804388,'Greg Coleman'),(9806121,'Pedro Andre'),(9817586,'William Cole'),(9845431,'Kyle Magrath'),(9845760,'Robert Rash'),(9856587,'Brad Fogel'),(9859044,'Andrew Stoller'),(9882600,'Karen Lievano'),(9888240,'James Peterson'),(9905366,'Dominique Rhein'),(9912058,'Wesley Laird'),(9916924,'Linda Nutter'),(9921056,'Kathleen Grissom'),(9943154,'Donald Evans'),(9961979,'Florence Davis'),(9969038,'James Wheeler'),(9978094,'Ernest Robison'),(9979705,'Ronald Kinder'),(9982970,'Bonnie Legere'),(9997335,'Julius Penner');
/*!40000 ALTER TABLE `users` ENABLE KEYS */;
UNLOCK TABLES;

--
-- Table structure for table `users_phone`
--

DROP TABLE IF EXISTS `users_phone`;
/*!40101 SET @saved_cs_client     = @@character_set_client */;
/*!50503 SET character_set_client = utf8mb4 */;
CREATE TABLE `users_phone` (
  `user_ID` int NOT NULL,
  `phone_number` varchar(45) NOT NULL,
  PRIMARY KEY (`user_ID`,`phone_number`),
  CONSTRAINT `user_ID` FOREIGN KEY (`user_ID`) REFERENCES `users` (`user_ID`) ON DELETE CASCADE ON UPDATE CASCADE
) ENGINE=InnoDB DEFAULT CHARSET=utf8mb4 COLLATE=utf8mb4_0900_ai_ci;
/*!40101 SET character_set_client = @saved_cs_client */;

--
-- Dumping data for table `users_phone`
--

LOCK TABLES `users_phone` WRITE;
/*!40000 ALTER TABLE `users_phone` DISABLE KEYS */;
INSERT INTO `users_phone` VALUES (1002,'9892322233'),(1004,'9492322233'),(1004,'9496399233'),(1005,'9496322233'),(1020,'9496399200');
/*!40000 ALTER TABLE `users_phone` ENABLE KEYS */;
UNLOCK TABLES;
/*!40103 SET TIME_ZONE=@OLD_TIME_ZONE */;

/*!40101 SET SQL_MODE=@OLD_SQL_MODE */;
/*!40014 SET FOREIGN_KEY_CHECKS=@OLD_FOREIGN_KEY_CHECKS */;
/*!40014 SET UNIQUE_CHECKS=@OLD_UNIQUE_CHECKS */;
/*!40101 SET CHARACTER_SET_CLIENT=@OLD_CHARACTER_SET_CLIENT */;
/*!40101 SET CHARACTER_SET_RESULTS=@OLD_CHARACTER_SET_RESULTS */;
/*!40101 SET COLLATION_CONNECTION=@OLD_COLLATION_CONNECTION */;
/*!40111 SET SQL_NOTES=@OLD_SQL_NOTES */;

-- Dump completed on 2022-04-18  0:17:13
